player_name,total_minutes,seasons_count,last_team,last_league,last_position,reliability,npg_per90,npxG_per90,shots_per90,assists_per90,xA_per90,key_passes_per90,xGChain_per90,xGBuildup_per90,xG_per_shot,cluster,similarity_to_salah
Tijjani Noslin,1943,2,Lazio,Serie A,F S,High,0.2836240855374227,0.32639288475981204,2.542487338210467,0.18232976927405742,0.18572877444113045,1.3472144063027574,0.6443767223305914,0.2544125358463507,0.12953801005326776,4,0.9915538733757278
Ousmane Dembélé,2797,2,Paris Saint Germain,Ligue 1,F S,High,0.8824971400555645,0.6819053101523052,4.5080895571171755,0.46331099852917146,0.45039274481547226,3.302010132374571,1.3187591928497386,0.4471541936965155,0.17207705767347006,2,0.9699392900192603
Rafael Leão,4203,2,AC Milan,Serie A,F S,High,0.3227014877448357,0.3616287144157969,2.8079845873916303,0.22637268543294445,0.2652340811181562,1.6713047201113134,0.7638141569230608,0.3034538265593198,0.1409508472946651,2,0.9665551379491275
Pau Victor,273,1,Barcelona,La Liga,F S,Low,0.6593406593406593,0.9782031855986014,4.615384615384615,0.32967032967032966,0.2891158206122262,2.6373626373626373,1.4700257458857129,0.2483223775749678,0.21194402354636363,2,0.9638428296936687
Matias Fernandez-Pardo,3468,2,Lille,Ligue 1,F M S,High,0.2542997542997543,0.334620704190206,2.388206388206388,0.18243243243243243,0.19185736713901216,1.348894348894349,0.6541229560788199,0.23717626185884072,0.15643765008071536,4,0.962833061390951
Leroy Sané,1638,1,Bayern Munich,Bundesliga,M S,Medium,0.6043956043956045,0.596927796377913,3.6813186813186816,0.27472527472527475,0.3364428274005979,2.032967032967033,1.183247578913694,0.470666535669467,0.1621505357325077,2,0.9622476514134926
El Bilal Touré,339,1,VfB Stuttgart,Bundesliga,F S,Low,0.5309734513274336,0.4246979559549188,3.7168141592920354,0.2654867256637168,0.3244222511034624,1.8584070796460177,0.9096108911047995,0.2391185672475701,0.1142639738640615,2,0.961111000199525
Omar Marmoush,3359,2,Manchester City,Premier League,F M S,High,0.6051383678958171,0.4916261403490314,4.16589992214594,0.32486375539670176,0.299959157707121,1.6052091443131147,0.8400983950197675,0.21678867164736373,0.12632826300298267,2,0.9596928948006582
Fisnik Asllani,2429,1,Hoffenheim,Bundesliga,F M S,High,0.37052284890901604,0.35217553141732777,2.704816797035817,0.25936599423631124,0.20014672510605036,1.2597776862906547,0.7319561671197242,0.2468357845594874,0.13020309981928296,0,0.9574774445263724
Cody Gakpo,4728,2,Liverpool,Premier League,F M S,High,0.31149053991693587,0.34694048507378905,2.7535763728657128,0.1702814951545916,0.2408464808759667,1.7318874019381634,0.7559643029826244,0.2652367329466478,0.12674575272697805,4,0.9542890602946069
Amine Gouiri,3440,2,Marseille,Ligue 1,F M S,High,0.5491444488658973,0.47124239285148517,3.068046159968165,0.20891364902506962,0.2279321655521367,1.7966573816155986,0.7547655950681744,0.17874778938059827,0.15753795690010006,0,0.9513528311967666
Vinícius Júnior,5132,2,Real Madrid,La Liga,F M S,High,0.3693412559312615,0.3678709873027877,3.1701791134099944,0.2192963707091865,0.270593104785215,2.2198948403368526,0.8049782829322786,0.2819534190400727,0.14934025680008697,2,0.9462955985221115
Raphinha,4286,2,Barcelona,La Liga,F M S,High,0.5525635501938819,0.5603397373085579,3.7855450236966828,0.26658767772511843,0.4054186264430572,2.7337354588539418,1.221434760835537,0.45538084935806195,0.16983852387480874,2,0.9439192109061249
Harry Kane,4785,2,Bayern Munich,Bundesliga,F M S,High,0.8278745644599304,0.7454895918027137,4.394425087108014,0.25505226480836235,0.2532774494318389,1.4383275261324042,1.221817164948593,0.3667235311159689,0.23488391453376706,0,0.9428861721267078
Marcus Rashford,3174,2,Barcelona,La Liga,F M S,High,0.37409075164530653,0.37651193443947717,3.2421198475926567,0.29303775545549016,0.27267308556547326,2.107377900935227,0.7901567350518168,0.32841328045551366,0.12558394590681565,2,0.9428340828301469
Lautaro Martínez,4810,2,Inter,Serie A,F S,High,0.5581720680811378,0.6109918066969032,3.64280718116111,0.17626486360456983,0.21948515576210353,1.3975285614362323,0.9258585572590163,0.2805070022594876,0.16709956749444643,0,0.9421478030879991
Deniz Undav,3994,2,VfB Stuttgart,Bundesliga,F M S,High,0.6464879091955914,0.6879379061041674,4.54022043099194,0.20727093271919722,0.2297361722351748,1.4508965290343807,1.1439263645628799,0.3380634091340397,0.15596208281949753,0,0.9387233687788745
Jamal Musiala,2488,2,Bayern Munich,Bundesliga,F M S,High,0.49161800715765674,0.5546711419738322,3.5769448106988126,0.2373328310416274,0.30758672318952657,2.1105669617630434,1.2018055684884168,0.4893088322725756,0.16386873998002485,2,0.9373968383941128
Marcus Thuram,4249,2,Inter,Serie A,F S,High,0.5753077288816102,0.5133576858571262,2.995403877648053,0.21871202916160387,0.19267674930398812,1.4311374082096253,0.7814749779190614,0.22158314299116458,0.17335798257377746,0,0.9358073296285478
Luis Díaz,4897,2,Bayern Munich,Bundesliga,M S,High,0.5183203337565754,0.5049550231311686,2.954834028659532,0.3673136223471794,0.30852042501189225,2.2406130963177944,1.1874474278850011,0.47857178883863905,0.17114475164013937,2,0.9348779347443109
Hugo Ekitike,4458,2,Liverpool,Premier League,F S,High,0.5079574922458941,0.6540768923516459,3.628921543702649,0.23796206843951798,0.19424529228210388,1.2676056338028172,0.9607232334869348,0.23214676316592467,0.1909257037180485,0,0.9348319496409272
Bradley Barcola,4001,2,Paris Saint Germain,Ligue 1,F S,High,0.5618040715330108,0.6055876967343085,3.1683725115285117,0.22775840737824765,0.32216945230691013,1.9739061972781464,1.2269196634888633,0.4806776006196246,0.1919714530975134,2,0.9345576406324304
Gaetan Laborde,1845,1,Nice,Ligue 1,F S,High,0.34146341463414637,0.4623640057880703,3.6097560975609757,0.1951219512195122,0.24899802375130536,1.3170731707317074,0.7312419225529927,0.19817711249357317,0.16917354910558946,0,0.9328927339674344
Mateo Retegui,2435,1,Atalanta,Serie A,F S,High,0.7761806981519508,0.7115846179746994,3.8439425051334704,0.29568788501026694,0.20183167742752686,1.404517453798768,0.9881957018216289,0.26105785405825543,0.2217193407794604,0,0.9312402582482174
Kylian Mbappe-Lottin,5561,2,Real Madrid,La Liga,F S,High,0.6550850524791894,0.6851961496452944,4.9728555917481,0.1339124140427072,0.2670272099278218,1.9145855953673545,1.058952509601868,0.29133064819313115,0.18164573832986614,0,0.9312029753265886
Ibrahim Mbaye,1304,2,Paris Saint Germain,Ligue 1,F M S,Medium,0.2762966553562773,0.4004440297721603,2.443044110518662,0.2035870092098885,0.2199201007661199,1.628696073679108,0.9030892941026334,0.30755789844852827,0.15862355202504866,2,0.9282083570044025
Georges Mikautadze,3552,2,Villarreal,La Liga,F S,High,0.53352074802909,0.5994846681518236,3.0471184990527407,0.29701155044918415,0.23117735984331708,1.2815498380492574,0.9138640457658289,0.16420626768962204,0.22017024280215422,0,0.927743833224855
Abdessamad Ezzalzouli,4313,2,Real Betis,La Liga,F M S,High,0.26732216930404057,0.4004175739869633,2.825318789368567,0.22123214011368875,0.18770832490570297,1.216776770625288,0.6834587045008181,0.1931435145113779,0.14674906384455327,0,0.9253715387896165
Marco Asensio,1385,1,Paris Saint Germain,Ligue 1,F M S,Medium,0.3249097472924188,0.6230542333763,3.2490974729241877,0.32490974729241884,0.27774104072513994,2.144404332129964,1.1745928445904912,0.45521981929452415,0.2183352361474589,2,0.9180202408938787
Bryan Mbeumo,6095,2,Manchester United,Premier League,F M S,High,0.3825399172087522,0.3419794890915177,2.358441750443524,0.14303666469544649,0.2227413622604045,1.6798492016558246,0.6955212928434048,0.22536011464544914,0.17028549895741843,0,0.9172736267406578
Ademola Lookman,3736,2,Atalanta,Serie A,F M S,High,0.44491913335367717,0.49463813402938667,3.1199267622825757,0.10985657613671042,0.3042742918004777,2.05981080256332,0.8933013179428992,0.2951985940150746,0.1706901749465309,2,0.9169334431872238
Mason Greenwood,5354,2,Marseille,Ligue 1,F M S,High,0.41389690204439983,0.3425921142105026,3.9884610560642164,0.20694845102219991,0.24652468487382062,1.7609431832434466,0.8317973174420616,0.40065786815529353,0.14128143278433258,2,0.9167488338680857
Karim Adeyemi,2680,2,Borussia Dortmund,Bundesliga,F M S,High,0.47495392863126146,0.36974520378674786,2.5557044731110734,0.3317138549170715,0.3525199295528835,1.4776344446305911,0.9165224700686838,0.26208465599356173,0.14697091337382445,2,0.9162742356775342
Charalampos Kostoulas,309,1,Brighton,Premier League,F S,Low,0.5825242718446603,0.6573738946208676,6.116504854368932,0.29126213592233013,0.37283427723981794,2.9126213592233006,1.0182023287108801,0.14740655849714882,0.10747541451737994,2,0.915418565783173
Luca Koleosho,517,1,Paris FC,Ligue 1,M S,Low,0.5222437137330754,0.4755034930715824,2.959381044487427,0.17408123791102514,0.28818800566246017,1.3926499032882012,1.0048838584491087,0.42321275667480157,0.16067667053464582,2,0.914766869572245
Julián Álvarez,4469,2,Atletico Madrid,La Liga,F S,High,0.3726896273103727,0.3548213703571582,2.536107463892536,0.1636198363801636,0.2597975419969143,1.8134531865468133,0.8540454905176509,0.3489048296267556,0.18112300985615457,2,0.9116729891046184
Gabriel Martinelli,3335,2,Arsenal,Premier League,F M S,High,0.23181343543334493,0.3987138288810698,2.3118691263487645,0.22554820744865994,0.2124066810031884,1.4096762965541245,0.7357084439776311,0.2230541498996408,0.17173291513535147,0,0.9089823879816092
Mohammed Amoura,4461,2,Wolfsburg,Bundesliga,F M S,High,0.30465316020815436,0.3791604838859372,2.7464255039660483,0.23190016672561006,0.16868151843853477,1.1822361440913454,0.6316638111715089,0.19562268658843082,0.1542658638936139,0,0.9062826180974
Serge Gnabry,2496,2,Bayern Munich,Bundesliga,F M S,High,0.5433238636363636,0.4935315630990027,3.563565340909091,0.3995028409090909,0.3722987173874902,1.6459517045454544,1.2238166469747243,0.5860795275442465,0.14494210296329493,2,0.9060568492355138
Can Uzun,1815,2,Eintracht Frankfurt,Bundesliga,M S,High,0.5439677648731928,0.34928639125344696,3.3384688314766535,0.2559848305285613,0.18054992619890417,1.6105712254088647,0.6863299263568393,0.2575369234920664,0.11599551426581871,0,0.9047608744142713
Leandro Trossard,4595,2,Arsenal,Premier League,F M S,High,0.27344898559247277,0.3031502175795216,2.438988532784475,0.25580711555424873,0.23425588172867837,1.5524845633637165,0.6336498351905125,0.2337802572833619,0.12439673057862621,4,0.9041977294763278
Maximilian Beier,3647,2,Borussia Dortmund,Bundesliga,D F M S,High,0.41604130395629463,0.4279074181351418,2.2585099357627425,0.27015669088071076,0.2032650477008734,1.2157051089631987,0.7367295426358326,0.23061479969349252,0.18806441420158174,0,0.9038456130886556
Christian Pulisic,4130,2,AC Milan,Serie A,F S,High,0.357379219060225,0.38934762978557713,2.471872931833223,0.27796161482461945,0.268306091368016,2.3130377233620116,0.8400230867292641,0.3505356238155196,0.19235725786141616,2,0.9026446553502482
Alfon,1382,1,Celta Vigo,La Liga,F M S,Medium,0.3256150506512301,0.31910572056800085,2.9305354558610706,0.13024602026049203,0.20849955415113272,1.5629522431259046,0.6774109748883548,0.2507954186122385,0.10888990267283387,4,0.901540473899348
Gian-Luca Waldschmidt,633,1,FC Cologne,Bundesliga,F M S,Low,0.4265402843601896,0.6303173409536551,3.6966824644549763,0.7109004739336492,0.37458634568969784,1.990521327014218,1.306870043171808,0.43715970162567086,0.22879943480858436,2,0.8948205678625674
Antoine Griezmann,3942,2,Atletico Madrid,La Liga,F S,High,0.3297278436845778,0.3620653423732206,2.2766922540125614,0.2512212142358688,0.3004588428507796,1.8422889043963713,0.8657921654993079,0.37915001400413,0.17167695596609892,2,0.8906682618426118
Pavel Sulc,1562,1,Lyon,Ligue 1,F M S,Medium,0.5761843790012804,0.4725248572415411,2.535211267605634,0.17285531370038412,0.19874380987314047,1.267605633802817,0.8510356406453476,0.31303916977916424,0.1863848048008301,0,0.8903724477406322
Endrick,1572,2,Lyon,Ligue 1,F M S,Medium,0.286624203821656,0.4811592439002696,4.072452229299363,0.4179936305732484,0.30329485972572096,2.030254777070064,0.8273618427775563,0.1401227300951056,0.13040580293123102,2,0.8893411464320947
Ángel Correa,721,1,Atletico Madrid,La Liga,F S,Low,0.4993065187239945,0.673582211741338,4.244105409153953,0.12482662968099863,0.26010764354578997,1.7475728155339805,1.2938692100635434,0.48600005608532537,0.15871005708023028,2,0.8861517219176233
Sofiane Diop,3209,2,Nice,Ligue 1,F M S,High,0.3234178478738271,0.3324176741060763,2.1441405470153723,0.15571970453184267,0.18177200318123557,1.6530245557995606,0.7029929183915118,0.2832869077568034,0.17879761370580025,0,0.8861156520817891
Christian Kofane,1231,1,Bayer Leverkusen,Bundesliga,F M S,Medium,0.3655564581640942,0.5882806193831004,3.363119415109667,0.2924451665312754,0.16395448172157803,1.2428919577579203,0.817698652089659,0.13665144995254389,0.17492112136729385,0,0.8838076253031626
Stefan Schimmer,737,1,FC Heidenheim,Bundesliga,F S,Low,0.6105834464043419,0.7223449801088511,3.907734056987788,0.12211668928086837,0.2016305164503517,1.4654002713704206,1.0236782482048066,0.16927891821579014,0.18485008692368865,0,0.8834520736145327
Ferrán Torres,3118,2,Barcelona,La Liga,F M S,High,0.7449817203559357,0.7427869472662183,3.3337931985928124,0.21107815410084846,0.18632863630569127,1.185762571566531,1.064031384664317,0.22304907208260394,0.22464230165976018,0,0.8820423804039061
Mika Biereth,2306,2,Monaco,Ligue 1,F M S,High,0.5080291970802919,0.5148499666991896,2.3036496350364963,0.15766423357664233,0.2690248232579579,1.5591240875912409,0.9538839740257193,0.22515439509692853,0.22832104453497967,0,0.881721297993884
Andrej Kramaric,5056,2,Hoffenheim,Bundesliga,F M S,High,0.3082740213523132,0.3545267818913235,2.406138790035587,0.24822064056939502,0.15876072554913717,1.5013345195729537,0.6724966623856822,0.25152320300769127,0.19338239713860494,0,0.8787769765318506
Désiré Doué,3097,2,Paris Saint Germain,Ligue 1,F M S,High,0.3859011627906977,0.40271363714385,3.2376453488372094,0.2877906976744186,0.387511603358245,2.3873546511627906,1.1029307095680472,0.49736337155255295,0.12990617883272557,2,0.8786864993074388
Jeremie Boga,2370,2,Nice,Ligue 1,F M S,High,0.28356964136780655,0.3835210160393458,2.627189324437031,0.11676396997497916,0.2153277244990547,1.9683069224353629,0.7462772883527646,0.22768817254007362,0.14398183167182182,4,0.8766703340366262
Martin Terrier,1238,2,Bayer Leverkusen,Bundesliga,F M S,Medium,0.44847837693539777,0.4128239824731466,2.3865456486919383,0.14415376401494928,0.16898554892493514,1.3134009610250934,0.7751820637216494,0.3243266724276785,0.17380200410405366,0,0.8742018436700313
Khvicha Kvaratskhelia,3604,2,Paris Saint Germain,Ligue 1,F S,High,0.3794123198892594,0.3720748742116125,3.743157364877619,0.24916629962876735,0.35440001632993173,2.1405650286289557,0.9942887410125842,0.4935639794572052,0.1096052238654563,2,0.8734377198157006
Estêvão,854,1,Chelsea,Premier League,F M S,Low,0.2107728337236534,0.408270808080739,2.9508196721311477,0.2107728337236534,0.2968005406990892,1.6861826697892273,0.97668179278142,0.377524856770241,0.13835844051625046,2,0.8702063565549342
Dani Olmo,3330,2,Barcelona,La Liga,F M S,High,0.3908224771534124,0.37553063393343217,3.02158273381295,0.3266575928446432,0.28404179309668093,2.088275325685397,1.0575700430740949,0.5442427251876941,0.13550538617196137,2,0.8658962046098825
Lamine Yamal,5170,2,Barcelona,La Liga,F M S,High,0.3957163379913804,0.41072233759214155,4.54877889512864,0.4192242392581951,0.4729040937474615,2.433067781115319,1.2596596866472438,0.5953722032835732,0.102863677455025,2,0.864810521073936
Cole Palmer,5235,2,Chelsea,Premier League,F M S,High,0.2706236109295333,0.2993571614450389,3.2317950058831224,0.14511700875931496,0.24486784723032487,1.8355340567394431,0.8013182702676536,0.36043902555672247,0.14053386252193312,2,0.8641754536574389
Conrad Harder,886,1,RasenBallsport Leipzig,Bundesliga,F S,Low,0.3047404063205418,0.47531780036288246,4.266365688487585,0.3047404063205418,0.2860777613624897,1.4221218961625284,0.753820430357051,0.11615837642473104,0.11141046855066504,0,0.863613150874071
Said El Mala,1965,1,FC Cologne,Bundesliga,F M S,High,0.549618320610687,0.5416016279229225,3.3893129770992365,0.183206106870229,0.1917356630886784,0.9160305343511451,0.7898357557203934,0.15277935729454492,0.17003710187870907,0,0.859728716828291
Nicolas Jackson,3285,2,Bayern Munich,Bundesliga,F M S,High,0.509518080815229,0.6228622355544574,3.146274149034039,0.15922440025475904,0.1550065883913855,1.2546882740075014,0.845501914295613,0.18018273113072805,0.19656035309126618,0,0.8578769988244797
Victor Boniface,1340,2,Werder Bremen,Bundesliga,F S,Medium,0.50802610689716,0.6020461941296608,4.508731698712295,0.22226142176750752,0.15917591104002346,1.1906861880402186,0.7122247588414482,0.20409078709682596,0.1453157887771093,0,0.855932932322991
Mohamed Bayo,334,1,Lille,Ligue 1,F S,Low,0.5389221556886228,0.5388090542021269,2.694610778443114,0.2694610778443114,0.16900048106016513,1.0778443113772456,0.8320105316753159,0.12420099942448608,0.1999580267816782,0,0.854781561033783
Gonçalo Ramos,2340,2,Paris Saint Germain,Ligue 1,F S,High,0.481554491692481,0.804074814113529,4.308645451985356,0.14362151506617854,0.17772834900933415,1.2250070402703463,0.9557446962580719,0.26585341034909765,0.21427306977489302,0,0.8542534725855071
Malick Fofana,2340,2,Lyon,Ligue 1,M S,High,0.2666403318190796,0.27640902745932394,1.946474422279281,0.18664823227335575,0.20531862584567578,1.297649614852854,0.7187224353299225,0.32239054894226,0.14194732008802927,4,0.8515529453394848
Ayoze Pérez,3141,2,Villarreal,La Liga,F S,High,0.6298294211984253,0.5675519464768601,2.788307333430529,0.18370024784954073,0.16658497820029208,1.3974340282840063,0.8169958060481036,0.15860983708262105,0.21627034804992726,0,0.850555964290026
Cédric Bakambu,1203,2,Real Betis,La Liga,F S,Medium,0.38662682106836005,0.6264320351698304,3.378782218901755,0.21852820321255134,0.1471692298688231,0.8741128128502054,0.8990789404181365,0.26681303476297585,0.18450751437960472,0,0.8476814388992829
Francesco Pio Esposito,1535,1,Inter,Serie A,F S,Medium,0.41042345276872955,0.5783754880949612,3.3420195439739415,0.1758957654723127,0.12058697983088636,1.231270358306189,0.791572884720195,0.2108481057740578,0.1730616713890381,0,0.8473250392499544
Florian Thauvin,4520,2,Lens,Ligue 1,M S,High,0.3190869354055367,0.33802724641310383,2.561437591063623,0.1835842642059252,0.3009648234323354,2.412821758135017,0.7713279074701133,0.33062748600841435,0.16721832006780024,2,0.8472319436902412
Takumi Minamino,3245,2,Monaco,Ligue 1,F M S,High,0.2515047291487532,0.3604151251359891,2.1216680997420467,0.1418744625967326,0.24195534125473336,1.32201203783319,0.8109535598648538,0.23781435926519304,0.16945746565483677,0,0.8468491598928538
Morgan Gibbs-White,6010,2,Nottingham Forest,Premier League,F M S,High,0.32447943492016784,0.26194715774142185,2.181958649106026,0.1721727613862115,0.15543784565821248,1.4700905010668825,0.5232756595504103,0.22379638619839348,0.1237570854497529,4,0.845127605234051
Enes Ünal,292,1,Bournemouth,Premier League,F S,Low,0.6164383561643836,0.6216758928478581,5.8561643835616435,0.3082191780821918,0.16802707444621276,1.2328767123287672,0.8093441667494503,0.2881434125417512,0.10615752088396173,0,0.8449236209674196
João Pedro,4673,2,Chelsea,Premier League,F M S,High,0.3997194950911641,0.4159176116404326,2.326788218793829,0.2061711079943899,0.17836714269486248,1.115007012622721,0.6733856365178694,0.22956714730809064,0.2054932828602717,0,0.8437078394943388
Ansgar Knauff,2925,2,Eintracht Frankfurt,Bundesliga,D F M S,High,0.24919243193354867,0.2731218894562814,2.0073834794646976,0.17305029995385324,0.2502217851871436,1.3082602676511306,0.717055406644906,0.25613959371548517,0.14168283517164534,4,0.841504329003409
Michael Olise,4678,2,Bayern Munich,Bundesliga,M S,High,0.5266412940057088,0.4189212256085506,3.6565176022835395,0.6636536631779257,0.6095751578512856,3.2155090390104664,1.3683058463823898,0.6227934656081655,0.11473286858551263,2,0.8398131410606444
Antoine Semenyo,6439,2,"Bournemouth,Manchester City",Premier League,F M,High,0.3851463279955825,0.3564766293767251,2.8544312534511316,0.12424075096631694,0.14625007140682622,1.1616510215350635,0.6493815612719017,0.22054366272111015,0.1372457194226491,0,0.839773322890048
Armindo Sieb,1218,2,Mainz 05,Bundesliga,F S,Medium,0.3017321661389458,0.4202460815263074,3.4531570124790463,0.13410318495064258,0.15699152716932116,1.2739802570311043,0.6948013933475045,0.22932482535367477,0.12342956687305841,0,0.838991572443449
Sheraldo Becker,1971,2,Mainz 05,Bundesliga,F S,High,0.2336606840501185,0.32137725006472323,2.3670843210294614,0.19302404334575007,0.25251177320924806,1.1886217406027768,0.7262294590246099,0.1663545632146392,0.12996423127486462,4,0.838306071525907
Hamza Igamane,406,1,Lille,Ligue 1,F S,Low,1.1083743842364533,0.8336336111071808,5.320197044334975,0.22167487684729065,0.14703099345191947,0.8866995073891626,1.4551753773276002,0.5246853670609996,0.1566922435692201,0,0.8376429575263855
Allan Saint-Maximin,380,1,Lens,Ligue 1,M S,Low,0.7105263157894737,0.35220719496474456,4.973684210526316,0.7105263157894737,0.4770775569700881,4.5,1.1988751994887072,0.5079891115034881,0.07081414501936663,2,0.8359417629768625
Tim Kleindienst,2756,1,Borussia M.Gladbach,Bundesliga,F,High,0.48984034833091444,0.46129319632996324,2.449201741654572,0.2285921625544267,0.20130376194986271,0.9143686502177067,0.7237907187642829,0.1926135481098675,0.20855168163776397,0,0.8356291544437124
Nicolas Pepe,3980,2,Villarreal,La Liga,F M S,High,0.22967910083075418,0.3064735984424559,2.350545691480697,0.3127545202801759,0.3050308603120415,1.9889232774067438,0.7979689357918478,0.28392264344881946,0.14587107994069926,2,0.8356233280461708
Evan Ferguson,1118,2,Roma,Serie A,F S,Medium,0.32577633835016195,0.4000010354748498,3.0520099066488857,0.17146123071061153,0.1989467406869332,1.6288816917508098,0.6133233122548891,0.09412631530873229,0.13116381703285146,0,0.8343244702348708
Diogo Jota,1188,1,Liverpool,Premier League,F S,Medium,0.4545454545454546,0.773196741374153,3.8636363636363633,0.2272727272727273,0.1403259913521734,0.8333333333333333,0.9888653063469313,0.2300576797940514,0.20012150953213373,0,0.8337573833352546
Harvey Elliott,320,1,Liverpool,Premier League,M S,Low,0.28125,0.4690908677293919,4.78125,0.5625,0.35982382582733413,2.8125,1.1761861421400683,0.6196179238613695,0.0981105082832715,2,0.8331968987205332
Kamory Doumbia,3122,2,Brest,Ligue 1,F M S,High,0.23298117959840478,0.2518220338801008,1.9079269572518014,0.17631008185825228,0.19670175468601386,1.504932484432939,0.5834812329719641,0.20998115107815357,0.1362263721707691,4,0.8316998966894253
Ragnar Ache,1739,1,FC Cologne,Bundesliga,F S,Medium,0.36227717078780913,0.5694239219846637,2.6912018401380102,0.20701552616446234,0.15377079536725968,1.4491086831512365,0.6710579976130999,0.1822715278183629,0.2115872222930193,0,0.8315194810913236
Pierre-Emerick Aubameyang,2074,1,Marseille,Ligue 1,F M S,High,0.4339440694310511,0.6737361408198898,2.6036644165863065,0.21697203471552556,0.22291466687817627,1.171648987463838,0.8926976468457176,0.16094390883962756,0.2587645844556391,0,0.8314778331019226
Robinio Vaz,346,1,Marseille,Ligue 1,F S,Low,1.0404624277456647,0.7144078905182768,2.0809248554913293,0.5202312138728323,0.25108334753726946,1.5606936416184969,1.1598172695564397,0.5146021040619454,0.343312680721283,2,0.8291781938898526
Mohamed Meïté,1027,2,Rennes,Ligue 1,F S,Medium,0.4490238611713666,0.6277315190259909,3.3188720173535793,0.19522776572668113,0.1615331159286411,0.8785249457700651,0.7407463581226523,0.19757061275510102,0.18780585510935027,0,0.8287047163854443
Alejandro Garnacho,3461,2,Chelsea,Premier League,F M S,High,0.17251635930993456,0.3469256643850771,2.9803688280785243,0.1665675193337299,0.20800034216938096,1.766805472932778,0.784268044954712,0.3319672170687402,0.11756876974984254,4,0.8283954727871284
Harvey Barnes,3687,2,Newcastle United,Premier League,F M S,High,0.38274932614555257,0.3829267204832035,2.921832884097035,0.11320754716981132,0.17756192535764445,1.137466307277628,0.6417767251377319,0.18078949020276816,0.13185750398570265,0,0.827571632132648
Dango Ouattara,4316,2,Brentford,Premier League,F M S,High,0.2897735984054786,0.40111258415416856,2.428578729493535,0.14258700873920377,0.2450379267365019,1.2648847549445494,0.6446260699537103,0.13976539278206543,0.16393609964401765,0,0.8273658091921379
Leonardo Pavoletti,377,1,Cagliari,Serie A,F S,Low,0.47745358090185674,0.6605383313065815,4.297082228116711,0.0,0.3325240212228317,2.1485411140583555,1.3421472548865356,0.4684086487349369,0.15371787092751926,2,0.8272263026243705
Fabio Carvalho,399,1,Brentford,Premier League,F M S,Low,0.4511278195488721,0.529241010378626,2.706766917293233,0.22556390977443605,0.15240342377271868,0.9022556390977442,1.0795133888609427,0.39786894630668745,0.19552515105654797,0,0.8249507551581488
Kingsley Coman,1276,1,Bayern Munich,Bundesliga,M S,Medium,0.3526645768025078,0.2851075438350486,3.103448275862069,0.28213166144200624,0.3003572201981066,2.25705329153605,0.906380859355451,0.4658191166467801,0.09186798634684899,2,0.82375941338335
Fermín López,3004,2,Barcelona,La Liga,F M S,High,0.3522760220353726,0.36950883421011077,3.2879095389968107,0.42403595244998554,0.37242575442468684,1.8657581907799363,1.2109718944744534,0.6101703138308582,0.11254277166783969,2,0.8222610908401978
Darwin Núñez,1072,1,Liverpool,Premier League,F S,Medium,0.41977611940298504,0.5803199312406412,2.8544776119402986,0.16791044776119401,0.1462699718071398,0.9235074626865671,0.981993774462964,0.3033434474187444,0.20330162297057755,0,0.8199921751570385
James Maddison,1851,1,Tottenham,Premier League,M S,High,0.4376012965964344,0.286561008089945,1.8962722852512157,0.34035656401944897,0.2925458568566429,2.0421393841166937,0.7612731587896471,0.38125443488142086,0.15111807007820177,2,0.8193013524740279
Pablo Sarabia,788,1,Wolverhampton Wanderers,Premier League,M S,Low,0.34263959390862947,0.2486875641448092,1.9416243654822332,0.2284263959390863,0.2241002134080541,1.7131979695431474,0.609770937335824,0.2065358800000421,0.12808222257915666,4,0.8179301572605957
Jonathan Rowe,2357,2,Bologna,Serie A,F M S,High,0.22010869565217392,0.3346415647842071,3.130434782608696,0.1793478260869565,0.2486114666554267,1.4103260869565217,0.6519447960435292,0.16737288172842693,0.10599993529002465,4,0.8171271451077387
Antony,3867,2,Real Betis,La Liga,F M S,High,0.30061793687023325,0.28183327691019494,3.1164059455547513,0.19039136001781437,0.2602625587353799,2.1444079496743305,0.7500640608460309,0.3581829529930362,0.08940356325829535,2,0.8131287497524818
Pablo Pagis,1799,1,Lorient,Ligue 1,F M S,Medium,0.4002223457476375,0.3134904299169498,2.9516397998888273,0.2501389660922735,0.2376896787585982,2.151195108393552,0.5088831172358367,0.14487324772260793,0.13197484135754028,4,0.8050055319629073
Phil Foden,3853,2,Manchester City,Premier League,F M S,High,0.32409259788511,0.29929307623569135,2.5258645327236353,0.16976278936839098,0.2678383598942549,2.26864818519577,0.7948419630695714,0.40142247678829657,0.11874114996323529,2,0.8040152400586373
Sergio Camello,1960,2,Rayo Vallecano,La Liga,F M S,High,0.38497109826589593,0.3661349732644124,2.736416184971098,0.1352601156069364,0.1789234094687797,1.6751445086705203,0.5944659344335167,0.11169966960573471,0.13286083917714914,0,0.8036037772551613
Erling Haaland,5728,2,Manchester City,Premier League,F S,High,0.6813178324514308,0.7383016346279391,3.6881541848518786,0.18075779228303268,0.14552165000153386,0.8377428450040554,0.8866091368240154,0.1389026970267215,0.22586262286139658,0,0.8034902084471304
Samuel Lino,1580,1,Atletico Madrid,La Liga,D F M S,Medium,0.17088607594936708,0.34654038499663525,2.5632911392405062,0.22784810126582278,0.1979925307574906,1.2531645569620253,0.8125617296989017,0.373919490064624,0.13519353291226757,4,0.8027089881265776
Lennart Karl,1268,1,Bayern Munich,Bundesliga,M S,Medium,0.35488958990536273,0.5054596371872333,2.9810725552050474,0.35488958990536273,0.19808449155183902,1.6324921135646688,1.2581023282873847,0.6462427797177894,0.16955630157497667,2,0.8023491832938704
Giacomo Raspadori,1894,2,Atalanta,Serie A,F M S,High,0.41985645933014354,0.40663649465746143,3.3157894736842106,0.09688995215311005,0.158921485894881,2.1638755980861246,0.6895025670974021,0.2074904550940832,0.12268596193934611,0,0.8019814105135389
Kai Havertz,2462,2,Arsenal,Premier League,F M S,High,0.3969319271332694,0.619559239406828,2.6059443911792903,0.23298178331735378,0.16464395026568313,1.0613614573346117,0.7479531595078034,0.19452435400762014,0.23682162754330963,0,0.8006955849116214
George Ilenikhena,1015,2,Monaco,Ligue 1,F S,Medium,0.44969339086986143,0.5225932426613595,3.250056779468544,0.16352486940722236,0.13405870559938166,0.9607086077674313,0.7477348453174687,0.14532082007875124,0.17271242019284572,0,0.8001001493838036
Alexander Isak,3539,2,Liverpool,Premier League,F S,High,0.5506622739191824,0.5656438712953644,2.910643447858536,0.17548577960061856,0.15748557884561457,1.077119612721038,0.7630788984567033,0.11629023538034637,0.21740916823420806,0,0.7998067143045884
Marvin Ducksch,2477,1,Werder Bremen,Bundesliga,F S,High,0.25433992733144933,0.32451348232618976,2.579733548647557,0.2906742026645135,0.3655225975641234,2.2163907953169155,0.7032804942186388,0.18106721449894536,0.14713923376001106,2,0.7991409675761468
Bukayo Saka,4002,2,Arsenal,Premier League,F M S,High,0.24661588206280483,0.35724355617476133,3.0728338905025483,0.3206006466816463,0.43946414192694533,2.6733161615608045,0.7961095461386383,0.3170662101446168,0.12677693559316686,2,0.7975735778728208
Pedro,2011,2,Lazio,Serie A,F M S,High,0.4701044676594799,0.23143302388534792,2.660591242498333,0.14003111802622806,0.1980068066105028,1.8804178706379195,0.5970386134480855,0.274293227972031,0.13133307521415447,4,0.7964592099973072
Christoph Baumgartner,4419,2,RasenBallsport Leipzig,Bundesliga,M S,High,0.32069117001025044,0.46996013338158393,2.464489676380144,0.19329330795138383,0.12537434232103598,1.1641528774344707,0.6655094301419981,0.2423314308522081,0.19421325133807374,0,0.7960354499696288
David Brooks,2128,2,Bournemouth,Premier League,M S,High,0.12058126352674431,0.4098474031664976,3.153663815314851,0.13913222714624343,0.2604814099404575,1.8643718437596621,0.8053960315871642,0.24093877700746127,0.1279872126820534,4,0.7894132541719175
Florian Wirtz,4791,2,Liverpool,Premier League,F M S,High,0.23761000463177398,0.2750202500256621,2.363594256600278,0.26262158406669756,0.2509044197514384,2.1843446039833254,0.7775741783628562,0.4067370804137153,0.1399455223078303,2,0.7862548005751635
Yan Diomande,2507,1,RasenBallsport Leipzig,Bundesliga,F M S,High,0.4307937774232149,0.28828030198033844,1.9026725169525325,0.28719585161547667,0.3607494279661999,2.0462704427602714,1.0579449690263205,0.5173585167370877,0.15151335787520093,2,0.7855676497738389
Abdallah Sima,1922,2,Lens,Ligue 1,D F M S,High,0.36511156186612576,0.5094959952587048,3.243049755399117,0.19329435628206657,0.11380612566158606,1.0953346855983772,0.6517986848580568,0.16075102357459856,0.16471636224960143,0,0.7845360727136208
Fabio Silva,2686,2,Borussia Dortmund,Bundesliga,F M S,High,0.32789729354614844,0.3022585432840114,2.4280013879250517,0.32789729354614844,0.1854137506330803,1.1632546842470506,0.5869330247811776,0.19268757433421768,0.15607616462744436,4,0.7825898809754063
Steven Skrzybski,1313,1,Holstein Kiel,Bundesliga,F M S,Medium,0.3427265803503427,0.2237133148373853,2.1934501142421934,0.20563594821020564,0.2720842640088007,1.4394516374714394,0.633562557886568,0.28352848165125927,0.1019915216602385,4,0.7820011122269874
Marko Arnautovic,531,1,Inter,Serie A,F S,Low,0.6779661016949152,0.759999025297367,2.3728813559322033,0.3389830508474576,0.16943469643592834,1.1864406779661016,0.7931032499014321,0.2496805199879711,0.32028530351817613,0,0.7792030905255974
Lassine Sinayoko,5116,2,Auxerre,Ligue 1,F M,High,0.23587540279269603,0.30286548014582165,2.7415682062298603,0.20107411385606874,0.1796058624570691,1.3456498388829217,0.5192432917406429,0.14877834529540912,0.13466413459073046,4,0.7781783899686324
Iago Aspas,2833,2,Celta Vigo,La Liga,F M S,High,0.2537457709038182,0.21753853415631916,2.5229579507008215,0.2537457709038182,0.3014931728709588,2.1894635089415173,0.7400783721412502,0.37716493806128787,0.1588242088480774,2,0.7777851371536311
Son Heung-Min,2135,1,Tottenham,Premier League,F M S,High,0.2529274004683841,0.26913184052293976,2.4028103044496487,0.3793911007025761,0.381251972561279,2.149882903981265,0.792071843419477,0.28920642253386614,0.13871478939657672,2,0.7775384097086199
Juan Camilo Hernández,3795,2,Real Betis,La Liga,F S,High,0.3538729427624558,0.39114239653620053,3.11913722406336,0.096051227321238,0.1557004482794051,1.1425040723473572,0.6466722226421437,0.18604044943731118,0.13186206624451008,0,0.7753257439570141
Djibirin Harouna,286,1,Angers,Ligue 1,M S,Low,0.6293706293706294,0.39713343396991285,2.202797202797203,0.3146853146853147,0.19771939391022794,1.2587412587412588,0.582810701750271,0.14241666357208796,0.1802859716117382,0,0.7727874323495756
Enzo Millot,1863,1,VfB Stuttgart,Bundesliga,M S,High,0.2898550724637681,0.3855920196983261,2.1256038647342996,0.24154589371980678,0.14160742146381433,1.1594202898550725,0.7637457201338332,0.3530702746252795,0.19862571422179992,0,0.7714618673042106
Eldor Shomurodov,1082,1,Roma,Serie A,F M S,Medium,0.33271719038817005,0.47020127426991287,2.412199630314233,0.33271719038817005,0.15530361060583325,1.4140480591497229,0.5928218169499347,0.13277243576640893,0.1949263520153432,0,0.7703872299288378
Gerard Moreno,2066,2,Villarreal,La Liga,F S,High,0.3270348837209302,0.2861652904007571,2.793812292358804,0.07475083056478403,0.2846744677680003,1.7099252491694352,0.719842391971969,0.3717697154230861,0.1712684172602861,4,0.7696480141116246
Taiwo Awoniyi,804,2,Nottingham Forest,Premier League,F S,Low,0.5906480721903199,0.7729783236760404,2.8301886792452833,0.12305168170631664,0.17113331586146963,0.9351927809680064,0.9704085554349998,0.2329159104758056,0.27076033011653367,0,0.7694489707730858
Ricky-Jade Jones,344,1,St. Pauli,Bundesliga,F S,Low,0.5232558139534884,0.742274008171503,2.8779069767441863,0.0,0.36885859642372754,1.8313953488372092,1.1470689284506925,0.04608518606441657,0.2579214735464616,0,0.7676863066466497
Wesley Said,2971,2,Lens,Ligue 1,M S,High,0.4324130512728577,0.4407841429974538,2.3750448189315168,0.0645392613840086,0.21540456314899448,1.0778056651129435,0.7729158588167843,0.274695049839107,0.1938451044088128,0,0.7669850717356039
Nico Williams,3709,2,Athletic Club,La Liga,M S,High,0.24469820554649266,0.21896629442844204,2.4469820554649266,0.19032082653616098,0.20324334333579366,1.7944535073409462,0.583512624315492,0.22720871066807274,0.10630788363040237,4,0.766554725544486
Keinan Davis,3155,2,Udinese,Serie A,F S,High,0.23224229254380013,0.28421515645693296,2.236859975553443,0.14667934265924218,0.19216543664713318,1.4362352302050796,0.5447869019110566,0.18509080374729014,0.171603379919909,4,0.7650730546633977
Jonathan Christian David,4319,2,Juventus,Serie A,F S,High,0.33053515215110185,0.5196556059158908,2.3467995802728225,0.1888772298006296,0.18876662211842515,1.4590766002098636,0.7643261852895046,0.21091468425287796,0.27264090448717315,0,0.7649466502468462
Jude Bellingham,4443,2,Real Madrid,La Liga,M S,High,0.2831768586653134,0.38845762406258194,2.2973864501395584,0.23750317178381122,0.14804594976077434,1.607713778228876,0.7698729979306784,0.46960906452146983,0.18188722396728293,2,0.7630705815784244
Anssumane Fati,1058,1,Monaco,Ligue 1,F M S,Medium,0.6805293005671078,0.7016389272290164,3.6578449905482042,0.0,0.16182082995687855,1.275992438563327,1.1006890235922964,0.3432941026915224,0.26252409157364864,0,0.7627884031917944
Mikel Merino,2580,2,Arsenal,Premier League,F M S,High,0.3815580286168521,0.4256736541045489,2.0826709062003177,0.18282988871224165,0.15986570096404448,1.0174880763116056,0.6826293287837258,0.3350656729233,0.20566859546768804,0,0.7593515108046385
Nico Paz,5609,2,Como,Serie A,F M S,High,0.29833076832011357,0.2617820820744586,3.711376820172842,0.22019651947436958,0.20271853317244312,1.6727832366520656,0.5917914042464759,0.23673596315732418,0.08083234024302169,4,0.7592834613561412
Breel Embolo,3723,2,Rennes,Ligue 1,F S,High,0.3704808495406276,0.5084120344691527,2.174561508173249,0.16644791790955732,0.16569226158065206,1.068488247225868,0.7749995762197145,0.21889563923588964,0.23239624388876076,0,0.7584433869651854
Folarin Balogun,2903,2,Monaco,Ligue 1,F S,High,0.4275534441805226,0.5163112908313777,3.2973439861800906,0.1295616497516735,0.16500777831810698,0.9328438782120493,0.683549647984688,0.10141245386907334,0.18005728650064817,0,0.7548697288483048
Eberechi Eze,4563,2,"Arsenal,Crystal Palace",Premier League,F M S,High,0.28097125867195244,0.2562446945657948,3.2244796828543114,0.18731417244796827,0.1839505513147908,1.4137760158572845,0.565651404611375,0.24561779718565485,0.08702854020365011,4,0.7527769564750054
Nikolas Nartey,1255,1,VfB Stuttgart,Bundesliga,F M S,Medium,0.2868525896414343,0.31564335909438324,1.5776892430278886,0.21513944223107564,0.24054799647445224,1.7211155378486052,0.903164983181602,0.38500948518930206,0.2000668765977025,2,0.7523883876154054
Rômulo,2246,1,RasenBallsport Leipzig,Bundesliga,F M S,High,0.3606411398040961,0.6082358497890743,2.524487978628673,0.16028495102404275,0.14452903689061916,1.0017809439002672,0.9511294509993264,0.2813643140375004,0.25296254408737967,0,0.7501948986260059
Marcus Tavernier,4709,2,Bournemouth,Premier League,M S,High,0.15405968077723803,0.27074093551818984,2.4066620402498264,0.16655100624566274,0.21485656352505594,1.7987508674531576,0.6462030658378194,0.3083938267353423,0.12647761922895367,4,0.7498546274938587
Maghnes Akliouche,4849,2,Monaco,Ligue 1,F M S,High,0.18968203060569963,0.26045007160187594,1.995784843764318,0.28864656831302116,0.2506038794937639,1.6823971410244662,0.8078957560297158,0.36108630512554557,0.13690531583466045,2,0.7492913689519887
Ethan Mbappé,530,1,Lille,Ligue 1,F M S,Low,0.5094339622641509,0.31702272284705685,2.3773584905660377,0.16981132075471697,0.25326098761749716,2.547169811320755,0.5790239067853621,0.1699902373805361,0.1333508278642382,4,0.749036817619353
Dusan Vlahovic,2765,2,Juventus,Serie A,F S,High,0.4039228723404255,0.6140010294713764,4.136469414893617,0.15708111702127658,0.09883103361526661,0.9275265957446808,0.7799280172494424,0.1661453095770644,0.17899767132388647,0,0.7489458346059832
Rodrygo,2598,2,Real Madrid,La Liga,F M S,High,0.23673469387755103,0.27052552322952117,2.8653061224489798,0.2857142857142857,0.24839611492899,2.2612244897959184,0.7617683124785521,0.4364028421895845,0.09265714532543892,2,0.7485118360315175
Eddie Nketiah,1380,2,Crystal Palace,Premier League,M S,Medium,0.33468559837728196,0.5830872485047663,3.757606490872211,0.06085192697768764,0.15739185941022107,1.323529411764706,0.7985459886534749,0.144569119632161,0.15403202020467982,0,0.7480348697735819
Jamie Bynoe-Gittens,2258,2,Chelsea,Premier League,M S,High,0.3035733108464215,0.21675179113745943,2.4475598186992724,0.20870665120691473,0.17831463472375983,1.2237799093496362,0.5955877629493254,0.2717446067032874,0.0885976354651756,4,0.7466551363769608
Raphael Guerreiro,779,1,Bayern Munich,Bundesliga,M S,Low,0.5776636713735559,0.40767328825627425,1.386392811296534,0.2310654685494223,0.262898682199409,2.1951219512195124,1.0412760221654016,0.4912700454569368,0.294053232918183,2,0.7460476825294073
Matheus Cunha,5123,2,Manchester United,Premier League,F M S,High,0.4304722149752152,0.2706719442989173,3.4829115575267413,0.1330550482650665,0.1883699831390253,1.5223062875032611,0.6265314184022329,0.30769838374462816,0.07778637798632106,4,0.7457711982492663
Iñaki Williams,4847,2,Athletic Club,La Liga,F M S,High,0.14182424916573969,0.33464286908107466,2.239988876529477,0.2586206896551724,0.23443021835889813,1.2388765294771966,0.6223733618868945,0.21405473851326343,0.15653645745750924,4,0.7438955108202091
Jonas Hofmann,354,1,Bayer Leverkusen,Bundesliga,M S,Low,0.5084745762711864,0.27782106740494905,2.288135593220339,0.2542372881355932,0.1047870013231443,1.7796610169491527,0.6532481489545208,0.3084208637917951,0.12141809612512589,4,0.7418663500633651
Donyell Malen,2099,1,Roma,Serie A,F,High,0.6431634111481658,0.724564287997871,4.1162458313482615,0.12863268222963317,0.08223129495829273,0.6431634111481658,0.9132100352258725,0.24753911151821809,0.20722155155404623,0,0.7409487626381952
João Félix,1104,1,AC Milan,Serie A,M S,Medium,0.24456521739130438,0.45026748851144116,3.9945652173913047,0.08152173913043478,0.18226906687588149,1.3043478260869568,0.8846191442875273,0.3602327114861944,0.10947796805114055,0,0.7407828931337811
Ciro Immobile,736,1,Paris FC,Ligue 1,F S,Low,0.24456521739130435,0.2852720171516842,1.8342391304347827,0.24456521739130435,0.23288017928438343,1.1005434782608696,0.5981699635436677,0.2643661537339263,0.15552607749899228,4,0.7406722344489836
Alassane Pléa,1930,1,Borussia M.Gladbach,Bundesliga,F M S,High,0.46632124352331605,0.28487980010595965,1.9585492227979275,0.18652849740932642,0.15229208510697195,1.16580310880829,0.614595029396946,0.3109618193648485,0.16349680225054422,0,0.7400276271664609
Mërgim Berisha,353,1,"Augsburg,Hoffenheim",Bundesliga,F S,Low,0.254957507082153,0.367945289244564,3.5694050991501416,0.254957507082153,0.314433364456166,0.764872521246459,0.685955142924198,0.15598767772105868,0.10308308500264372,0,0.739666573192499
Joshua Zirkzee,1951,2,Manchester United,Premier League,F M S,High,0.2363614659185866,0.4308946167595904,2.5462576101229555,0.09669332696669451,0.15170330483672284,1.1066014086188372,0.7486646279485417,0.26714580678987493,0.1752537473206779,0,0.7386772565624629
Kaoru Mitoma,4331,2,Brighton,Premier League,F M S,High,0.2598834462120019,0.30636332697367213,1.833359584186486,0.09922822491730983,0.17725289799126326,1.4080957631123012,0.6712611457093867,0.26840492827909623,0.16591958015766395,4,0.7365949778467977
Brajan Gruda,2160,2,RasenBallsport Leipzig,Bundesliga,F M S,High,0.21352313167259787,0.2719698375790277,2.0373665480427046,0.32028469750889677,0.2716115137041808,2.286476868327402,0.7733705260681512,0.35480271076975767,0.12727773524419453,2,0.7360444940311786
Ermedin Demirovic,3354,2,VfB Stuttgart,Bundesliga,F S,High,0.6935602760838973,0.6165546773795761,2.828519734637807,0.11458821952690479,0.12195730424984556,0.9468605508275815,0.8322022030515588,0.21900256730354972,0.23565003764725848,0,0.7336351631870304
Joaquín Correa,701,1,Inter,Serie A,F M S,Low,0.25677603423680456,0.30665084995998976,1.7974322396576319,0.25677603423680456,0.20842631452433902,1.2838801711840229,0.847060017197389,0.42317649687025244,0.17060495700154985,2,0.7328926554230379
Francisco Conceição,3444,2,Juventus,Serie A,D F M S,High,0.15283018867924528,0.31106548848438936,2.9716981132075473,0.20943396226415095,0.21757200879730143,1.8226415094339623,0.8217591020243489,0.4420440458534461,0.10363687100980318,2,0.7310956456845077
Paulo Dybala,2791,2,Roma,Serie A,F M S,High,0.15809645480677098,0.33683192454271327,2.9822740338549982,0.30182050463110827,0.40762473173357405,3.1259980836793355,0.7773183518797587,0.3303154992803465,0.14423547805151032,2,0.7310653559144451
Ben Seghir,1759,1,Monaco,Ligue 1,M S,Medium,0.20466173962478681,0.2525765305271689,3.1722569641841956,0.1534963047185901,0.24650479218434926,1.6372939169982945,0.8559268095274839,0.4319859667500611,0.10413964935428192,2,0.7284116436200234
Robert Lewandowski,4346,2,Barcelona,La Liga,F S,High,0.7620700536446828,0.8280992617553794,3.6683496371094986,0.08520037866834963,0.10081496207838785,0.64846954875355,1.0139134039578659,0.27085175408880935,0.25545614879912487,0,0.7281022838059847
Samuel Chukwueze,1962,2,Fulham,Premier League,M S,High,0.27303370786516856,0.2308586222737023,2.5584269662921346,0.28314606741573034,0.2706806009614401,2.30561797752809,0.6383595082783298,0.24645464535739817,0.09082834579385397,4,0.7271988011936824
Yussuf Poulsen,615,2,Hamburger SV,Bundesliga,F S,Low,0.42607428987618345,0.4789763738286599,2.9825200291332847,0.0,0.18298697094205774,1.2454479242534595,0.9562830944007664,0.3241041964781453,0.14690591460871974,0,0.7270531797849005
Chris Führich,1727,1,VfB Stuttgart,Bundesliga,F M S,Medium,0.36479444122756227,0.22261618707193137,2.3451071221771858,0.36479444122756227,0.40794325549183513,2.553561088592936,0.9293326849390746,0.5250791513771422,0.09492793952425321,2,0.7270198077376422
Assan Ouédraogo,970,1,RasenBallsport Leipzig,Bundesliga,F M S,Medium,0.3711340206185567,0.2604592446353018,2.5051546391752577,0.27835051546391754,0.2793108636378935,1.2989690721649485,0.7731659844056847,0.5302412505309606,0.10396932810544968,2,0.7227882833171284
Morales,298,1,Levante,La Liga,M S,Low,0.0,0.5339327999453167,3.322147651006712,0.30201342281879195,0.3336174281051495,2.1140939597315436,1.5113207721463935,0.672486799787855,0.22828985780308192,2,0.7195221392973105
Aleksandr Golovin,2853,2,Monaco,Ligue 1,M S,High,0.2540627145799954,0.22189809045244693,1.8265049210345616,0.17166399633783472,0.14567124751339136,1.483176928358892,0.6238101424406775,0.30126451384203673,0.12183614215694166,4,0.7193023057504467
Julian Brandt,3955,2,Borussia Dortmund,Bundesliga,F M S,High,0.28413983123816083,0.22648871170470097,1.8908214224212159,0.30997072498708456,0.3233728191935762,2.035474427415189,0.8302592799363878,0.42290956653116984,0.11798055933837372,2,0.7192076408913218
Amad Diallo Traore,1887,1,Manchester United,Premier League,D F M S,High,0.3815580286168522,0.2263515845195809,2.2416534181240064,0.2861685214626391,0.2268323074546546,2.337042925278219,0.5849697246602684,0.2580484058796791,0.10097528132114639,4,0.7189005438512968
James McAtee,341,1,Manchester City,Premier League,M S,Low,0.7917888563049854,0.6774622258727502,3.1671554252199416,0.0,0.22550414297238122,0.7917888563049854,0.8958505169977365,0.19364037739435247,0.21390242502093315,0,0.717275148376593
Etta Eyong,1657,1,"Levante,Villarreal",La Liga,F S,Medium,0.38020519010259507,0.558210178387987,2.715751357875679,0.21726010863005432,0.15328580175240356,0.8147254073627037,0.6549463377996838,0.11253535559802225,0.2204109448380768,0,0.7157428805077704
Charles De Ketelaere,4298,2,Atalanta,Serie A,F M S,High,0.19950510361892979,0.2809381887876707,1.9579338076090316,0.2459016393442623,0.3712890436483948,2.208475100525827,0.8648299006817235,0.3887127246390804,0.14117125371805142,2,0.7141220179019151
Nikola Krstovic,4877,2,Atalanta,Serie A,F S,High,0.36356803983277747,0.4988832295796983,4.40931936680915,0.19023909061017427,0.12868749959630305,0.9934708065197989,0.6480740025384754,0.1191665855991375,0.11799797129626736,0,0.7106521563891127
Sávio,2593,2,Manchester City,Premier League,M S,High,0.07255463991400932,0.3009829320269128,2.5394123969903264,0.29828018631314945,0.2614820842066895,1.8138659978502327,0.7473881544184243,0.29682243565535915,0.12259829127053053,4,0.7102573053781434
Riccardo Orsolini,4060,2,Bologna,Serie A,F M S,High,0.3818122484499076,0.3128291582868004,3.4754704666594147,0.10279560535189819,0.13292267260896515,1.2237572065702165,0.5794291193907527,0.23207218568586888,0.13501269435440244,0,0.7094563973139235
Odsonne Edouard,1879,1,Lens,Ligue 1,F S,High,0.5268759978712081,0.6026491028925344,2.8738690792974984,0.14369345396487493,0.10053689229267906,0.9579563597658328,0.7238693005182819,0.15575157439791185,0.22236781946072973,0,0.7081344076271525
Roman Yaremchuk,566,1,Lyon,Ligue 1,F S,Low,0.6360424028268551,0.5214387543051908,2.5441696113074204,0.15901060070671377,0.0961966133041327,0.9540636042402829,0.7669236824285015,0.1645078887840463,0.20495439926162362,0,0.7075737940425381
Richarlison,2397,2,Tottenham,Premier League,F M S,High,0.5549765502866075,0.5201379899561615,2.915581031787389,0.18759770713913496,0.15897330444853572,0.8676393955184991,0.5473654778114189,0.09065248164842842,0.17669275985881602,0,0.7065243922344586
Mohamed Ali-Cho,3384,2,Nice,Ligue 1,F M S,High,0.18881531501999604,0.22754420518204943,1.817347407067462,0.18291483642562117,0.20874955425671374,1.386612469678096,0.5817811645331488,0.24929684378797284,0.12597470094204308,4,0.7056986424219862
Justin Kluivert,3324,2,Bournemouth,Premier League,M S,High,0.21503865073787773,0.22114504017891365,2.131412508784259,0.151791988756149,0.21203883244503532,1.8088545326774421,0.5680963214348088,0.23527613454200563,0.1556211439759383,4,0.7056827627254677
Gianluca Scamacca,1318,1,Atalanta,Serie A,F S,Medium,0.5462822458270107,0.501636592628878,3.8922610015174506,0.06828528072837634,0.09263800051521186,1.1608497723823976,0.6965787032243197,0.2528307102451013,0.15559275101935655,0,0.7048160591248445
Morgan Rogers,6492,2,Aston Villa,Premier League,F M,High,0.25214390652225904,0.2109266957969737,1.9679524411493388,0.21524479825070894,0.2151178855262754,1.3652670060473537,0.5428711726402164,0.219878071558315,0.11312067440106471,4,0.7033649652872301
Rio Ngumoha,515,1,Liverpool,Premier League,M S,Low,0.34951456310679613,0.2134564764146666,2.796116504854369,0.17475728155339806,0.37155518926752423,2.796116504854369,0.8351740435633844,0.2891026781058138,0.07634033705107868,2,0.7022751879290831
Remy Labeau Lascary,1803,2,Brest,Ligue 1,F M S,High,0.3540350458934319,0.41542078992837034,2.424603647633806,0.09655501251639051,0.1920015294189632,0.9548217904398616,0.6643360339008323,0.1250157077036401,0.17425996731011467,0,0.7021432476829945
Martial Godo,1602,1,Strasbourg,Ligue 1,M S,Medium,0.5617977528089887,0.48387738760937465,2.303370786516854,0.056179775280898875,0.12692953072739452,1.2359550561797754,0.8588814691462544,0.28488031222244325,0.21007359754748464,0,0.7005469949761806
Gonzalo García,923,1,Real Madrid,La Liga,F S,Medium,0.5850487540628385,0.5137950270350937,2.047670639219935,0.09750812567713976,0.15942569047148022,1.267605633802817,0.7872717181787718,0.18946684626529428,0.2509168306631701,0,0.69874291684659
Lukas Daschner,393,1,Bochum,Bundesliga,M S,Low,0.22900763358778628,0.5216854394107829,2.0610687022900764,0.22900763358778628,0.29167070672029755,1.3740458015267174,0.9537934472087686,0.29493784332889644,0.3373114617748393,0,0.6987378147322151
Largie Ramazani,1200,1,Valencia,La Liga,F M S,Medium,0.225,0.3178789383731782,3.825,0.07500000000000001,0.18422227723058313,1.275,0.7413030134048313,0.2972374371718615,0.12682781821372463,0,0.6969767771482576
Senny Mayulu,1704,1,Paris Saint Germain,Ligue 1,D F M S,Medium,0.2112676056338028,0.2544747359237411,1.8485915492957747,0.2112676056338028,0.2123416098766029,2.0598591549295775,0.6138824457368276,0.27059098928642106,0.13765871429017612,4,0.6931030322158267
Quentin Ndjantou,344,1,Paris Saint Germain,Ligue 1,M S,Low,0.2616279069767442,0.38378325605028585,2.354651162790698,0.2616279069767442,0.08270154810012424,1.3081395348837208,0.8265639975840269,0.4208938935554999,0.16298943219913375,0,0.6927854788430725
Ado Onaiwu,894,1,Auxerre,Ligue 1,F M S,Low,0.40268456375838924,0.41480104835866477,2.315436241610738,0.10067114093959731,0.12480631320668548,1.0067114093959733,0.6556833329791791,0.26619754681651225,0.17914596001577118,0,0.6920785489686152
Mathis Cherki,3842,2,Manchester City,Premier League,F M S,High,0.2727272727272727,0.233347400768914,2.3863636363636362,0.5454545454545454,0.5309305762663693,3.1468531468531467,0.982200905491787,0.5218298744012999,0.10056879729771416,2,0.6920096182591344
Nelson Weiper,1171,2,Mainz 05,Bundesliga,F S,Medium,0.20889748549323017,0.5796478004906348,2.733075435203095,0.1392649903288201,0.18811720474199817,1.3056092843326885,0.7067926430739678,0.08489343742308579,0.21223717610934958,0,0.6911182110916926
Domenico Berardi,1995,1,Sassuolo,Serie A,F M S,High,0.27067669172932335,0.2029914183584147,1.8045112781954886,0.18045112781954886,0.2281928066920517,1.488721804511278,0.5879824373282884,0.30703714669198917,0.16958848920185118,4,0.6900650113037532
Julio Enciso,3086,2,Strasbourg,Ligue 1,F M S,High,0.11358855700462768,0.2873529966013192,3.2372738746318888,0.26503996634413124,0.1956264339669517,1.2747160286074883,0.6564921373991177,0.25923112450425345,0.10186718906299722,4,0.6894691302384884
Lucas Stassin,1916,1,Saint-Etienne,Ligue 1,F S,High,0.5636743215031316,0.3949970070715985,2.066805845511482,0.1878914405010438,0.18079884434391072,0.8455114822546972,0.5876263945036818,0.17220143784840822,0.19111471352252093,0,0.6872706908238028
Loïs Openda,3120,2,Juventus,Serie A,F M S,High,0.2814430630768058,0.3798823687416637,2.9997711845015638,0.13728929906185647,0.12391965203518525,1.0433986728701092,0.6048948767380969,0.1477957072529049,0.1327914207259942,3,0.6864741559411887
Nick Woltemade,3557,2,Newcastle United,Premier League,F M S,High,0.41715592361411535,0.44545664136433777,1.9801001174216675,0.12792781657499538,0.19948859709257966,1.4127680613064706,0.6604816348908192,0.18125529288020803,0.2603576664628916,0,0.6863737886943241
Sebastian Nanasi,3205,2,Strasbourg,Ligue 1,M S,High,0.3831445270221516,0.3130921888329076,1.3702287322317628,0.16884335089111768,0.2364177415723326,1.5390720831228804,0.7157101642222956,0.3177092025663027,0.22539369079515617,0,0.6860193297408516
Sambou Soumano,891,1,Lorient,Ligue 1,F S,Low,0.4040404040404041,0.6108301497920595,2.8282828282828287,0.20202020202020204,0.1825001004217851,1.01010101010101,0.5881591201430619,0.03841984396179517,0.24311834294348955,0,0.6858659244061489
Caleb Ekuban,1470,2,Genoa,Serie A,F M S,Medium,0.31652989449003516,0.4527252730460355,2.8619577960140683,0.22420867526377491,0.12778205626752284,1.1474208675263775,0.5321153078625658,0.07977158203366205,0.15705180707110666,0,0.6809319362363849
Alexandre Lacazette,2092,1,Lyon,Ligue 1,F S,High,0.43021032504780116,0.5784166300487679,2.5382409177820273,0.08604206500956023,0.16282277060209646,1.118546845124283,0.8883020485329298,0.251415534849576,0.30517871235891925,0,0.6798735341888147
Mitchel Bakker,1144,1,Lille,Ligue 1,D F M S,Medium,0.23601398601398602,0.2491789867684662,1.8094405594405594,0.15734265734265734,0.21037488038508367,1.8094405594405594,0.6478344193184292,0.36480473881991177,0.13771051249426344,4,0.6783942526065063
Kenan Yildiz,5291,2,Juventus,Serie A,F M S,High,0.2732831413002787,0.2065814140494384,2.729087808327441,0.17220581506592905,0.2873172027187009,2.2611372239091554,0.6321675280024365,0.27930657148367716,0.08557901164527823,4,0.6780962991469801
Igor Matanovic,1811,2,Freiburg,Bundesliga,F S,High,0.5535307517084282,0.44656056447213427,3.0649202733485192,0.10250569476082004,0.11643270942210672,1.1685649202733486,0.5868094885342059,0.13371951572580054,0.17354718598838018,0,0.6779777679542338
Dennis Man,1997,1,Parma Calcio 1913,Serie A,F M S,High,0.1802704056084126,0.3156746662761428,2.2083124687030544,0.1802704056084126,0.2093550974655193,2.028042063094642,0.5657964432402199,0.14959595188065714,0.14294836928649823,4,0.6757237949504014
Emanuel Emegha,2758,2,Strasbourg,Ligue 1,F S,High,0.5969107251941704,0.7206903972508321,2.583995113011607,0.17278994676673357,0.11248540046761951,0.6833056985775373,0.855862266066364,0.11741122323865248,0.2817008001185965,0,0.6757030921783802
Stephan El Shaarawy,1698,2,Roma,Serie A,F M S,Medium,0.20633850303438975,0.2666491665252543,2.451786918408631,0.3155765340525961,0.16571446433311687,1.456507080242751,0.7257759540378846,0.42397897315493566,0.1086009278666833,4,0.6755466242076467
Ludovic Blas,3853,2,Rennes,Ligue 1,D F M S,High,0.20728754503041397,0.20431938402527197,2.460875214079017,0.2763833933738853,0.305320070787533,2.2748479300773634,0.6489659203110282,0.3049788905397521,0.0992661294688372,2,0.673950219439844
Michael Gregoritsch,1528,2,Augsburg,Bundesliga,F S,Medium,0.421994884910486,0.4503410175452224,2.6726342710997444,0.17902813299232737,0.11058434615354709,0.6521739130434783,0.6238700876303036,0.22307261431594488,0.18338036584017164,0,0.672066746959401
Paul Mendy,326,1,Cagliari,Serie A,F S,Low,0.5521472392638037,0.6595475633165863,4.141104294478527,0.0,0.07101398075650805,1.6564417177914115,0.7513684053773895,0.2276090852504859,0.15926852269719044,0,0.6703784668361186
Anthony Gordon,4362,2,Newcastle United,Premier League,F M S,High,0.16290856433595366,0.29351537104119596,2.21555647496897,0.1396359122879603,0.17627989146573317,1.5546131568059578,0.5394913183477426,0.2113151496627288,0.1688338859957214,4,0.6702204970577159
Gonçalo Guedes,2801,2,Real Sociedad,La Liga,F M S,High,0.33136457774027767,0.23493021719321713,2.3333589015877885,0.24852343330520824,0.13161279117809835,1.2150034517143513,0.5706118015347974,0.3131559432007797,0.09993361908217177,4,0.6673578532159996
Xavi Simons,3939,2,Tottenham,Premier League,F M S,High,0.2567906870577494,0.19760465935634522,2.1056836338735447,0.25165487331659436,0.24652381847701635,1.9002510842273452,0.590169979923691,0.2764346035835336,0.09430655285897663,4,0.6671752752264059
Patrik Schick,3680,2,Bayer Leverkusen,Bundesliga,F M S,High,0.7533632286995515,0.7015144688599312,3.400896860986547,0.08071748878923767,0.10510828385104513,0.6134529147982063,0.787199397218067,0.14663629860120236,0.2430304989083604,0,0.6656211334354314
Isco,1565,1,Real Betis,La Liga,M S,Medium,0.23003194888178913,0.25158208094465845,2.5303514376996805,0.46006389776357826,0.29060459555909274,3.5079872204472844,0.6650259206755854,0.32233506597031036,0.20078178732232613,2,0.6653977081950426
Morgan Guilavogui,2272,2,Lens,Ligue 1,M S,High,0.2738145195132186,0.4114471238451974,2.020562316407889,0.07553503986571548,0.1711818117975088,1.5390264372639528,0.6506673009238396,0.24194231381513992,0.20365408738106805,0,0.6652186621143947
Serhou Guirassy,4974,2,Borussia Dortmund,Bundesliga,F S,High,0.614500044919594,0.706533319559027,3.137184439852664,0.052555924894438964,0.1025108192162877,0.8085526906836763,0.85386784244558,0.18127640135895504,0.255880155187317,0,0.6640467397813425
Alvaro Rodríguez,3030,2,Elche,La Liga,F S,High,0.27027027027027023,0.4155213559499463,2.9541169076052793,0.1571338780641106,0.1373948332444442,1.1313639220615963,0.536657081130192,0.11079741843831492,0.13848110058740065,3,0.6639606097347999
Ethan Nwaneri,1217,2,Marseille,Ligue 1,M S,Medium,0.44982698961937717,0.19955088564913373,2.439446366782007,0.22491349480968859,0.16516968833482387,1.5397923875432526,0.5722306002331028,0.3492748909098157,0.08184775665005839,4,0.6638473297811023
Mousa Al Tamari,3961,2,Rennes,Ligue 1,D F M S,High,0.20873598763045997,0.21213244397924097,2.405433762217682,0.16897675189132474,0.18725945536826674,1.2822353525871113,0.5709947587488053,0.21915418516522156,0.09039473503166982,4,0.6637687009179543
Andrej Ilic,3192,2,Union Berlin,Bundesliga,F M S,High,0.29388244702119154,0.42833017176393273,2.77688924430228,0.2698920431827269,0.1507547484976692,1.0435825669732108,0.5031204862785977,0.08252452180327259,0.17010048254444082,0,0.6633286766981634
Facundo Buonanotte,1498,1,Leicester,Premier League,F M S,Medium,0.30040053404539385,0.2620066905292236,2.162883845126836,0.12016021361815754,0.20143170351130224,1.502002670226969,0.46623580330592373,0.18601671593619365,0.12113766123851141,4,0.6623658832273783
Ross Barkley,1325,2,Aston Villa,Premier League,M S,Medium,0.3971886237332462,0.2678536749394667,2.265446224256293,0.13239620791108206,0.20634652417878938,1.2651193200392286,0.7412061597174627,0.486521083988242,0.11581440079211726,4,0.661681902328742
Williot Swedberg,2566,2,Celta Vigo,La Liga,F M S,High,0.320841665942092,0.37252689228556635,1.9015737761933746,0.35214329188766197,0.15121644841222523,0.8920963394487437,0.6331561762558079,0.24615535643588213,0.1995398323978534,0,0.6582451091517859
Ibrahim Maza,1845,1,Bayer Leverkusen,Bundesliga,M S,High,0.14634146341463414,0.29339904438068226,2.5853658536585367,0.1951219512195122,0.21417333576373937,1.3658536585365855,0.8744729495630031,0.47315123786286617,0.11348453603403748,4,0.656860307936948
Yoane Wissa,3435,2,Newcastle United,Premier League,F S,High,0.4869308600337269,0.6267821530004238,2.6876053962900506,0.10118043844856663,0.092615462120302,0.8031197301854974,0.8390230663720688,0.17856631695778183,0.23358532680928967,0,0.6566484622540457
Ange-Yoan Bonny,3692,2,Inter,Serie A,F S,High,0.232367758186398,0.27919721215264287,2.0516372795969775,0.2040302267002519,0.1724913168067502,1.1618387909319898,0.5349519851404038,0.14718884185557102,0.1644401675448396,3,0.6543109447531373
Paul Nebel,4434,2,Mainz 05,Bundesliga,M S,High,0.29511173888916914,0.24482429551123872,1.5255006810270897,0.11804469555566764,0.1996349749217218,1.5663623064117438,0.6411204443429743,0.24831573788159514,0.16238681885874692,4,0.6540761884504178
Alexander Sørloth,3480,2,Atletico Madrid,La Liga,F S,High,0.7993700787401575,0.8418005535499318,3.7190551181102363,0.04535433070866142,0.06427231343243066,0.5782677165354332,0.9392233097124991,0.12948385376219204,0.22560740451809388,0,0.6534507472026296
Arda Güler,3328,2,Real Madrid,La Liga,F M S,High,0.18715882505848713,0.23426006941867047,2.345334026514167,0.356771510267741,0.4031088367752849,2.959448921237328,0.7652810117491762,0.3718978663761685,0.09960688049080547,2,0.6531596036164256
Ollie Watkins,5574,2,Aston Villa,Premier League,F S,High,0.4856372004443739,0.58054752846047,2.6817171877479766,0.16783050309474687,0.10564653346262702,0.7677352801142675,0.6582229766862281,0.12450814077857077,0.2247139155236552,0,0.6524043921158801
Evann Guessand,3529,2,"Aston Villa,Crystal Palace",Premier League,M S,High,0.3172386272944932,0.28977984635357085,1.7897047086991222,0.25139664804469275,0.1859060594929473,0.9158020750199521,0.5818608735486603,0.16875041778446886,0.16290969063864666,3,0.6513503590204628
Kevin De Bruyne,2882,2,Napoli,Serie A,M S,High,0.18419395465994962,0.20077063581306295,2.5716309823677586,0.26920654911838793,0.39569447145319925,2.8904282115869018,0.8124692481268028,0.4350123325009743,0.11252776791471258,2,0.6510857747198618
Gabriel Jesus,976,2,Arsenal,Premier League,F S,Medium,0.5652477320307049,0.6988659865805842,3.6636427076064204,0.0,0.06818975026238988,0.9839497557571529,0.8716644404686088,0.3046767905988813,0.18737438149501492,0,0.6471234492319955
Hákon Haraldsson,4308,2,Lille,Ligue 1,F M S,High,0.27343156615524833,0.26645216659349763,1.7773051800091142,0.10025824092359108,0.17221926055485293,1.8456630715479263,0.6465760214794974,0.30865497047628526,0.14977169403198112,4,0.6465437503524137
Adama Traoré,2087,2,"Fulham,West Ham",Premier League,M S,High,0.08300668664975788,0.27056167618123955,1.9817846437629698,0.2905234032741526,0.2881526264710129,1.940281300438091,0.7359910496225606,0.24743413681592574,0.13630582012017453,4,0.6462797424523935
Thomas Müller,1205,1,Bayern Munich,Bundesliga,F M S,Medium,0.07468879668049792,0.3302722946891399,2.240663900414938,0.2987551867219917,0.30576841525455234,2.6141078838174274,1.0182742541694543,0.5842298732073475,0.14739930188904207,2,0.6453526106250534
Adam Hlozek,1890,1,Hoffenheim,Bundesliga,F M S,High,0.38095238095238093,0.27878701935211814,2.8095238095238093,0.14285714285714285,0.13372156689209597,1.0,0.5503513071508634,0.2251231995012079,0.09922927807448274,3,0.6443810932778734
Andu Kelati,276,1,Holstein Kiel,Bundesliga,M S,Low,0.32608695652173914,0.19986468448263142,1.956521739130435,0.32608695652173914,0.1773554849964769,1.3043478260869565,0.6306214282370131,0.26205342424952466,0.10215306095778942,4,0.6442921514620907
Rodrigo Riquelme,788,1,Real Betis,La Liga,M S,Low,0.11421319796954314,0.3026256524735523,2.7411167512690353,0.11421319796954314,0.16748425965599223,1.598984771573604,0.752733898949502,0.3084558770084177,0.1104023213653515,4,0.6433230833271426
Enzo Fernández,6090,2,Chelsea,Premier League,M S,High,0.20938601912101493,0.2503051521217497,1.871387545894071,0.1570395143407612,0.2462893575343247,2.1200334436002763,0.7292704486888958,0.40470352384925923,0.14422195592117937,4,0.6422942323876937
Niclas Füllkrug,1817,2,AC Milan,Serie A,F S,High,0.18411552346570398,0.2905897537199276,2.046931407942238,0.08664259927797834,0.23781067396544378,1.4729241877256318,0.6098383303650988,0.24163179371223553,0.15814693481896422,4,0.6422546651805067
Bruno Fernandes,6116,2,Manchester United,Premier League,M,High,0.14702679154868217,0.2196943751185162,2.643214985841864,0.47375299499019813,0.42375010761416726,3.4404269222391632,0.7404706479013501,0.3688667932222207,0.12390722820274029,2,0.6406587293209541
Artem Dovbyk,2818,2,Roma,Serie A,F S,High,0.4254039188724648,0.5168134163381278,2.413200412512891,0.10055001718803712,0.14039438035071472,1.1988655895496736,0.6096516661352364,0.13366148241399572,0.23259392377041815,0,0.6401565423888621
Jhon Durán,563,1,Aston Villa,Premier League,F S,Low,1.119005328596803,0.8152085148975862,4.9555950266429845,0.0,0.03751280477690654,0.6394316163410302,0.9092051002856998,0.22754271073038582,0.16450265013883192,0,0.6399179438264793
Álvaro García,4704,2,Rayo Vallecano,La Liga,F M S,High,0.15473518315105783,0.27722714947863675,2.230765557094417,0.1934189789388223,0.25638818491012405,1.702087014661636,0.5898606927304046,0.12351158258861744,0.12644312544087927,4,0.6384208469852839
Osame Sahraoui,1722,2,Lille,Ligue 1,M S,Medium,0.20790868324500608,0.21492218558478732,1.858948226661231,0.2690582959641255,0.21913918865866625,1.9690175295556458,0.7660809472731751,0.4239392702464322,0.11673997478459348,4,0.637866168767038
Tammy Abraham,1174,1,"AC Milan,Roma",Serie A,F S,Medium,0.15332197614991486,0.4768454180506821,2.1465076660988074,0.3066439522998297,0.19102218740951316,1.149914821124361,0.758890061682087,0.1658458724535456,0.27652790231098023,0,0.6367361927442985
Malik Tillman,1681,1,Bayer Leverkusen,Bundesliga,M S,Medium,0.32123735871505055,0.27425254813125627,1.8203450327186197,0.05353955978584176,0.19299978411389138,1.4455681142177275,0.6735913377479029,0.27082876506738546,0.15065965144073262,4,0.6346052638317173
Claudio Echeverri,606,1,Girona,La Liga,F M S,Low,0.1485148514851485,0.3149290029697194,3.118811881188119,0.1485148514851485,0.16163211583279738,1.188118811881188,0.6044662911629323,0.2141601837581337,0.10097723587283067,4,0.6342545003834484
Ismaila Sarr,4919,2,Crystal Palace,Premier League,F M S,High,0.25529578624696897,0.39337473810564466,1.9600128105412455,0.11941254518003387,0.21094231390987703,1.1158896463375578,0.6605586622720091,0.18599232394733486,0.22451834724598152,0,0.6333818463172736
Valentín Castellanos,4534,2,Lazio,Serie A,F S,High,0.3197946996989587,0.4499194212046438,3.473325766174801,0.11992301238710948,0.13048696177202443,0.9060849824803828,0.5771225052083909,0.12307125332793364,0.13894501698575848,0,0.6306409088045772
Matìas Soulè Malvano,4014,2,Roma,Serie A,F M S,High,0.2463998247823468,0.1881613899286495,2.1091825001368885,0.2217598423041121,0.236966660905517,2.1141104966325357,0.6694645241938304,0.3590607081569964,0.08920425201241146,4,0.6297751231943479
Tiago Tomás,2915,2,VfB Stuttgart,Bundesliga,F M S,High,0.34845132743362833,0.3550214784198668,2.4391592920353986,0.13511378002528449,0.11891544508358039,0.931573957016435,0.5537062098920303,0.1690377157968004,0.14255921444603614,3,0.6297074518324804
Kike Barja,665,2,Osasuna,La Liga,M S,Low,0.29712776493892373,0.2064062626377491,1.663915483657973,0.41597887091449326,0.2738625580090113,2.6741498844503138,0.6967159224377092,0.266960384677782,0.11224423462751615,2,0.6289471944264441
Franco Vázquez,485,1,Cremonese,Serie A,F M S,Low,0.18556701030927836,0.2689160808114354,2.2268041237113403,0.18556701030927836,0.3510513158956754,1.6701030927835052,0.5625180423490166,0.2853339660106246,0.12076323999402423,4,0.6267649779380459
Myron Boadu,999,1,Bochum,Bundesliga,F S,Medium,0.5405405405405406,0.6731253785190282,2.2522522522522523,0.09009009009009009,0.14844218873091644,0.990990990990991,0.9041001439631522,0.10403348351115581,0.3291787375509739,0,0.6264711621583168
Samuele Inácio,371,1,Borussia Dortmund,Bundesliga,M S,Low,0.24258760107816713,0.4867950250517647,2.183288409703504,0.0,0.22273643840998006,1.940700808625337,0.8343413833659293,0.3431556164977364,0.22296414110395643,0,0.6260519768226805
Jonathan Burkardt,3495,2,Eintracht Frankfurt,Bundesliga,F S,High,0.6398799817363512,0.6251576516101034,2.89413606418368,0.07631596112451895,0.09536349327178877,0.7338073185049899,0.7745014872045,0.14694283566394592,0.26162979213005655,0,0.6253776572691312
Brahim Diaz,2611,2,Real Madrid,La Liga,F M S,High,0.16171814836998374,0.26117352809101313,1.4400616069136647,0.2926328399075896,0.24164067871203687,1.8636091383588602,0.8387836476014465,0.4235938411482367,0.16665460357792167,2,0.6233120683015224
Felix Correia,2124,1,Lille,Ligue 1,M S,High,0.1694915254237288,0.24605731081249096,1.5677966101694916,0.211864406779661,0.24863250964021277,1.652542372881356,0.7756882480550874,0.3948470606800106,0.1569446631128321,4,0.622840025692355
Raul García,1599,2,Osasuna,La Liga,F S,Medium,0.6268779022125102,0.5902705631327984,3.675225348265501,0.06145861786397159,0.10269309445957168,0.8850040972411909,0.6399718520827581,0.08619250304594013,0.15962185125089684,0,0.6226564623431351
Corentin Tolisso,4662,2,Lyon,Ligue 1,F M S,High,0.3133495492917442,0.2749108824980738,2.034625840606668,0.15452854485620265,0.16582346045595883,1.24052081842896,0.8366096996694126,0.5024518053842761,0.1577679037628617,4,0.622178710505958
Lovro Majer,1686,2,Wolfsburg,Bundesliga,M S,Medium,0.1549053356282272,0.2280259870539115,1.8035406933857878,0.21022866978116547,0.2257459199173733,1.5158593557905091,0.5779712519786825,0.22742947067525893,0.14321568748860863,4,0.6205135585166868
Lee Kang-In,3197,2,Paris Saint Germain,Ligue 1,F M S,High,0.2451973454418442,0.20769174717213157,2.1942018861334263,0.27663290254977296,0.3789439506456646,3.231575270695075,0.904449809654907,0.5641942727742206,0.09459011913123555,2,0.6161466412574916
Nicolo Zaniolo,2973,2,Udinese,Serie A,F M S,High,0.2091549295774648,0.2432484464326375,2.788732394366197,0.24084507042253522,0.2119911192122742,1.9204225352112676,0.5012917416917921,0.15958769182399124,0.08728278595687464,4,0.614992513716635
Hamed Junior Traore,2154,1,Auxerre,Ligue 1,F M,High,0.41782729805013924,0.31961919542682204,2.883008356545961,0.08356545961002786,0.12167271903734189,1.128133704735376,0.5833337974311747,0.19546922739896105,0.1108630832446658,3,0.6135005679602725
Amine Harit,529,1,Marseille,Ligue 1,M S,Low,0.3402646502835539,0.17182230759264164,1.3610586011342156,0.6805293005671078,0.48671743031485537,3.232514177693762,0.8051166176401601,0.29371816164942455,0.12624166766181588,2,0.6129312757960066
Marius Bülter,3350,2,FC Cologne,Bundesliga,F M S,High,0.3184670850580852,0.2072498706237948,2.1751902790759776,0.16824676191747892,0.2143817969832541,1.3099212177860862,0.502316624504182,0.17905970181887282,0.09534559767430771,4,0.6121697093455257
David Neres,2200,2,Napoli,Serie A,F M S,High,0.2127003699136868,0.1794079110903709,1.8588162762022196,0.28668310727496915,0.2999286206827284,1.8403205918618988,0.6924982321289002,0.33592088659019487,0.09562634111620967,4,0.6115907260594753
Jean-Phillipe Krasso,1082,1,Paris FC,Ligue 1,F S,Medium,0.08317929759704251,0.2947842231529891,2.245841035120148,0.16635859519408502,0.2626652913959955,1.9131238447319774,0.6616851427831623,0.1586960343120692,0.15940950200375587,4,0.6110592294203528
Nuno Mendes,1251,1,Paris Saint Germain,Ligue 1,D F S,Medium,0.2158273381294964,0.21942787408399925,2.158273381294964,0.3597122302158273,0.3636887756665405,2.0863309352517985,0.8376557200396662,0.667017689175743,0.12700475230813027,2,0.6108078173452417
Jacob Murphy,4073,2,Newcastle United,Premier League,D F M S,High,0.23602276531637095,0.21073157271444498,1.9183126883160362,0.2711750920656177,0.30779883126436086,1.4010713090056912,0.590147314066891,0.1672674949549994,0.11735623169029068,4,0.6094363848213078
Chuba Akpom,633,1,Lille,Ligue 1,F S,Low,0.2843601895734597,0.414857711660636,2.8436018957345968,0.14218009478672985,0.12741852834185152,0.7109004739336492,0.6871712250167159,0.1672730139363999,0.22190114054828883,0,0.6091214143906695
Afonso Moreira,1695,1,Lyon,Ligue 1,D F M S,Medium,0.21238938053097345,0.1678524172279687,2.1238938053097343,0.37168141592920356,0.31472433923817844,1.6991150442477876,0.702780536417149,0.2979546260517255,0.07903051311150193,4,0.6063497099191253
Federico Bernardeschi,1198,1,Bologna,Serie A,F M S,Medium,0.22537562604340566,0.1816499520105641,2.929883138564274,0.15025041736227046,0.2682193374737027,2.1786310517529217,0.6061164630679584,0.236995377039882,0.08151952640559428,4,0.6047671322144962
Mikel Oyarzabal,5018,2,Real Sociedad,La Liga,F S,High,0.23685249353041798,0.3293052611779336,2.23825606386245,0.1263213298828896,0.16340165688595448,1.065836220886881,0.6233809129922602,0.20979614123552376,0.217585297730636,3,0.6020208570044189
Nesta Elphege,297,1,Parma Calcio 1913,Serie A,F S,Low,0.6060606060606061,0.7121048167799457,1.8181818181818181,0.30303030303030304,0.10815222267851685,1.2121212121212122,0.7384393843963291,0.057627311484380175,0.39165764922897023,0,0.600857642203176
Lucas Boyé,1960,1,Alaves,La Liga,F M S,High,0.3673469387755102,0.40747844521906607,2.8928571428571423,0.04591836734693878,0.1244207672033535,1.2857142857142856,0.5599042681492485,0.17334586147656095,0.176250920261419,0,0.6001400964537096
Said Benrahma,757,1,Lyon,Ligue 1,F M S,Low,0.11889035667107001,0.2456983505370516,2.0211360634081905,0.35667107001321,0.2723370738760562,1.7833553500660502,0.6163079411165402,0.24805922174390743,0.12156447801081573,4,0.5997806879770695
Tasos Douvikas,3556,2,Como,Serie A,F S,High,0.46355208143973825,0.5727561010317659,2.448645700781676,0.09271041628794764,0.09645696707751139,0.8943828394837302,0.7392786393425255,0.13957312086641444,0.24328105499040428,0,0.5983383920201623
Jéremy Doku,3301,2,Manchester City,Premier League,F M S,High,0.2221925668913058,0.16560857064297166,1.8676186027890838,0.29425502101821577,0.33840991887115746,2.540201507973577,0.8195946622204154,0.42825439107623775,0.08747608672096821,2,0.5977981671364232
Ibrahima Niane,907,1,Angers,Ligue 1,F S,Medium,0.19845644983461963,0.6919652494666595,2.976846747519294,0.09922822491730982,0.10873820084376135,0.8930540242557884,0.8893979741250142,0.20674585902810824,0.25778557111819583,0,0.5969274059973895
Oliver Burke,2571,2,Union Berlin,Bundesliga,F M S,High,0.3755320036718685,0.3821429428215851,2.3282984227655845,0.0751064007343737,0.13060080148494174,1.2843194525577901,0.5786223218608487,0.12318272081736999,0.16890688376144147,3,0.5930275703174098
Rayan Fofana,759,1,Lens,Ligue 1,F M S,Low,0.5928853754940712,0.7488519887222721,4.268774703557312,0.0,0.03991179094601996,0.5928853754940712,0.8891960762058324,0.16942973222892746,0.17542551217290261,0,0.592213890396486
Lukas Nmecha,1503,2,Leeds,Premier League,F S,Medium,0.40632054176072235,0.5992175135619594,2.920428893905192,0.06348758465011287,0.11787984576170873,0.8507336343115125,0.719356048651435,0.13414705549019892,0.25989802928606925,0,0.5910708901229571
Vincenzo Grifo,4243,2,Freiburg,Bundesliga,M S,High,0.22614274258219727,0.16846588031712206,1.9919807538091419,0.3079390537289495,0.3001414306085398,2.18925421010425,0.5175368389549404,0.24705530282441576,0.14929828716227334,4,0.5906235388667993
Steve Mounie,299,1,Augsburg,Bundesliga,M S,Low,0.3010033444816054,1.194669374679044,6.321070234113712,0.0,0.016705871973946716,0.6020066889632107,1.2248009956600676,0.11518854541971929,0.18899795927462124,0,0.5904900481319888
Irvin Cardona,1679,1,Saint-Etienne,Ligue 1,F M S,Medium,0.3216200119118523,0.2760282329862195,1.8225134008338295,0.21441334127456818,0.16037504398943483,1.5008933889219773,0.48250615779818556,0.12247504191633986,0.16781096999279796,3,0.5892719185672405
Rayan,1146,1,Bournemouth,Premier League,M S,Medium,0.39267015706806285,0.20956104153191857,2.1989528795811517,0.15706806282722513,0.21823851737871533,1.0994764397905759,0.49773930581725395,0.22169573646994473,0.09530037841094392,4,0.5892211125124545
Jota Silva,799,1,Nottingham Forest,Premier League,M S,Low,0.3379224030037547,0.30848478413512176,2.590738423028786,0.11264080100125155,0.37792332677895646,1.5769712140175218,0.49258219255355934,0.0989153939596516,0.11907214614684167,4,0.5890981455248425
Gaetan Perrin,3064,2,Lille,Ligue 1,F M S,High,0.3221957040572792,0.19910186152629608,1.9403341288782816,0.315035799522673,0.2839994042720601,2.448687350835322,0.4925335124846289,0.2046603186673936,0.10268071009563294,4,0.5849990899482498
Shuto Machino,2947,2,Borussia M.Gladbach,Bundesliga,F M S,High,0.3576437587657784,0.3228250178305999,2.2510518934081345,0.091164095371669,0.10218009356602628,1.2201963534361853,0.5601881759444991,0.2310672351048128,0.16201101650178765,3,0.5836940095747636
Edon Zhegrova,1007,1,Lille,Ligue 1,F M,Medium,0.3574975173783515,0.19093569081420936,2.0556107249255215,0.08937437934458788,0.21783160522040035,1.429990069513406,0.7628944087792058,0.3821602135215994,0.09288514041058395,4,0.5820832694853101
Giovani Lo Celso,2833,2,Real Betis,La Liga,F M S,High,0.24041483343808923,0.17325146327329075,2.0223130106851035,0.19091766184789438,0.2339133195620613,2.3475801382778125,0.6434294257089401,0.3791919447824658,0.11584703467564651,4,0.5774123445157907
Ritsu Doan,5326,2,Eintracht Frankfurt,Bundesliga,D F M S,High,0.24653377723460743,0.20045838421791912,1.7029794765898267,0.20101984912975682,0.19019007913109234,1.1492266846474777,0.5551818202579901,0.2871595065424713,0.11600038507062396,4,0.5744637335947543
Noah Okafor,2027,2,Leeds,Premier League,F M S,High,0.40824742268041236,0.37488013186597646,2.1061855670103093,0.04639175257731959,0.13317324066745867,1.1412371134020618,0.6408350754586847,0.2013831763077028,0.1784056180066642,0,0.572669366330833
Tim Lemperle,2008,1,Hoffenheim,Bundesliga,F M S,High,0.3137450199203187,0.38789182952401113,2.3754980079681274,0.08964143426294821,0.11543398568095023,1.1653386454183268,0.5990356195484292,0.13106449994173242,0.17758630971723008,3,0.5704563153491191
Borja Iglesias,3871,2,Celta Vigo,La Liga,F S,High,0.48657042618047963,0.46271003270674416,2.142980387645942,0.11387818485075056,0.10875542666830558,0.8126761373439926,0.6979088965819883,0.18114691744773573,0.2518160481356199,0,0.5695616795519095
Romelu Lukaku,2913,1,Napoli,Serie A,F S,High,0.33985581874356335,0.31661320489233724,1.9773429454170957,0.30895983522142123,0.1311234168585555,1.050463439752832,0.5234038090500233,0.1510432202860053,0.207701709237881,0,0.5686228418123338
Bazoumana Touré,2993,2,Hoffenheim,Bundesliga,D F M S,High,0.15678349940770678,0.2071643829324677,1.9817434325134138,0.3574663786495715,0.27046049787813414,1.70580447355585,0.6053889131182707,0.20735514368860616,0.1052818279819081,4,0.5652389947956934
Benjamin Sesko,4072,2,Manchester United,Premier League,F S,High,0.4970988618611917,0.5012711125483773,2.897232760544521,0.12553001562151306,0.06605902316139775,0.6075652756081231,0.6555740033787453,0.13234724867939318,0.18023538812798326,0,0.5618312956626274
Reiss Nelson,491,1,"Arsenal,Fulham",Premier League,M S,Low,0.18329938900203666,0.25995931396537786,2.016293279022403,0.18329938900203666,0.2072465601102155,2.3828920570264764,0.8678168848976341,0.5640083119698066,0.12892931632020257,2,0.5579751918275049
Kento Shiogai,292,1,Wolfsburg,Bundesliga,M S,Low,0.3082191780821918,0.5798860143053611,2.773972602739726,0.0,0.17593944751440663,0.6164383561643836,0.8789325921400771,0.14271202407879374,0.20904532861378453,0,0.557603034609351
Phillip Tietz,3494,2,"Augsburg,Mainz 05",Bundesliga,F S,High,0.30784822955596375,0.442705821614497,2.6167099512256926,0.1026160765186546,0.08853371002727699,1.0204598720466207,0.6112705694541384,0.15257705718136358,0.18580114310293946,0,0.556505995868542
Daniel Mosquera,1899,2,Verona,Serie A,F S,High,0.22056120573459134,0.3766398187719889,3.3966425683127066,0.15439284401421394,0.1365112606698487,0.8050484009312584,0.5515513539947856,0.18899597551670458,0.10593587884553092,3,0.5549624478516226
Shavy Babicka,1147,1,Toulouse,Ligue 1,M S,Medium,0.3138622493461203,0.2731022139509398,1.5693112467306012,0.15693112467306014,0.18723009578045702,1.020052310374891,0.5811012100749879,0.16130350668181412,0.17402679966762663,3,0.554748484559469
Cristhian Stuani,1357,2,Girona,La Liga,F S,Medium,0.6531881804043546,0.6250886898342966,3.59253499222395,0.1244167962674961,0.03695103454274671,0.5909797822706064,0.6104405650732861,0.07896097646345432,0.271877842328747,0,0.5542786262650454
Rémy Cabella,1567,2,Nantes,Ligue 1,F M S,Medium,0.11861180260653095,0.29703220664835167,2.1745497144530677,0.10543271342802751,0.20433357047910733,2.3590569629521156,0.7051068273978329,0.36813533106792334,0.18272701693480467,4,0.55053625746263
Álex Baena,4254,2,Atletico Madrid,La Liga,F M S,High,0.18356502603188235,0.1677135969617889,2.0530298964092104,0.24636358756910523,0.40228667115183486,2.94670173366969,0.7302726537235551,0.36058528636733217,0.08487312167307694,2,0.5470572919647974
Emersonn,1517,1,Toulouse,Ligue 1,F S,Medium,0.41529334212261043,0.43991648091706853,3.025708635464733,0.11865524060646011,0.11146574598554726,1.127224785761371,0.4667030720208418,0.07036368339276464,0.145392876154944,0,0.5460906437852848
Umar Sadiq,2068,2,"Real Sociedad,Valencia",La Liga,F S,High,0.3870967741935484,0.437450435216869,2.4193548387096775,0.0967741935483871,0.11757603234220897,0.7548387096774194,0.617177300281342,0.13226185412176195,0.18069734783652222,0,0.5457555500199578
Robin Hack,2538,2,Borussia M.Gladbach,Bundesliga,M S,High,0.1806365287202523,0.2043558434926562,2.468699225843448,0.24084870496033636,0.1936639304255295,1.6171270190194014,0.5130762048403903,0.21381056973908083,0.08342791742024852,4,0.5444307945809299
Roony Bardghji,612,1,Barcelona,La Liga,F M S,Low,0.14705882352941177,0.25793918435845303,3.2352941176470584,0.14705882352941177,0.2806630903197562,2.0588235294117645,1.0741843929623855,0.742684081196785,0.07972665698352185,2,0.5443536808287428
Keke Maximilian Topp,617,1,Werder Bremen,Bundesliga,F S,Low,0.1458670988654781,0.29481931301241365,3.646677471636953,0.1458670988654781,0.12739054162834124,1.312803889789303,0.6714747869069997,0.3051913606615758,0.080846007168293,4,0.5437011715370901
Dejan Kulusevski,2391,1,Tottenham,Premier League,F M S,High,0.26348808030112925,0.20790310169907855,1.769134253450439,0.15056461731493098,0.24476727351564984,2.4090338770388957,0.6027371836931373,0.21731341871172377,0.11751685961288341,4,0.5432034064348766
Tijjani Reijnders,4778,2,Manchester City,Premier League,F M S,High,0.2818733738074588,0.2453382825842394,2.3980919340849955,0.11274934952298352,0.15312641938212948,1.1882046834345186,0.7353691128950892,0.446802061317684,0.10256826631811083,4,0.5424224733663613
Adam Daghim,1328,1,Wolfsburg,Bundesliga,F M S,Medium,0.13554216867469882,0.21068735022928162,1.8298192771084338,0.2033132530120482,0.20837483224907824,1.2198795180722892,0.6632503193904118,0.30196308761453594,0.11514107041336873,4,0.5413900588360215
Grischa Prömel,1696,1,Hoffenheim,Bundesliga,M S,Medium,0.3714622641509434,0.27223438268334094,2.2287735849056607,0.10613207547169809,0.13900674986081935,0.9021226415094338,0.5677472958385171,0.1851210692888653,0.12214537381771065,3,0.5405351520126661
Kazeem Olaigbe,288,1,Rennes,Ligue 1,F M S,Low,0.0,0.07260979095008221,1.875,0.625,0.7432856888044626,4.6875,1.2878623831784353,0.5736679874826224,0.03872522184004385,2,0.5374834886049114
Pedro Neto,4905,2,Chelsea,Premier League,F M S,High,0.16556737111320502,0.17538867622557747,1.8818145107013058,0.21806434244178222,0.2662602161166485,1.8131646251177818,0.6222018854197896,0.30506441813187446,0.0970801966205536,4,0.532182382119496
Pere Milla,2407,2,Espanyol,La Liga,F M S,High,0.36362073411845613,0.3445854094201297,2.622711252471418,0.038683056821112345,0.1707047547465838,1.4699561592022694,0.487520547354251,0.13274945626844725,0.1314922208244749,3,0.5311852553029299
Gorka Guruzeta,4257,2,Athletic Club,La Liga,F M S,High,0.33815430541973335,0.38017458043360935,3.038756498018426,0.10654176746101189,0.10799228920907561,0.8801276442431416,0.5433495945624911,0.1355686820575649,0.13022563854613287,3,0.5303795639643537
Georginio Rutter,3463,2,Brighton,Premier League,F M S,High,0.20145817344589415,0.21512565143507886,2.359938603223331,0.15541059094397547,0.20446747307703528,1.1569455103607063,0.5469734907895041,0.18564963906628873,0.08861022133189166,4,0.530235080557359
Danny Welbeck,4438,2,Brighton,Premier League,F S,High,0.43118075656253113,0.40852763397987785,2.317596566523605,0.09432079049805368,0.08812182320501052,0.8623615131250623,0.6153135521104814,0.21322613053887557,0.20568596041029652,0,0.5297504532380641
Ludovic Ajorque,5367,2,Brest,Ligue 1,F,High,0.3407126985433298,0.3577943077492877,1.8183688585301623,0.19628014155213563,0.11610367630082054,1.2776726195374868,0.4959539478846614,0.14219628634706474,0.2017171526966971,3,0.5295557855908578
Timo Werner,488,1,Tottenham,Premier League,F M S,Low,0.0,0.17580034699840622,1.4754098360655739,0.5532786885245902,0.5681528689980996,1.8442622950819672,1.0451175695758497,0.3157801965831733,0.11915356852114202,2,0.52939215651623
Nathan Mbala,426,1,Metz,Ligue 1,F M S,Low,0.4225352112676056,0.14774289926592732,3.1690140845070425,0.4225352112676056,0.22677047938947947,2.7464788732394365,0.40337053429282893,0.11874301437760743,0.04662109265724818,4,0.5278147760253841
Alexander Bernhardsson,1288,1,Holstein Kiel,Bundesliga,F M S,Medium,0.4891304347826087,0.27819891829008925,1.8866459627329193,0.13975155279503104,0.11850938070796849,1.0481366459627328,0.5450717740408753,0.2030684416737662,0.14745687520890327,3,0.527410857419623
Rodrigo Muniz,1923,2,Fulham,Premier League,F S,High,0.38306683538479236,0.5184835183328018,3.313010468192799,0.09317841941792247,0.08211570882107637,0.7040147244909698,0.5686805611627364,0.14137864333551636,0.15430867733440753,0,0.5254384824440869
Alex Berenguer,4572,2,Athletic Club,La Liga,F M S,High,0.1494213584647688,0.23427056499957744,1.8809512183212074,0.18897407099956054,0.22650608249542373,1.9205039308559988,0.5156432570716507,0.20788549052966956,0.13099275393435683,4,0.5205621089107928
Jean Négoce,2243,2,Eintracht Frankfurt,Bundesliga,F M S,High,0.2010880124344278,0.1575019754596418,1.6174470565377888,0.27977462599572567,0.25121504314242343,1.9496794249077134,0.5986183965718003,0.29249649861480437,0.11200604008319567,4,0.5203850166034746
Jesús Rodriguez,2871,2,Como,Serie A,F M S,High,0.12261580381471389,0.20185547628330844,2.159400544959128,0.3065395095367847,0.24712914692324253,1.4713896457765667,0.5928422613906845,0.2071839721482603,0.09469602671557234,4,0.5202076729113543
Eli Junior Kroupi,1708,1,Bournemouth,Premier League,F M S,Medium,0.5796252927400468,0.38607175554643963,2.740046838407494,0.0,0.09567874202949694,1.1592505854800936,0.6142283153809625,0.2678431862358885,0.17017541671744907,0,0.5192670726422475
Dominik Szoboszlai,5755,2,Liverpool,Premier League,D F M,High,0.18510054844606946,0.16401717232959942,2.1320840950639854,0.20223948811700185,0.259173389931143,2.1183729433272394,0.7458484742511234,0.4719649104638131,0.08114194879694815,4,0.518476612355695
Armand Lauriente,2655,1,Sassuolo,Serie A,F M S,High,0.23728813559322035,0.148889792009683,2.406779661016949,0.30508474576271183,0.28864167513862504,1.8305084745762707,0.5026332388742495,0.26467965568526314,0.06186266006036124,4,0.5169522674248528
Brais Méndez,3260,2,Real Sociedad,La Liga,F M S,High,0.22579332790886897,0.2376123997678357,1.7819365337672903,0.1098454027664768,0.15699403842060883,1.3547599674532138,0.5328187016896035,0.20633040309563108,0.1579414883934929,3,0.5160049153220304
Raúl Jiménez,4746,2,Fulham,Premier League,F S,High,0.2589744799282985,0.3963029718841816,3.1798669748573043,0.11462804849285343,0.11054125942946706,0.9552337374404453,0.5199942403263886,0.12474990286021936,0.1576597682935773,3,0.5157684105421207
Christopher Nkunku,2221,2,AC Milan,Serie A,F S,High,0.1936051628043415,0.44689115640633825,2.1560574948665296,0.20240539747726605,0.14188731444388164,1.1968319155177474,0.6220486935421531,0.17848248641864753,0.2941295507556198,0,0.5151280282490256
Andrés Gómez,318,1,Rennes,Ligue 1,M S,Low,0.8490566037735848,0.42647678914638054,2.547169811320755,0.0,0.0546503038901203,1.4150943396226414,0.6823717261541565,0.2211158133972928,0.167431628331542,0,0.5097560103393798
Fábio Vieira,2241,1,Hamburger SV,Bundesliga,F M S,High,0.24096385542168675,0.16613833662346902,2.3694779116465865,0.20080321285140562,0.18629120629146156,1.566265060240964,0.4939268225706725,0.21911350748385772,0.08295968337521209,4,0.5088705352762343
Jens Stage,4704,2,Werder Bremen,Bundesliga,M,High,0.3801924430884769,0.26302450125596805,1.9474301807087537,0.12673081436282563,0.12815246866468222,0.9378080262849097,0.5256563912717789,0.2546230232619786,0.13756889440623435,3,0.5085316664265137
Jakub Kaminski,3031,1,FC Cologne,Bundesliga,D F M,High,0.20785219399538107,0.23654981857673912,1.8409765753876608,0.08907951171230617,0.16596418840755964,1.4846585285384362,0.5474542755620073,0.27994528442316424,0.1284914874742108,4,0.5079258989085811
Robert Glatzel,594,1,Hamburger SV,Bundesliga,F S,Low,0.30303030303030304,0.31621810923697374,2.4242424242424243,0.30303030303030304,0.1308606844395399,0.9090909090909091,0.45849189021144854,0.0891614095731215,0.17780101241078228,3,0.5054665427229882
Thiago Almada,2261,2,Atletico Madrid,La Liga,F M S,High,0.16488284639861153,0.2234202915399034,1.7095747758171826,0.18223893549320225,0.20484015506675798,1.9785941567833383,0.8166194938194349,0.5225879948242469,0.13953704341647769,4,0.5039140366450624
Léo Scienza,1154,1,FC Heidenheim,Bundesliga,F M S,Medium,0.23396880415944543,0.17617724960156597,2.9636048526863084,0.23396880415944543,0.32948598296315357,2.6516464471403816,0.4730203392006702,0.134864666739695,0.05944694328661028,4,0.5033555912907289
Antonio Nusa,3591,2,RasenBallsport Leipzig,Bundesliga,F M S,High,0.17548135510601998,0.18493460331501654,2.1990007311723128,0.14806239337070437,0.20416092250474357,1.3435291250304655,0.638199910877194,0.31263772970918485,0.08340520291248779,4,0.5029008743420431
Adrien Thomasson,5354,2,Lens,Ligue 1,M S,High,0.10070451719850808,0.2156801154598489,1.4285122254455036,0.27227517612929963,0.24774538657531128,2.312474098632408,0.7359899705313717,0.42225979604954006,0.1509806307860052,4,0.500740921014285
Sepe Elye Wahi,1831,2,Nice,Ligue 1,F S,High,0.294049008168028,0.4319609545123445,2.289381563593932,0.147024504084014,0.09005253869157759,0.882147024504084,0.6111227078461104,0.13436316733564768,0.21412593507236685,0,0.5004653287662859
Nadiem Amiri,4613,2,Mainz 05,Bundesliga,F M S,High,0.1750632172729041,0.1750287300374658,2.267068663684108,0.13129741295467806,0.2881810357393811,2.485897685275239,0.5496050939867858,0.30444093332172134,0.14660456437916997,4,0.5000552847795007
Carlos Espí,1328,1,Levante,La Liga,F S,Medium,0.7454819277108434,0.6698921278500594,3.8629518072289155,0.0,0.04675700601347419,0.6099397590361446,0.6318719286740901,0.02446620137408286,0.17341457032843643,0,0.4980837164048081
Jarrod Bowen,6409,2,West Ham,Premier League,F M,High,0.27261462205700127,0.22856835716737545,2.301734820322181,0.26951672862453535,0.2251956628663223,1.301115241635688,0.41428181893264937,0.10051377613300545,0.10806684954229256,4,0.49577247428109533
Santiago Hidalgo,1297,1,Toulouse,Ligue 1,F M S,Medium,0.27756360832690824,0.27745755586080945,2.2898997686969933,0.4163454124903624,0.18893873061246616,0.9020817270624518,0.4607058358691064,0.14417963425586475,0.12116580806446797,4,0.4956897395830237
Santiago Giménez,1570,2,AC Milan,Serie A,F S,Medium,0.25052192066805845,0.4226603159887059,2.8434237995824634,0.16283924843423803,0.1187609121327858,0.5511482254697286,0.5650021211712744,0.12667992690068694,0.1601812673264237,3,0.4926225684396097
Giovanni Simeone,2622,2,Torino,Serie A,F M S,High,0.4161115900007837,0.4582419081247836,3.117310555599091,0.02821095525429041,0.09366666442213172,1.0367526055951728,0.5985974465781395,0.08258676852941299,0.14674356222433477,0,0.4853066133646931
Dzenan Pejcinovic,1445,1,Wolfsburg,Bundesliga,F S,Medium,0.4982698961937716,0.5164212143067979,3.176470588235294,0.0,0.10248712339409495,0.7474048442906575,0.6142374263902333,0.10903158740085717,0.1625770489484364,0,0.48457334202468044
Luka Jovic,549,1,AC Milan,Serie A,F S,Low,0.32786885245901637,0.3722185311747379,1.8032786885245902,0.0,0.1877174517292468,1.9672131147540983,0.5993408764727779,0.21569178027452018,0.20641209456053647,0,0.4839973563149927
Raba,1925,1,Leganes,La Liga,F M S,High,0.18701298701298702,0.16336212320035542,2.057142857142857,0.2805194805194805,0.2864548667394496,2.150649350649351,0.4516660275687645,0.11824130174982084,0.16387550842905926,4,0.4828234051376815
Mario Pasalic,3895,2,Atalanta,Serie A,M S,High,0.1388412752828248,0.21803421881796972,1.563249914295509,0.1851217003770998,0.24243201824836752,1.6866643812135755,0.8159699494304582,0.513380277240352,0.14806876939990155,4,0.48234637272738545
Gift Orban,2734,2,Verona,Serie A,F S,High,0.2840427988607498,0.46217140156012076,3.2491725040412596,0.06927873142945117,0.09174286257528666,0.7828496651527982,0.6164706730960621,0.11645567108964537,0.17621836798499677,0,0.48063588928184936
Anas Haj Mohamed,450,1,Parma Calcio 1913,Serie A,M S,Low,0.2,0.21022922173142433,1.4,0.4,0.2537047132849693,1.8,0.5118338368833065,0.18597251623868943,0.15016372980816023,4,0.4792451130164288
Duván Zapata,1685,2,Torino,Serie A,F S,Medium,0.3104241185487992,0.35679978593102696,2.920286152273889,0.05748594787940726,0.18087228471970052,0.9887583035258048,0.5320882251249188,0.06372948284948594,0.13657053774224773,3,0.4786248776245517
Antonio Martínez,3715,2,Alaves,La Liga,F S,High,0.41396933560477,0.3870839928062649,3.2759795570698467,0.07666098807495741,0.11151003665917472,0.858603066439523,0.49361092661026695,0.11998670627529617,0.12679388297527544,3,0.4761162467995156
Esteban Lepaul,4399,2,"Angers,Rennes",Ligue 1,F S,High,0.5570565407476543,0.4101546392625785,2.648229110379722,0.11052709141818538,0.09516134998582373,0.6322149629120204,0.5196356091324617,0.1030167913159611,0.1801507942474525,0,0.4740892981743793
Azz-Eddine Ounahi,1777,1,Girona,La Liga,F M S,Medium,0.20258863252673046,0.15735433841009924,2.583005064715813,0.10129431626336523,0.27554465509158677,1.7726505346088912,0.662333803418049,0.4084904390226339,0.07549316954671169,4,0.47329127716981007
Thijs Dallinga,1909,2,Bologna,Serie A,F S,High,0.23512646954043462,0.44434505905975935,2.607766298539366,0.19237620235126468,0.061524529822932515,1.0473815461346634,0.5717261492081934,0.08482619315799886,0.17082143316812118,3,0.4730143022490467
Yann Gboho,4982,2,Toulouse,Ligue 1,F M S,High,0.23949971171331005,0.1985660004947288,1.9359560030159224,0.14369982702798603,0.15427131490972656,1.6166230540648425,0.5049485249436829,0.21558356972027712,0.10263050825522796,4,0.47197103527868095
Kevin Schade,5113,2,Brentford,Premier League,F M S,High,0.3253992166315155,0.36115282892354117,1.956269099987087,0.08909740455386732,0.14598174542329748,0.918090646924633,0.5808614942257251,0.1400643145538934,0.19335970324661586,3,0.4718719741208836
Giuliano Simeone,4141,2,Atletico Madrid,La Liga,D F M S,High,0.13463696105145054,0.2044180138023174,1.2886680557781696,0.25965699631351186,0.2710692602188699,1.1588395576214137,0.7661217401715631,0.3852925391631605,0.15543839841150242,4,0.47156467656922907
Neal Maupay,1938,2,Sevilla,La Liga,F S,High,0.27095877721167205,0.3060523825367605,1.6778601204261232,0.21885132005558128,0.12483069727425052,1.2193144974525243,0.5166185105106464,0.13213079251028034,0.1843762055656216,3,0.47007593000935116
Moise Kean,4764,2,Fiorentina,Serie A,F S,High,0.43511233292255186,0.6430455564445062,3.881884538818845,0.07251872215375864,0.04096523725649019,0.3881884538818845,0.6327830963583636,0.0567688537560808,0.1835211145492962,0,0.46878363870734646
Benedikt Pichler,751,1,Holstein Kiel,Bundesliga,F S,Low,0.11984021304926765,0.25917272116944257,2.396804260985353,0.2396804260985353,0.1531244486386822,1.3182423435419441,0.4876890678836725,0.21631121129472158,0.10813261866569518,4,0.46807692717630295
Badredine Bouanani,1534,2,VfB Stuttgart,Bundesliga,F M S,Medium,0.10930620919993926,0.18655775650188774,2.7873083345984515,0.1639593137999089,0.19139493788312995,1.4892971003491726,0.7124652997783596,0.421367033488095,0.08303798078862228,4,0.46802318973556467
Dilane Bakwa,3100,2,Nottingham Forest,Premier League,M S,High,0.1667181228774313,0.16135817838763153,1.7574868786662552,0.2917567150355048,0.2569562581049491,1.715807347946897,0.570151225924515,0.304858560707534,0.09150492084593172,4,0.465222364229526
Terem Igobor Moffi,484,1,Nice,Ligue 1,F S,Low,0.371900826446281,0.45579189958035454,2.975206611570248,0.0,0.12347998636320603,0.9297520661157025,0.6239147404254962,0.10030147765786195,0.15319672180339694,0,0.46513117239577856
Martin Odegaard,3690,2,Arsenal,Premier League,M S,High,0.07263922518159806,0.14301047046525026,1.709815608120693,0.34643322778915997,0.31458661498973367,2.469733656174334,0.7653379712366907,0.4748820538292064,0.09009431535567121,2,0.4630818640102718
Lazar Samardzic,2124,2,Atalanta,Serie A,M S,High,0.17050836754025891,0.20448926737444387,2.4344805809914747,0.08525418377012946,0.23826591781083814,2.6523523839595833,0.7129348296040441,0.3948993288347557,0.08623673758742198,4,0.4623936923117742
Ibrahim Salah,349,1,Brest,Ligue 1,F M S,Low,0.25787965616045844,0.20971901874914553,3.35243553008596,0.25787965616045844,0.2194904128254997,1.5472779369627507,0.36084360701904594,0.13843568282089808,0.06255721157559982,4,0.46211405517340853
Joaquín Panichelli,2202,1,Strasbourg,Ligue 1,F M S,High,0.44959128065395093,0.4150716841159952,2.370572207084469,0.04087193460490463,0.12067336627162932,0.8583106267029973,0.5985948816449342,0.1583284061473137,0.2537239884379609,0,0.45938208728368257
Arnaud Kalimuendo Muinga,4061,2,Eintracht Frankfurt,Bundesliga,F M S,High,0.39717114568599715,0.3666054041879686,2.311739745403112,0.08656294200848656,0.09937659742935037,0.9471004243281471,0.5546732903264535,0.14265612166011352,0.20665888470101362,0,0.4579931773937952
Mama Baldé,1889,2,Brest,Ligue 1,F M S,High,0.19593613933236576,0.30913861914495955,2.993468795355588,0.23947750362844702,0.12850522015011276,1.0776487663280117,0.47882766153322776,0.09305042746248392,0.10558172355646905,3,0.45677127403451906
Martin Baturina,1579,1,Como,Serie A,F M S,Medium,0.34198860037998724,0.10835864878435957,1.5959468017732743,0.17099430018999362,0.3816671103257934,3.4768841038632043,0.6759495669273994,0.4026243485335763,0.067896153345438,2,0.45022316199193474
Harry Wilson,3901,2,Fulham,Premier League,M S,High,0.3628439117406701,0.21192812398725522,2.7556524107872513,0.19122854807954237,0.16356972328358532,1.2993734677199673,0.40281390854178056,0.15068110770760781,0.07635172942839936,4,0.4501475103094316
Jonathan Ikone,1938,2,Paris FC,Ligue 1,F M S,High,0.2336606840501185,0.32386336917145314,2.2858110396207243,0.05079580088046055,0.14897465445996944,0.8736877751439214,0.6230373457679698,0.22793199649396645,0.1422499382793096,3,0.4498611836475762
Maximilian Breunig,322,1,FC Heidenheim,Bundesliga,F S,Low,0.2795031055900621,0.6274823851952827,3.0745341614906834,0.0,0.053516533283620875,1.1180124223602483,0.7646814912488187,0.09556901577559317,0.27297901920974255,0,0.4497694370948107
Matt O&#039;Riley,1659,2,Marseille,Ligue 1,M S,Medium,0.11003939682108409,0.16508811891216604,1.5038717565548159,0.22007879364216817,0.3069836523542261,1.7606303491373454,0.6951740690106049,0.39481410991024457,0.13116072715801538,4,0.44942562685977644
Tinotenda Kadewere,514,1,Nantes,Ligue 1,M S,Low,0.17509727626459143,0.3219754476433598,1.4007782101167314,0.35019455252918286,0.17947304327084396,1.4007782101167314,0.5786209225886527,0.0771724271084316,0.22985469456762078,4,0.4485752570328621
Mehdi Taremi,781,1,Inter,Serie A,F S,Low,0.0,0.29544703714864357,1.6133162612035852,0.23047375160051214,0.21080667250783738,1.728553137003841,0.7361564520989735,0.2641249775037494,0.23750875544335165,4,0.44828789230639304
Thierno Barry,4243,2,Everton,Premier League,F S,High,0.38109352670301166,0.4907142207685451,2.2960884983856453,0.07621870534060234,0.09377182594466026,0.7431323770708728,0.6074159371348217,0.12786428343526554,0.22382288044629622,0,0.4481454379884224
Ferrán Jutglà,1702,1,Celta Vigo,La Liga,F M S,Medium,0.4759106933019977,0.34889323698722274,2.3795534665099884,0.15863689776733256,0.08218404113563473,0.7931844888366627,0.4754688998314385,0.15131260816677616,0.146621306012902,3,0.4476357067806257
Maroan Sannadi,743,1,Athletic Club,La Liga,F S,Low,0.12113055181695828,0.39399480655247876,2.301480484522207,0.12113055181695828,0.14600429756624542,0.847913862718708,0.6224997797893163,0.1822208295279204,0.17119189547865013,3,0.4475631291095443
Ahmadou Bamba Dieng,1734,2,Lorient,Ligue 1,F S,Medium,0.5834862385321101,0.5283153621702018,3.1376146788990824,0.05504587155963303,0.06448549999077932,0.6495412844036698,0.48389737894502255,0.0998148720335523,0.20499362389763076,0,0.4470721110609778
Jonas Wind,2446,2,Wolfsburg,Bundesliga,F S,High,0.32443491816056114,0.22978407184543292,1.7975448168355417,0.10522213561964146,0.1786369461180034,1.376656274356976,0.447167615015684,0.1914316938612218,0.15733385884249476,3,0.44600573190982734
George Hirst,609,1,Ipswich,Premier League,F S,Low,0.4433497536945813,0.4062283162045949,2.0689655172413794,0.14778325123152708,0.0596539732160533,0.5911330049261083,0.6254501783018336,0.18369010388117119,0.19634368616555417,0,0.44416773646425195
Ilan Kebbal,2247,1,Paris FC,Ligue 1,F M S,High,0.24032042723631508,0.12663190157335497,2.0026702269692924,0.1602136181575434,0.20082511510128012,2.403204272363151,0.5505909344979695,0.3025420340591263,0.12403782691806554,4,0.44268227836933965
Haris Tabakovic,3213,2,Borussia M.Gladbach,Bundesliga,F S,High,0.4536527886881383,0.4734154695166511,2.6806755695208175,0.08248232521602514,0.09594240221827756,0.6834249803613511,0.49892314258693654,0.09784177299413338,0.1977555953029953,0,0.4413428348847978
Beto,3072,2,Everton,Premier League,F S,High,0.5007225433526011,0.5970018444895056,2.6726878612716765,0.03251445086705202,0.0687117485149166,0.7023121387283237,0.6096339202997397,0.05930257005875424,0.2258319655599867,0,0.4407668297042785
Noa Lang,645,1,Napoli,Serie A,F M S,Low,0.13953488372093023,0.19049169253124745,1.255813953488372,0.27906976744186046,0.2755756545378718,1.9534883720930232,0.5823934696788011,0.385677109450795,0.1516878292378452,4,0.4401898864165685
Goduine Koyalipou,1578,2,Angers,Ligue 1,F S,Medium,0.2707348517404383,0.5053409529977159,3.5840137516115167,0.06446067898581864,0.06815793354514078,0.7864202836269875,0.6057916689691341,0.10673871848989977,0.15451689972099772,0,0.4397406381346749
Yeremi Pino,4118,2,Crystal Palace,Premier League,F M S,High,0.12576588197355693,0.18279075536964615,1.6494679135762658,0.1838116736536601,0.31761960007378853,1.9155111254434054,0.610264655226954,0.23063615042270577,0.1142806827988555,4,0.43715411485523675
André Silva,2351,2,Elche,La Liga,F S,High,0.2797016515716569,0.39142220051583054,2.9808204581779436,0.06393180607352157,0.09759465602638877,1.134789557805008,0.4995618152075394,0.13610675583653584,0.1867516048560521,3,0.4365552341445679
Othmane Maamma,326,1,Montpellier,Ligue 1,M S,Low,0.27607361963190186,0.2681848621338697,2.7607361963190185,0.27607361963190186,0.1893667322497792,0.8282208588957056,0.4324207825449073,0.06686132984018762,0.0971425167284906,3,0.43358164353302336
William Osula,777,1,Newcastle United,Premier League,F S,Low,0.8108108108108109,0.5693508674566811,2.664092664092664,0.0,0.05173605956626215,0.694980694980695,0.5919429051427307,0.04338954733576784,0.21371286184243535,0,0.4313405891055446
Jovan Milosevic,476,1,Werder Bremen,Bundesliga,F S,Low,0.5672268907563025,0.43857620254221585,2.26890756302521,0.18907563025210083,0.04606740048327364,0.5672268907563025,0.5345755602632251,0.07977068940756701,0.19329840037971735,0,0.43071673809043226
Hakan Calhanoglu,3673,2,Inter,Serie A,M S,High,0.1814737871196383,0.06699156027492562,2.386655260906758,0.24196504949285105,0.2505543835032752,2.1776854454356593,0.5802705596399952,0.4834460456857075,0.09953734142147004,4,0.42420838182376963
Jack Grealish,2334,2,Everton,Premier League,F M S,High,0.11474364811947911,0.16809374938653926,1.5572352244786452,0.2786631454330207,0.24959895073181512,2.3440488115836446,0.6016018178187431,0.27097939530331716,0.11014130231656773,4,0.42344906385374664
Zuriko Davitashvili,2815,1,Saint-Etienne,Ligue 1,F M S,High,0.22380106571936056,0.20815752541934193,2.238010657193606,0.2557726465364121,0.181186563558678,1.6625222024866786,0.4024383079386308,0.11421081741699422,0.11472707273704665,4,0.4231228682545046
Pablo Torre,1916,2,Mallorca,La Liga,M S,High,0.3104117266652296,0.14799514292946314,1.4453546022849755,0.23280879499892218,0.1796178406387115,1.959474024574262,0.5301154655265665,0.33669352455746837,0.10434956241185174,4,0.42119525822653686
Amine Adli,1769,2,Bournemouth,Premier League,M S,Medium,0.2551775147928994,0.32297129073240877,1.952662721893491,0.05547337278106509,0.1116135969865494,1.386834319526627,0.5793296770790604,0.2257570330075611,0.16757189209449122,3,0.420806014140886
Vedat Muriqi,5231,2,Mallorca,La Liga,F S,High,0.4112320345601063,0.4380065550862235,2.9384398105840326,0.04860014953892166,0.08682792406941424,0.8523718534518567,0.5042984641149431,0.1080672697251084,0.19447780075174692,0,0.4200457543404299
Farès Chaïbi,1822,1,Eintracht Frankfurt,Bundesliga,D F M S,High,0.09879253567508232,0.17410090185485116,1.7288693743139407,0.4445664105378704,0.2487123181223542,1.9758507135016468,0.547517957503199,0.28338742292149793,0.10070217243794884,4,0.41875219534270497
Sirlord Conteh,1427,2,FC Heidenheim,Bundesliga,F M S,Medium,0.20022246941045607,0.32678525159649,1.4587637057047513,0.12871444462100748,0.17395799386113925,1.4444621007468617,0.5494080812014829,0.20728899613520063,0.2193229072152309,3,0.414918005827628
Suso,572,1,Sevilla,La Liga,F M S,Low,0.0,0.09959527226230064,2.5174825174825175,0.3146853146853147,0.3431796680784205,3.4615384615384617,0.8013930078595877,0.5706620293220023,0.039561455370858305,2,0.41331534335081815
Viktor Gyokeres,2255,1,Arsenal,Premier League,F S,High,0.43902439024390244,0.46248921482697813,2.1951219512195124,0.03991130820399113,0.10591418444366915,0.7982261640798226,0.589697686240837,0.13009254081781846,0.2522078325125304,0,0.4119319008232394
Fabián,3049,2,Paris Saint Germain,Ligue 1,M S,High,0.1417429128543573,0.18787260597131147,1.8021598920054,0.2699865006749662,0.20656187234671866,1.6131693415329234,1.0252588522960369,0.7609045945900825,0.10360662840569655,2,0.41121228999086473
Zakaria Aboukhlal,1935,1,Toulouse,Ligue 1,F M S,High,0.27906976744186046,0.4858303222545358,2.9302325581395348,0.09302325581395349,0.07883298830237499,0.6046511627906976,0.596976993388908,0.09500605231800743,0.18992924169888575,0,0.41017670369776865
Ander Barrenetxea,3065,2,Real Sociedad,La Liga,F M S,High,0.1216735448982496,0.15089156347526664,1.76106446563256,0.2369432190123808,0.2738494087279403,1.8507186566102176,0.6045406281134856,0.29816774129618384,0.08570207768138634,4,0.4081171279450394
Cristian Volpato,1060,1,Sassuolo,Serie A,F M S,Medium,0.16981132075471697,0.14850187120642866,1.7830188679245282,0.33962264150943394,0.24589262441468412,1.9528301886792452,0.5248184283879006,0.19217772449735762,0.08328676374540442,4,0.4077903885662301
Orri Óskarsson,1751,2,Real Sociedad,La Liga,F S,Medium,0.6555072834142601,0.6800922735099396,2.426526961410682,0.0,0.0352685956877994,0.4600051111679018,0.6943058085059254,0.025337999519993666,0.28299966965931,0,0.40619113462717427
Angelo Fulgini,1034,1,Lens,Ligue 1,D F M S,Medium,0.08704061895551257,0.20770176585828543,2.263056092843327,0.08704061895551257,0.23119992848550558,2.3500967117988396,0.7449570657753852,0.39370829019717135,0.09177932730660988,4,0.4027089689604195
Che Adams,4549,2,Torino,Serie A,F M S,High,0.29559591938293106,0.3048017442571224,2.333416272704653,0.0985319731276437,0.11098198266618804,1.0256282657377458,0.4987399877053895,0.1519958627718202,0.13733434156460547,3,0.402509390529872
Vitor Roque,1252,1,Real Betis,La Liga,F S,Medium,0.2875399361022364,0.436115097269392,2.9472843450479234,0.0,0.12583395040716036,0.8626198083067093,0.6288644543346077,0.11027104651240019,0.1479718433011596,3,0.4020453287367296
Jacob Bruun Larsen,1770,2,Burnley,Premier League,F M S,Medium,0.133613757268341,0.22947709214716108,1.8371891624396883,0.14474823704070272,0.1617053477617828,1.5142892490411977,0.5444269566289177,0.2074662808061096,0.11607621179716866,4,0.3996336668069991
Patrice Covic,326,1,Werder Bremen,Bundesliga,M S,Low,0.27607361963190186,0.3061991772311597,1.3803680981595092,0.0,0.2597300351191701,1.1042944785276074,0.7791374258674179,0.38503026949710273,0.22182429283857347,0,0.3987652139599891
Ernest Nuamah,1038,1,Lyon,Ligue 1,F M S,Medium,0.26011560693641617,0.18346365961122377,2.4277456647398843,0.08670520231213871,0.1699242024881647,1.5606936416184969,0.752498243230185,0.5230153113000654,0.07556955503033742,4,0.3927208303194987
Anton Kade,1740,1,Augsburg,Bundesliga,D F M S,Medium,0.3103448275862069,0.34718757016776963,2.4827586206896552,0.0,0.1600447524467419,1.293103448275862,0.5646535733650471,0.09532311587626564,0.13983943798424056,3,0.3910097546987409
Fabio Baldé,422,1,Hamburger SV,Bundesliga,F M S,Low,0.2132701421800948,0.20181953924668344,1.9194312796208532,0.2132701421800948,0.2645644340752425,1.066350710900474,0.5240334631319011,0.09826063615450925,0.10514548834827211,4,0.3907216109820822
Emiliano Buendía,1778,1,Aston Villa,Premier League,M S,Medium,0.30371203599550056,0.19156552455728482,2.4803149606299213,0.10123734533183353,0.1835554099408124,1.5185601799775028,0.46600324322791137,0.1865737571268938,0.077234354345318,4,0.3886071956169746
Marcus Edwards,1054,1,Burnley,Premier League,F M S,Medium,0.08538899430740038,0.19498652469303168,1.9639468690702087,0.25616698292220114,0.21740113627130211,1.7077798861480076,0.5202748552600958,0.2696655770548155,0.09928299373258716,4,0.385399649025487
Johan Bakayoko,764,1,RasenBallsport Leipzig,Bundesliga,F M S,Low,0.23560209424083772,0.27993185392029934,2.8272251308900516,0.0,0.15383162664941935,1.1780104712041886,0.7832828199208095,0.4679503011960945,0.09901293351625401,4,0.3849226471547551
Adrien Rabiot,5022,2,AC Milan,Serie A,M S,High,0.26243704161880355,0.20263037127931072,1.693911814085005,0.1590527524962446,0.1411942553563193,0.9980560219139347,0.628298904798287,0.37048001890595367,0.11840977961000226,4,0.3823560603965235
Mattias Svanberg,2046,2,Wolfsburg,Bundesliga,M S,High,0.270060013336297,0.31942588421030693,1.8904200933540787,0.09002000444543232,0.1338515034436875,0.9002000444543232,0.5251454794706968,0.2695563721989501,0.17501753153181185,3,0.3818779142479276
Keito Nakamura,2702,1,Reims,Ligue 1,F M S,High,0.36639526276831974,0.3075370427323085,2.8312361213915618,0.06661732050333086,0.10746233257982772,0.7994078460399704,0.5454224088042423,0.16929505264688474,0.10862288751146372,3,0.378379837675869
Scott McTominay,5736,2,Napoli,Serie A,M S,High,0.34263072022375884,0.32785075410671444,2.8284515577655194,0.10838318700955638,0.07470809618606915,0.7481936135498408,0.5079446245621907,0.25111819002188346,0.1200904110134948,3,0.3773439589868668
Jean-Philippe Mateta,4915,2,Crystal Palace,Premier League,F S,High,0.3618917066483893,0.5013224383620795,2.4304318026045237,0.03289924605894448,0.08907157118860544,0.6620973269362577,0.6179477591948447,0.10867782985259197,0.24173554334096994,0,0.37666808738255575
Phil Harres,1461,1,Holstein Kiel,Bundesliga,F S,Medium,0.49281314168377827,0.3738606163134198,2.2792607802874745,0.06160164271047228,0.10392481409533434,0.6160164271047228,0.5423135009022464,0.12397429945991512,0.16402713526543733,3,0.3684102314210966
Ibrahim Sissoko,808,1,Saint-Etienne,Ligue 1,F S,Low,0.22277227722772278,0.3646824009126366,2.4504950495049505,0.11138613861386139,0.09456341039610676,0.7797029702970297,0.541670903895456,0.1877798802809476,0.18336966769261795,3,0.364435214058075
Thiago,3292,1,Brentford,Premier League,F S,High,0.3827460510328068,0.48770741341162566,2.296476306196841,0.027339003645200487,0.09432083623821,0.6561360874848117,0.6204165242168767,0.13471673162402822,0.2939258691455637,0,0.3596930427958004
Johan Manzambi,2477,2,Freiburg,Bundesliga,M S,High,0.24641168173898614,0.20815711849394067,2.2326391769683895,0.17920849581017176,0.1445880560823311,0.7989712104870158,0.5532678043087923,0.31075036044402615,0.08963138701263183,4,0.3591338417457276
Jeremy Agbonifo,277,1,Lens,Ligue 1,F S,Low,0.3249097472924188,0.39182929900417685,1.9494584837545126,0.0,0.06718960815926318,0.9747292418772563,1.2530837190549295,0.8130182660712663,0.20099391819288334,0,0.3588143746324892
M&#039;Bala Nzola,2984,2,"Pisa,Sassuolo",Serie A,F S,High,0.2275092936802974,0.4339610725835132,2.562825278810409,0.06022304832713755,0.07397919784275794,1.204460966542751,0.5655774814959574,0.10582736991415127,0.19788438503651687,3,0.355733971109943
Tom Louchet,1344,1,Nice,Ligue 1,D F M S,Medium,0.20089285714285715,0.20893950582831167,1.40625,0.13392857142857142,0.22266403065129584,1.3392857142857142,0.5283385450145163,0.21491841851716995,0.14857920414457718,4,0.3529441385783382
Mert Kömür,2079,2,Augsburg,Bundesliga,F M S,High,0.16579674547129258,0.2609949181297274,2.3672090881179,0.2210623272950568,0.18882863995603963,1.44611605772183,0.3875351984066432,0.09087661672114758,0.10945342592964494,4,0.35171638521149734
Sergi Guardiola,321,1,Rayo Vallecano,La Liga,F S,Low,0.0,0.6485029915782893,3.08411214953271,0.0,0.04787337574585576,1.4018691588785046,0.8318168856203556,0.17719984820512966,0.21027218211780896,0,0.35057111746008995
Alberto Moleiro,5300,2,Villarreal,La Liga,F M S,High,0.2805982725932168,0.19364646429124194,1.9035180113756056,0.10996418790815252,0.16530153034629635,1.342321466189172,0.4834032866013773,0.19269312921874593,0.10457577111747986,4,0.3502561943723862
Giovane,1873,1,"Napoli,Verona",Serie A,F M S,High,0.14415376401494928,0.2051463702796012,2.6908702616123867,0.2402562733582488,0.20937892635692523,1.5376401494927923,0.42338113731605703,0.11488189202774605,0.07623792689160577,4,0.3499528055455404
Joshua Kimmich,2268,1,Bayern Munich,Bundesliga,M S,High,0.07936507936507936,0.09383347705893573,1.1111111111111112,0.31746031746031744,0.3003765745384116,2.2222222222222223,1.1025985046511604,0.8692709392025357,0.08445012935304216,2,0.34806763474607993
Rodrigo Ribeiro,629,1,Augsburg,Bundesliga,F S,Low,0.2861685214626391,0.6624006410092352,3.7201907790143083,0.0,0.0038177961859680236,0.14308426073131955,0.7737752265742549,0.1772939068796809,0.17805555692085853,0,0.34328153588656796
Matthis Abline,5324,2,Nantes,Ligue 1,F M S,High,0.2344833382359121,0.27619698258068237,2.711686347018532,0.10589570113879902,0.14084568542911685,0.9606252889019625,0.4731482332251816,0.14159796625092716,0.11346806844596244,3,0.34311355285117756
Jann-Fiete Arp,608,1,Holstein Kiel,Bundesliga,F S,Low,0.14802631578947367,0.29090548075098355,3.108552631578948,0.0,0.13611348117640437,1.6282894736842106,0.5557815471088121,0.2188548255454455,0.16575149961170696,3,0.3419836958623131
Mohamed Bamba,664,1,Lorient,Ligue 1,F S,Low,0.13554216867469882,0.28686797756881244,1.7620481927710843,0.27108433734939763,0.22133304210132862,0.8132530120481928,0.4986885537853442,0.09030278373778944,0.22127256227227357,3,0.34030174777410915
João Neves,1280,1,Paris Saint Germain,Ligue 1,M S,Medium,0.3515625,0.22223104111617425,1.8984375000000004,0.0703125,0.17404392061871474,0.9843749999999998,0.6533464722451754,0.49851011153077707,0.11705997227518646,4,0.3398768960536129
Jorge De Frutos,5099,2,Rayo Vallecano,La Liga,F M S,High,0.2709187679958119,0.33366386976114837,2.053485734229125,0.06674810225983771,0.1305938803136346,1.095454148852631,0.5365618040482744,0.10882161028711466,0.16662599018513755,3,0.33829954076681223
Justin Njinmah,2890,2,Werder Bremen,Bundesliga,D F M S,High,0.24624713451157287,0.3456499281760209,2.8884123345411528,0.05324262367817791,0.08800691203994176,0.8851586186497081,0.600917733561655,0.17454445935292115,0.11925133601787535,3,0.33567129572615967
Callum Wilson,1542,2,West Ham,Premier League,F M S,Medium,0.42584831688522373,0.49904894396235633,2.6037582803839396,0.06083547384074624,0.07164794164516483,0.6326889279437609,0.48816486710134316,0.0616845082352133,0.18738480388005924,0,0.33554907925069233
Aiyegun Tosin,1068,1,Lorient,Ligue 1,F M S,Medium,0.4213483146067416,0.4952272923998116,2.528089887640449,0.0,0.08731606562904427,0.9269662921348314,0.5261375216160263,0.0362626619092869,0.221226410754025,0,0.3352158196757096
Bilal Nadir,934,2,Marseille,Ligue 1,M S,Medium,0.08372093023255814,0.07883690464808497,1.4023255813953488,0.4186046511627907,0.23832468745666885,1.7372093023255815,0.9797039577564182,0.7160015010903048,0.055352970195371054,2,0.33472616764782437
Oliver McBurnie,1835,1,Las Palmas,La Liga,F S,High,0.14713896457765668,0.2961085831710932,1.569482288828338,0.29427792915531337,0.16923063024066448,1.1280653950953679,0.5021432569143882,0.07709572035870046,0.18866640629130416,3,0.3332122184667591
Alisson Santos,836,1,Napoli,Serie A,F M S,Low,0.430622009569378,0.1627146353740156,3.1220095693779903,0.0,0.17352603317982557,1.507177033492823,0.5473812732569268,0.2919521608331985,0.05211855753742416,4,0.3271542044921022
Tommaso Baldanzi,1564,2,"Genoa,Roma",Serie A,F M S,Medium,0.11500780917222775,0.21816964870434877,2.300156183444555,0.1789010364901321,0.12461829883997606,1.4056510009938947,0.5491642490606933,0.26760135640697136,0.0948436416607299,4,0.3255480502217628
Iván Romero,2339,1,Levante,La Liga,F M S,High,0.26934587430525864,0.34055869917251097,2.2702009405728942,0.038477982043608375,0.11103733926501831,0.9619495510902095,0.5664505488340762,0.18172447252325802,0.1626105051235122,3,0.3244133880884535
László Bénes,522,1,Union Berlin,Bundesliga,F M S,Low,0.3448275862068965,0.18894949076889916,3.275862068965518,0.17241379310344826,0.17000129895991292,3.103448275862069,0.25332611953390055,0.1184311274696013,0.057679318234716594,4,0.32404920692950906
Jones El Abdellaoui,621,1,Celta Vigo,La Liga,D F M S,Low,0.2898550724637681,0.3453643155702646,2.463768115942029,0.0,0.07430012351360873,1.3043478260869565,0.614128602479679,0.2781210936929868,0.140177281025578,3,0.32200481295612954
Issa Soumaré,4850,2,Le Havre,Ligue 1,F M S,High,0.2215558141616686,0.3087060107793597,2.2437561543281714,0.16515978873869844,0.131921903367393,1.0352698952645243,0.4308777838603908,0.09102111048686312,0.1551910601889834,3,0.3218032747372439
Asier Villalibre,298,1,Alaves,La Liga,F S,Low,0.0,0.3060484338776777,2.718120805369128,0.30201342281879195,0.28540923491420356,0.30201342281879195,0.5229887471303044,0.060479206333074395,0.19518200018339688,3,0.3192072220576496
Santiago Castro,4694,2,Bologna,Serie A,F S,High,0.28501205274849933,0.3088097513677593,2.411967670274614,0.11060169211135795,0.11140970355986608,1.0890012761733705,0.44843056807304615,0.10455813753798647,0.13337614709345116,3,0.31770526305317043
Romano Schmid,5860,2,Werder Bremen,Bundesliga,F M,High,0.07147178944183935,0.13928004816159573,1.6234306458932082,0.19059143851157162,0.264248801683738,2.406216911208592,0.5757433975095978,0.30245168374761466,0.12279954296575113,4,0.3162738753594784
Oihan Sancet,3477,2,Athletic Club,La Liga,M S,High,0.33163913595933925,0.3474517003473325,2.5158831003811946,0.022871664548919948,0.08381280808306028,1.2522236340533672,0.4963663343465597,0.15985813322968145,0.17299610993772435,3,0.31545415984887
Andreas Pereira,2063,1,Fulham,Premier League,M S,High,0.08725157537566652,0.16086308664804344,1.7014057198254968,0.17450315075133305,0.24946527359208118,2.4866698982064954,0.5513552543438585,0.32435383663932155,0.11406431390115848,4,0.3143627527888058
Ibrahim Osman,631,1,Auxerre,Ligue 1,F M S,Low,0.0,0.2762926854016097,2.567353407290016,0.28526148969889065,0.16861476742097203,0.9984152139461173,0.5387365573902042,0.23159860460627849,0.1076177064743307,4,0.3128181321380643
Davide Frattesi,1717,2,Inter,Serie A,M S,Medium,0.2435394398592883,0.3986132249967959,2.337978622649168,0.048707887971857676,0.08981766060252759,0.645379515627114,0.647471410098486,0.2064911464559114,0.17341479986936226,3,0.31175726119998914
Dominic Solanke,3209,2,Tottenham,Premier League,F S,High,0.3059674502712477,0.4202253544901853,2.213381555153707,0.07811934900542496,0.08354099378340067,0.5598553345388788,0.5776252986940725,0.16641470066003947,0.19705617699832748,3,0.3114360326005958
Mathys Tel,2244,2,Tottenham,Premier League,F M S,High,0.20970873786407768,0.194722252469329,2.333009708737864,0.07864077669902912,0.2367834993448217,1.7563106796116505,0.44870240878386114,0.1718384794710041,0.09538801572317884,4,0.308607782521116
Franck Honorat,3499,2,Borussia M.Gladbach,Bundesliga,D F M S,High,0.1460947743023038,0.11579551396493408,1.1743772241992882,0.32590372728975464,0.3575966792122872,2.36561153774115,0.5021020730580256,0.1451811451192071,0.08122022903527139,4,0.3072462101412023
Andrija Bulatovic,720,1,Lens,Ligue 1,M S,Low,0.0,0.11458518728613855,1.375,0.5,0.3599541983567178,2.0,0.5098659684881568,0.3319501578807831,0.08333468166264622,4,0.30592280328459415
Pedri,5058,2,Barcelona,La Liga,M S,High,0.1047026712604591,0.08848284368238526,0.8094321893597031,0.26175667815114767,0.2455078365940555,2.396080361537429,1.0144322925166034,0.770809846852738,0.10887470928932202,2,0.30496778807509306
Paul Onuachu,1015,1,Southampton,Premier League,F S,Medium,0.354679802955665,0.4333066561630941,3.0147783251231526,0.08866995073891625,0.04574359127600205,0.70935960591133,0.48619894960463933,0.08288469989531735,0.14372753464233348,3,0.30240032802699973
Rasmus Højlund,4816,2,Napoli,Serie A,F S,High,0.31023222060957906,0.35193351176732957,1.747097242380261,0.10205007256894048,0.10165208977757288,0.9347786647314948,0.5388016200469636,0.13375944943293652,0.20764767107822768,3,0.30029221278961615
Yankuba Minteh,2410,1,Brighton,Premier League,M S,High,0.11203319502074689,0.1774778905637655,1.5311203319502074,0.14937759336099585,0.21814808319032933,1.6431535269709545,0.6128654936985479,0.320180874124664,0.11591374424354334,4,0.30008610941533176
Juan Cuadrado,800,1,Atalanta,Serie A,D F M S,Low,0.0,0.1656878954730928,1.8,0.225,0.25726268501020966,2.1375,0.6198542340192944,0.350751546677202,0.09204883081838489,4,0.29923828305274586
Pablo Fornals,4788,2,Real Betis,La Liga,F M S,High,0.21618926758520665,0.13247466712742315,1.252266134880348,0.12237128353879623,0.21103153497158286,2.300580130529369,0.6880842874612068,0.40776829080218197,0.1045567254553478,4,0.2979868463329248
Arijon Ibrahimovic,2196,1,FC Heidenheim,Bundesliga,D F M S,High,0.040983606557377046,0.20114543992781736,1.9262295081967213,0.16393442622950818,0.2773737874584364,2.295081967213115,0.5139371597009604,0.14849110647700117,0.12054734887119303,4,0.29655717836351475
Mathieu Cafaro,729,1,Saint-Etienne,Ligue 1,F M S,Low,0.12345679012345678,0.283670736775722,2.839506172839506,0.0,0.15649156345997328,1.6049382716049383,0.6323943583777657,0.2539338806161174,0.09990143338623254,4,0.2951498933087273
Tomás Cvancara,787,1,Borussia M.Gladbach,Bundesliga,F M S,Low,0.22871664548919954,0.4988643793055489,2.744599745870394,0.0,0.08904418873741483,0.6861499364675985,0.6267134716978067,0.1201206653969412,0.18176216042290136,3,0.291713702933337
Evanilson,5186,2,Bournemouth,Premier League,F S,High,0.2674704933344655,0.42398973417374985,2.4912965950581643,0.03438906342871699,0.08790737962518057,0.9552517619088052,0.5398996324887566,0.10916216353977325,0.17381313893775127,3,0.2906901989176006
Augustine Boakye,741,1,Saint-Etienne,Ligue 1,F M S,Low,0.3643724696356275,0.27502950763533474,2.91497975708502,0.0,0.1370275462506271,1.5789473684210527,0.45941030093834473,0.12295291755303199,0.09435040053601067,3,0.290169948167381
Viktor Tsygankov,4619,2,Girona,La Liga,F M S,High,0.16171742008700585,0.20596528558632318,1.6597314166824282,0.19150747115566483,0.16139191039534032,1.7320786835634574,0.47052720839241186,0.19675656107835807,0.12352180267583024,4,0.2890632290244349
Felix Lemarechal,2359,2,Strasbourg,Ligue 1,F M S,High,0.14411529223378705,0.1878319287991779,1.3510808646917534,0.19815852682145718,0.15496866582550578,1.360088070456365,0.6194030511579972,0.3224031478270971,0.14298221405034808,4,0.2888562012567107
Budu Zivzivadze,2095,2,FC Heidenheim,Bundesliga,F S,High,0.3589420654911839,0.34522648940627615,2.1536523929471034,0.07556675062972293,0.1294761499676206,0.8217884130982368,0.45472850169170115,0.09718456615222341,0.1588687896556483,3,0.283387740086572
Derry Scherhant,1253,1,Freiburg,Bundesliga,M S,Medium,0.3591380686352753,0.2382060171217202,2.5857940941739823,0.07182761372705507,0.14112980765753622,1.5802075019952115,0.39282151528374726,0.12602661192976086,0.09212103069552945,3,0.28035821260984445
Drissa Camara,395,1,Parma Calcio 1913,Serie A,F S,Low,0.0,0.29708855457698247,3.4177215189873418,0.0,0.18329627679873114,1.139240506329114,0.8066151200593272,0.3398290684423115,0.08692591041326522,4,0.2792638016642922
Lucas Beltrán,3342,2,Valencia,La Liga,F S,High,0.10376398779247202,0.2371231601028755,1.745676500508647,0.15869786368260427,0.13260807382702705,1.1353001017293998,0.6116977665395242,0.2763658544031613,0.17653942953133434,4,0.27640053562127054
Yacine Adli,1246,1,Fiorentina,Serie A,M S,Medium,0.28892455858747995,0.06515436364789262,1.0112359550561798,0.4333868378812199,0.25171122940505347,1.6613162118780098,0.4859883196496466,0.316863443155326,0.06443042627402715,4,0.27530718880536575
Nicolò Barella,5046,2,Inter,Serie A,M S,High,0.10683666739942844,0.10747811123630482,1.373049021763025,0.2532424708727193,0.23341751936802657,2.255440756210156,0.6319426099552142,0.42245279158680327,0.08192875028373221,4,0.27493516092492526
Dodi Lukebakio,3117,1,Sevilla,La Liga,F M S,High,0.28873917228103946,0.24541115580992529,2.7141482194417708,0.05774783445620788,0.1556505329182678,1.559191530317613,0.42653691263813825,0.0968434661447543,0.09832642555355708,3,0.2727039814772811
Tani Oluwaseyi,949,1,Villarreal,La Liga,F S,Medium,0.18967334035827185,0.3431775178701408,1.5173867228661748,0.18967334035827185,0.19417946651829177,0.5690200210748156,0.5682195550629632,0.037571441291883445,0.2261635169852525,3,0.26692985887870063
Franco Mastantuono,1026,1,Real Madrid,La Liga,D F M S,Medium,0.08771929824561403,0.235287427183306,2.631578947368421,0.0,0.25099897773511576,1.4035087719298245,0.670957342443759,0.3851169272603696,0.08940922232965628,4,0.266909481872886
Andreas Skov Olsen,891,2,Wolfsburg,Bundesliga,M S,Low,0.20615932807330112,0.10162880645387423,1.4431152965131078,0.09162636803257827,0.33251749332183556,2.4510053448714686,0.5855215243572314,0.31426993459671715,0.07912268135826682,4,0.26674214163828003
Silas Wamangituka,346,1,Mainz 05,Bundesliga,F S,Low,0.26011560693641617,0.6068304792649484,2.0809248554913293,0.0,0.05002742783957821,0.7803468208092484,0.6846728012224154,0.031410790656860164,0.2916157580912113,0,0.2625317076043734
Declan Rice,2848,1,Arsenal,Premier League,M S,High,0.12640449438202248,0.11461704808517537,1.5168539325842696,0.22120786516853932,0.28632496119989603,1.8644662921348314,0.5448103944634956,0.3274203283814295,0.07556235021911561,4,0.2617183491159787
Frenkie de Jong,2702,2,Barcelona,La Liga,M S,High,0.094316807738815,0.06898606972185559,0.39903264812575573,0.23941958887545345,0.25170123478918005,1.879081015719468,1.0800785542597506,0.8406885124950195,0.17251497849705355,2,0.2583159818589334
Rafa Mir,2550,2,Elche,La Liga,F M S,High,0.29167359149077604,0.3294365917042564,3.387900947315938,0.05983048030580024,0.0919033404227946,0.45620741233172674,0.5180116719585633,0.19039207563771302,0.11365639173356416,3,0.25114578369171187
Christian Eriksen,3489,2,Wolfsburg,Bundesliga,M S,High,0.0,0.08220706084556219,1.371783928789172,0.29081819290330446,0.28795739596362335,2.337519814656749,0.5580810019163851,0.39228919249719785,0.13189770277584334,4,0.24819246668039943
Daniel Maldini,2518,2,"Atalanta,Lazio",Serie A,F M S,High,0.2777777777777778,0.3340371624791837,2.540849673202615,0.04084967320261438,0.10400473349423338,0.9722222222222223,0.5069550408622604,0.14302255340784886,0.130613846584922,3,0.24545635926196582
Sofiane Boufal,1050,1,Le Havre,Ligue 1,F M S,Medium,0.08571428571428572,0.0636492339095899,1.6285714285714286,0.34285714285714286,0.3115317938051054,2.314285714285714,0.43956718306456294,0.16904245785304478,0.07908787039157592,4,0.24177143581442462
Junya Ito,2721,1,Reims,Ligue 1,F M S,High,0.13230429988974643,0.20021659479185921,1.0584343991179714,0.09922822491730982,0.27792373197738496,2.7783902976846746,0.5163640613526993,0.16218669022522794,0.18916297028772533,4,0.24133869276298972
Michail Antonio,859,1,West Ham,Premier League,F S,Low,0.10477299185098951,0.31362684872933816,1.990686845168801,0.10477299185098951,0.16748720078541526,0.9429569266589058,0.5438333453569341,0.18348714946069872,0.1575470544201763,3,0.2413219995062531
Michy Batshuayi,288,1,Eintracht Frankfurt,Bundesliga,F S,Low,0.9375,0.4096485860645771,1.5625,0.0,0.01125198090448975,0.3125,0.5183625710196793,0.097462001722306,0.26217509508132936,0,0.2409907516815445
Nicolò Cambiaghi,2091,2,Bologna,Serie A,F M S,High,0.17318209438930526,0.15948322268004073,1.6042130848693539,0.29167510633988253,0.21363196581570404,1.1849301195057729,0.4671019664687324,0.1604696828287177,0.10517210077587792,4,0.23752344742527995
Nicolás Serrano,338,1,Athletic Club,La Liga,M S,Low,0.2662721893491124,0.18340861226415495,4.260355029585798,0.0,0.15058919203263768,2.662721893491124,0.3689786262215065,0.12505668992474234,0.043050077045336366,4,0.23487048020731432
Curtis Jones,1719,1,Liverpool,Premier League,D F M S,Medium,0.15706806282722513,0.23928230404073655,1.7801047120418847,0.15706806282722513,0.09165310749481798,1.1518324607329842,0.6522715019540013,0.4028808863355696,0.1344203531522961,4,0.23465896595263533
Carlos Alcaraz,1434,2,Everton,Premier League,M S,Medium,0.11220196353436182,0.16388155591803463,2.917251051893408,0.23842917251051893,0.2135200618516763,1.4165497896213182,0.4078401736053017,0.13046061592685976,0.05562586182526399,4,0.23428574677532496
Pau Cabanes De La Torre,311,1,"Alaves,Villarreal",La Liga,M S,Low,0.28938906752411575,0.175521281634688,1.7363344051446947,0.0,0.17898620004463237,1.4469453376205788,0.71544632085051,0.3722717460556334,0.1010872566451629,4,0.23176344234053428
Arsen Zakharyan,424,1,Real Sociedad,La Liga,M S,Low,0.0,0.2344382369785376,2.9716981132075473,0.0,0.23875477635916673,2.1226415094339623,0.6337569924598595,0.2634327037189648,0.07889032736420631,4,0.2315451608357757
Leon Goretzka,3307,2,Bayern Munich,Bundesliga,M S,High,0.2422531512605042,0.22564297600183636,1.7903098739495797,0.11226365546218486,0.11170530495903468,0.9040178571428571,0.821539038675348,0.67775705293471,0.12860530720781416,4,0.23102238655894136
Mikkel Damsgaard,5063,2,Brentford,Premier League,M S,High,0.11281729865246005,0.1159556837696675,1.1684648789004792,0.2256345973049201,0.2793375692780306,1.8614854277655908,0.5618214958136867,0.32134199782661627,0.09924713259815744,4,0.2275532454449734
Sebastian Szymanski,796,1,Rennes,Ligue 1,M S,Low,0.11306532663316583,0.06024539089251553,1.35678391959799,0.3391959798994975,0.29012192279362503,2.148241206030151,0.5285814451989741,0.36940397226705624,0.044403084398557745,4,0.22749204459615727
Giorgos Masouras,986,1,Bochum,Bundesliga,F S,Medium,0.18255578093306288,0.4380516085630135,2.464503042596349,0.0,0.10195048038543601,0.6389452332657201,0.6687720745242756,0.14605845876310106,0.17774439754861374,3,0.22599098491391445
Moses Simon,4723,2,Paris FC,Ligue 1,F M S,High,0.1331488021380166,0.1282914318160322,1.4861124367662497,0.23623174572873917,0.24286878041278046,1.6879832012980815,0.47102385658621115,0.17718101058902347,0.1214252144180527,4,0.22299620862519073
Ruben Vargas,2651,2,Sevilla,La Liga,F M S,High,0.13198631253055237,0.20269363976988308,2.2657650317744826,0.2493074792243767,0.16412088667212973,1.5838357503666285,0.3767680200822961,0.12853380463378805,0.10190074821211857,4,0.22034454097140435
Joshua King,2991,2,Fulham,Premier League,F M S,High,0.1966842501883949,0.3392212176842849,2.238131122833459,0.1492087415222306,0.08225542117477294,0.9698568198944989,0.4614762431368535,0.14224209575531352,0.15068582603237468,3,0.21904725917675782
Martín Satriano,2305,1,Lyon,Ligue 1,F S,High,0.3123644251626898,0.2679580504603991,1.9913232104121474,0.07809110629067245,0.1459194776842496,0.9761388286334056,0.47221227556693324,0.11741924764681405,0.13456474497289778,3,0.2177713399241126
Dominic Calvert-Lewin,4357,2,Leeds,Premier League,F S,High,0.2767857142857143,0.48511397557532693,2.5223214285714284,0.04017857142857143,0.047692760292972834,0.5714285714285714,0.5394975826659772,0.08487910064702321,0.2286618402519418,3,0.21676509622076998
Junior Adamu,2035,2,Freiburg,Bundesliga,F S,High,0.13610981852024198,0.3583024154478323,1.9683573755234995,0.13610981852024198,0.1512147335048718,0.973708701721731,0.4683940242256548,0.0841285912350354,0.18478499635107032,3,0.2145567808347706
Rayan Philippe,1272,1,Hamburger SV,Bundesliga,F M S,Medium,0.35377358490566035,0.3458687788718995,2.759433962264151,0.0,0.09597805293522915,1.0613207547169812,0.4537994221713886,0.08859260991778015,0.14477065253334168,3,0.21342570694629986
Kike García,4265,2,Espanyol,La Liga,F S,High,0.35992321638050545,0.36721361507041383,2.6490348725605206,0.0239948810920337,0.07841755749459706,0.7054495041057908,0.49276369891904226,0.09124254785482883,0.16854783634161932,3,0.2122725211338149
Alexis Claude Maurice,4295,2,Augsburg,Bundesliga,F M S,High,0.2609370955216153,0.19909816630205865,2.753818275951333,0.13046854776080766,0.09853116084500635,1.1369402019156096,0.4593754267238549,0.23103120935241345,0.0846207185813739,3,0.2120524190491277
Nicolas Viola,1293,1,Cagliari,Serie A,F M S,Medium,0.2088167053364269,0.211755690097878,2.1577726218097446,0.06960556844547564,0.20963021811192936,2.0185614849187936,0.397626329645549,0.18683119826105243,0.09813623917439292,4,0.21095792575800226
Anass Zaroury,1411,1,Lens,Ligue 1,D F M S,Medium,0.1275690999291283,0.12057035679590355,2.2324592487597448,0.1275690999291283,0.22675403417566625,2.2324592487597448,0.5228082859171865,0.30371854156994976,0.05400786458381584,4,0.20927544244609375
Willem Geubbels,1013,1,Paris FC,Ligue 1,F S,Medium,0.35538005923000987,0.4533692739852442,2.665350444225074,0.0,0.04810537532457359,0.6219151036525173,0.5289619587369168,0.08121620288149979,0.19543393949667612,3,0.20898929273957584
Boulaye Dia,3477,2,Lazio,Serie A,F M S,High,0.24332344213649856,0.2438469651854357,1.281899109792285,0.13056379821958458,0.16023766293635353,1.0623145400593472,0.5079071788609205,0.21951886187984612,0.19677501288513682,3,0.20749066466595492
Olivier Giroud,1610,1,Lille,Ligue 1,F S,Medium,0.2236024844720497,0.3258382030155348,2.2919254658385095,0.055900621118012424,0.10350368370920973,1.0062111801242237,0.5032319291870786,0.12072588696566798,0.21632351281075943,3,0.2069171890319197
Moritz Broschinski,1342,1,Bochum,Bundesliga,F M S,Medium,0.06706408345752608,0.29120510192823923,2.481371087928465,0.20119225037257824,0.15172559400151542,0.7377049180327869,0.5405345156611167,0.11090441193326131,0.117356530566876,3,0.20666681386115354
Fabio Miretti,2303,2,Juventus,Serie A,M S,High,0.15617025620087782,0.20306364631146645,1.7086863325507808,0.20210268449525365,0.13962403918745092,1.3136674492191487,0.4778012545923651,0.20003144721224614,0.12903781882428775,4,0.2012921862393169
Adrian Benedyczak,476,1,Parma Calcio 1913,Serie A,F S,Low,0.0,0.23304647092997022,1.5126050420168067,0.18907563025210083,0.27486411549401385,1.7016806722689075,0.42085250416974057,0.1545532638629695,0.24923196388408544,4,0.20119606704703077
Wouter Burger,2486,1,Hoffenheim,Bundesliga,M,High,0.14481094127111827,0.1524967668324781,1.3032984714400644,0.18101367658889783,0.21296313456585594,1.8463395012067578,0.5159671164296824,0.2579705405392934,0.11700832171158658,4,0.20092481896711978
Patrick Cutrone,2966,2,Parma Calcio 1913,Serie A,F S,High,0.23253993109927967,0.3420067197880062,2.8257124960851865,0.1127466332602568,0.10455548535184243,0.6412464766677106,0.448966906863188,0.0950277679446108,0.12876947290608642,3,0.19964735717485246
Marco Brescianini,1977,2,"Atalanta,Fiorentina",Serie A,M S,High,0.26215550078422584,0.29588463279031973,1.462021062065875,0.13107775039211292,0.1124147853590573,0.7864665023526776,0.5379315189766394,0.21758039888961117,0.1976201193362329,3,0.19845237368824886
Marvin Pieringer,3942,2,FC Heidenheim,Bundesliga,F M S,High,0.1598212751331844,0.27921072186745,2.0622100017185083,0.10826602509022168,0.1619492002852001,1.077504725897921,0.44468555331529774,0.14553562281382804,0.16954817483844886,3,0.1979655580601274
Bruno Guimarães,5788,2,Newcastle United,Premier League,M S,High,0.19321597252039502,0.15522014896336186,1.3700768960537102,0.172137866427261,0.16041784358416508,1.5035715679768922,0.540141495338538,0.36153391800026013,0.12981389481501746,4,0.19525150282041712
Mahmoud Dahoud,1075,2,Eintracht Frankfurt,Bundesliga,F M S,Medium,0.25089605734767023,0.12352883779046568,2.0250896057347667,0.34050179211469533,0.08271819891868741,1.200716845878136,0.5241499252043211,0.4300173261373113,0.06299411350925067,4,0.19518010779280923
Ante Budimir,6003,2,Osasuna,La Liga,F S,High,0.3565742214981301,0.41696055096892387,3.0358795867737998,0.05331950975672974,0.053569431362446254,0.47987558781056766,0.4088258101564291,0.041076278805536305,0.19633157005090207,3,0.19064262543239924
Chuki,720,1,Real Valladolid,La Liga,F M S,Low,0.25,0.32642045174725354,2.0,0.0,0.1755005873274058,1.0,0.5263448259793222,0.1087867917958647,0.16321022587362677,3,0.18194636606610232
Godson Kyeremeh,350,1,Le Havre,Ligue 1,F S,Low,0.2571428571428571,0.23212078117898532,1.542857142857143,0.2571428571428571,0.12843117681997163,1.2857142857142856,0.34539467703018867,0.151070772004979,0.15044865446786085,3,0.18060732535474783
Alimami Gory,959,1,Paris FC,Ligue 1,D F M S,Medium,0.4692387904066736,0.3651805404997096,1.7831074035453598,0.09384775808133472,0.06301259623920084,0.4692387904066736,0.46916239412270333,0.0939910554126045,0.20480008090012952,3,0.18000969631289737
Adnan Januzaj,846,2,Sevilla,La Liga,F M S,Low,0.19634578674665937,0.12901757748552195,2.4297791109899096,0.09817289337332968,0.1967252475492207,2.9206435778565583,0.4087677502606946,0.21436409303984003,0.0522880317672528,4,0.17836363340393613
Kevin Stöger,2853,2,Borussia M.Gladbach,Bundesliga,M S,High,0.06360923511858017,0.13035285466375335,1.5478247212187843,0.120150777446207,0.21535684152672896,2.424218627297,0.5780195256027266,0.38054533017550884,0.12970546531175292,4,0.1768942378376112
Hugo Duro,4159,2,Valencia,La Liga,F S,High,0.410958904109589,0.4050667447058257,1.798549556809025,0.038678485092667206,0.07003553502868011,0.6623690572119258,0.4752340949441424,0.08664824452482338,0.2556233529343796,3,0.17541578045722434
Chris Wood,3937,2,Nottingham Forest,Premier League,F S,High,0.448352439829542,0.379459324947576,2.0905107736630453,0.06482203949342775,0.07446386843265072,0.6104075385631115,0.4063250531126247,0.04976155498526719,0.2070554147795525,3,0.17309355128100723
Gauthier Hein,2355,1,Metz,Ligue 1,F M S,High,0.11464968152866242,0.1320657343336731,1.681528662420382,0.267515923566879,0.1703676354306139,2.21656050955414,0.3590190510271461,0.15995284540068572,0.1649135396900502,4,0.1726607902577958
Koka,863,1,Le Havre,Ligue 1,F S,Low,0.20857473928157588,0.4359166289173576,2.085747392815759,0.10428736964078794,0.10260593111552342,0.5214368482039398,0.445017901012892,0.11522609826829174,0.24700256455689668,3,0.1723257297684993
Akor Adams,3127,2,Sevilla,La Liga,F S,High,0.2906018136850783,0.366040960502076,2.5288540807914264,0.11747732893652103,0.05479251735161158,0.6739488870568838,0.4466277357902584,0.06176298546780635,0.1732168971582087,3,0.17225271124351552
Hugo Álvarez,1359,1,Celta Vigo,La Liga,D F M S,Medium,0.26490066225165565,0.1505027131627727,0.9271523178807947,0.13245033112582782,0.1623001710715278,1.6556291390728477,0.5632386948691298,0.3338809625942581,0.1623279263398477,4,0.17143587192217685
Óscar Rodríguez,1290,1,Leganes,La Liga,M S,Medium,0.06976744186046512,0.18363635595021552,2.302325581395349,0.27906976744186046,0.19706967667958072,1.3255813953488371,0.4033197167567736,0.18607894903005556,0.07976124551372997,4,0.1708012561817272
Gianluca Lapadula,281,1,Cagliari,Serie A,F S,Low,0.0,0.4943740606520099,4.804270462633453,0.0,0.020186404077820068,0.9608540925266905,0.5643510701154687,0.15499859252858417,0.10290304521719615,3,0.1687906171084669
Assane Diao,2366,2,Como,Serie A,M S,High,0.35788676387047913,0.2551473257401872,2.2751372846051883,0.07669002082938838,0.09830610787901936,0.6561257337625449,0.521276059010784,0.201417875600158,0.11355152819232435,3,0.16616347166438936
Albert Grønbæk,816,1,Rennes,Ligue 1,F M S,Low,0.2205882352941176,0.22645695956752582,2.4264705882352944,0.1102941176470588,0.10590454741545459,2.0955882352941178,0.4068227547823506,0.13124599244774263,0.09332771667025308,4,0.1652723272795637
Ilkay Gündogan,2231,1,Manchester City,Premier League,M S,High,0.0403406544150605,0.1382352539735998,1.0891976692066339,0.24204392649036305,0.14796439956511315,1.6943074854325415,0.7788406481781865,0.5891236405550819,0.12691475375107042,4,0.16297785458876285
Henrikh Mkhitaryan,3988,2,Inter,Serie A,M S,High,0.12343562489285101,0.19077237612430054,1.5789473684210527,0.10800617178124465,0.15275659254524898,1.188067889593691,0.8055768820180781,0.5627868990350777,0.10389179388172168,4,0.1628484010520894
Andrea Belotti,584,1,Como,Serie A,F S,Low,0.3082191780821918,0.3980204579101442,2.9280821917808217,0.0,0.08900967251177724,1.0787671232876712,0.4252010345943783,0.013410331608013136,0.1359321329938738,3,0.162582175134849
Kiernan Dewsbury-Hall,2649,1,Everton,Premier League,M S,High,0.2718006795016987,0.14711453084699969,1.3250283125707814,0.13590033975084936,0.2233701635949474,1.2231030577576445,0.4851006917309517,0.27589911284897634,0.11102746216914593,4,0.16236278673011117
Valentín Barco,2187,1,Strasbourg,Ligue 1,M S,High,0.0823045267489712,0.13538364282667392,1.1111111111111112,0.1646090534979424,0.21791173367465966,1.5637860082304529,0.7026044661064207,0.4508241197791855,0.12184527854400652,4,0.16122742615476116
Vakoun Bayo,432,1,Udinese,Serie A,F S,Low,0.0,0.27615879332491505,2.9166666666666665,0.4166666666666666,0.1522861079623302,0.625,0.37024097497730213,0.07072060058514278,0.09468301485425659,4,0.16116924786882866
Brenden Aaronson,2517,1,Leeds,Premier League,F M S,High,0.1430274135876043,0.2102963797552722,1.6448152562574494,0.17878426698450536,0.20248068569847455,1.2157330154946364,0.47211887496962024,0.12472677274348486,0.1278541033439662,4,0.15941206712228054
Roger Brugué,1008,1,Levante,La Liga,F M S,Medium,0.08928571428571427,0.39095393797781847,2.5,0.08928571428571427,0.07463748566806316,0.7142857142857142,0.5857887245448572,0.27133242626275333,0.15638157519112741,3,0.1571674550252184
Matías Vecino,1435,2,Lazio,Serie A,M S,Medium,0.18477574226152876,0.19837981611943264,1.407138344914719,0.24162981680353757,0.22124622148048043,0.8385975994946304,0.45872620836551004,0.1703037582167241,0.1239472875236596,4,0.15692653281477817
Lucas Höler,3937,2,Freiburg,Bundesliga,F M S,High,0.19699180603883712,0.3511384195236361,1.5405769446627005,0.10607251094398921,0.11425498275669395,1.0304186777416096,0.502126776404325,0.12016985640899876,0.2310093630193052,3,0.15629380221011235
Takefusa Kubo,3923,2,Real Sociedad,La Liga,F M S,High,0.15676711374325028,0.15778391272740652,1.630377982929803,0.10451140916216686,0.23380788289395965,1.7766939557568366,0.5118770081860703,0.22505219979057572,0.09679146208482871,4,0.15556586193157085
Leon Bailey,1589,2,Aston Villa,Premier League,M S,Medium,0.05299573089945533,0.19884067644725295,2.0138377741793025,0.1722361254232298,0.19970043208222493,1.6428676578831152,0.4819268214420509,0.19761667718342263,0.09791789269691359,4,0.15551287995143262
Arnaut Danjuma Groeneveld,3174,2,Valencia,La Liga,F M S,High,0.19499580654179477,0.25214814920231454,2.0380206877271454,0.06290187307799831,0.19091639180738254,1.1385239027117695,0.4759521998292179,0.12134690300361266,0.13536708757283153,3,0.15432173962475723
Ezequiel Ávila,992,2,Real Betis,La Liga,F S,Medium,0.1667438628994905,0.24656561981056677,2.5011579434923576,0.0,0.1545260964831119,2.271885132005558,0.40602510050456797,0.2134952264708079,0.13777190973027167,4,0.15310623428510273
Gianluca Gaetano,2896,2,Cagliari,Serie A,F M S,High,0.11996445497630331,0.1899563695362855,1.9327606635071088,0.23992890995260663,0.13724233393689234,1.4862263033175354,0.4686554398651674,0.24849027044071387,0.0863584123190429,4,0.15301898962940563
Manor Solomon,872,1,Fiorentina,Serie A,F M S,Low,0.20642201834862386,0.10434007940711368,1.1353211009174313,0.10321100917431193,0.24896403627230898,2.580275229357798,0.5202275826467561,0.32649675614858437,0.09190358509394256,4,0.15133538957556097
Liam Delap,3735,2,Chelsea,Premier League,F S,High,0.2530617345663584,0.37557215402258937,2.5418645338665335,0.04498875281179706,0.0673936701979571,0.53424143964009,0.5421573522246274,0.16655132345579632,0.16357815251596824,3,0.14896183699670587
Lorenzo Pellegrini,3156,2,Roma,Serie A,F M S,High,0.08915935465609963,0.222448033946014,2.0888763090857627,0.08915935465609963,0.1623388323848532,1.611236909142372,0.4861818762754975,0.2729467261359074,0.13990064281785095,4,0.1481392123114343
Joel Roca,1463,1,Girona,La Liga,F M S,Medium,0.18455228981544772,0.2779398376716687,2.9528366370471635,0.06151742993848257,0.12002302882448096,0.9842788790157211,0.5104015488559488,0.1226107826709788,0.09412638484112297,3,0.14499902655863728
Kristian Thorstvedt,2450,1,Sassuolo,Serie A,F M S,High,0.1469387755102041,0.24409674836360673,1.5795918367346937,0.1469387755102041,0.09659243852508312,1.1755102040816328,0.5924639504174797,0.3270761729123033,0.15453153320176655,4,0.1445550437224853
Dwight McNeil,2558,2,Everton,Premier League,F M S,High,0.12613875262789068,0.1053685431493304,1.7028731604765244,0.22862648913805186,0.25901001295435083,1.7580588647512265,0.4528125117062353,0.21192711590023708,0.06195241118853277,4,0.14372268805976596
Rodrigo de Paul,2137,1,Atletico Madrid,La Liga,M S,High,0.12634534394010294,0.06179882740365689,0.8001871782873186,0.21057557323350493,0.2497712642984673,1.768834815161441,0.7339139425910043,0.5677451436339442,0.07723046442199695,4,0.14329035180523358
Christian Kouamé,1100,1,"Empoli,Fiorentina",Serie A,F M S,Medium,0.08181818181818182,0.2747850956903263,2.0454545454545454,0.08181818181818182,0.2161681240339848,1.4727272727272729,0.46284157209606336,0.10733631826429205,0.1343393801152706,4,0.13774510681613494
Samuel Essende,2029,2,Augsburg,Bundesliga,F S,High,0.35035979709802995,0.3223858416692201,2.7710274861389643,0.0849357083874012,0.09777372363804049,0.6794856670992095,0.37370755366622427,0.05651595924826139,0.12146730156296826,3,0.1370918358775799
Romain Del Castillo,3932,2,Brest,Ligue 1,F M,High,0.13196480938416422,0.08117260529731608,1.241446725317693,0.15151515151515152,0.24725211446491213,2.067448680351906,0.42156097747727805,0.2056178092940156,0.23544977939237904,4,0.13365760847053682
Bilal El Khannouss,3896,2,VfB Stuttgart,Bundesliga,F M S,High,0.14618865297598327,0.11085204927758383,1.7229376957883744,0.19317786286112076,0.24035316545761318,2.0257570483814824,0.4430041302791662,0.21550000421223098,0.060334383513902475,4,0.1331512687807458
Prosper Peter,1257,1,Angers,Ligue 1,F S,Medium,0.35799522673031026,0.4349167887254803,1.6467780429594276,0.0,0.06432287950682185,0.7875894988066825,0.5293408815964594,0.04058204411233382,0.2641016441680815,3,0.13268361315635896
Benedict Hollerbach,3497,2,Mainz 05,Bundesliga,F M S,High,0.24780068497750316,0.309553468363129,2.502182526358203,0.08461486804109865,0.11465505251842191,0.7977973272446444,0.44609556672203393,0.10722018766315938,0.12431092525824873,3,0.13139950589147809
Randy Nteka,1493,2,Rayo Vallecano,La Liga,F S,Medium,0.3848590433956287,0.3806114858733227,1.8387709851124483,0.0,0.05281964403989856,0.7982261640798225,0.5331927267017387,0.11624453588435174,0.22314835823395388,3,0.1312353330180012
Tolu Arokodare,1357,1,Wolverhampton Wanderers,Premier League,F S,Medium,0.19896831245394253,0.4420671663497552,3.0508474576271185,0.06632277081798084,0.07691172779968053,0.7295504789977892,0.3584388184224584,0.07311886429715304,0.16144694205697463,3,0.1289627762849221
Alexis Saelemaekers,4329,2,AC Milan,Serie A,D F M S,High,0.1922026322324311,0.13533768723278253,1.407996026818972,0.12068537372734045,0.16065008637153294,1.6493667742736529,0.6289729517474049,0.4018065662592509,0.09543551132229769,4,0.1266516257430652
Lorenzo Lucca,2750,2,Napoli,Serie A,F S,High,0.3874879184605923,0.3440459212095957,2.680783762411036,0.03163166681310957,0.07102666907657294,0.5219225024163079,0.4472959510881874,0.11619247832618587,0.1380226858336966,3,0.12586912895738583
Yorbe Vertessen,713,1,Union Berlin,Bundesliga,F M S,Low,0.12622720897615708,0.18015610312763472,3.408134642356241,0.0,0.24260185097264542,1.8934081346423564,0.39092353781552,0.161460075072871,0.05286061791358171,4,0.12416551370485963
Álvaro Morata,2027,2,Como,Serie A,F S,High,0.1994459833795014,0.3990434735456167,2.2238227146814404,0.04986149584487535,0.07701673910764777,0.7778393351800554,0.49781770464084485,0.1553760202586073,0.1962409025367158,3,0.12175082430845498
Aleix García,4146,2,Bayer Leverkusen,Bundesliga,M S,High,0.1259589467136637,0.07367696830214596,0.9796806966618287,0.23792245490358696,0.23564988871788783,1.7400995231183911,0.6160318898640516,0.5169126051259885,0.07488208849892423,4,0.12108652563177943
Federico Valverde,2765,1,Real Madrid,La Liga,D F M S,High,0.162748643761302,0.07302839089703711,1.6600361663652803,0.2603978300180832,0.16315459736890647,1.3996383363471971,0.6202851866538658,0.49805241168407594,0.04399204811117813,4,0.12056377763161247
Wilson Isidor,1142,1,Sunderland,Premier League,F S,Medium,0.47285464098073554,0.4428610286223596,3.388791593695271,0.0,0.0,0.0,0.4753916117243611,0.05318425602284497,0.13068405547460846,3,0.12001112932051766
Ante Rebic,753,1,Lecce,Serie A,F M S,Low,0.11952191235059759,0.21435299116479925,1.5537848605577689,0.0,0.2869675796018891,2.151394422310757,0.5068182114111,0.1094960980117321,0.1379553866214477,4,0.11693974615341246
Yuito Suzuki,1645,1,Freiburg,Bundesliga,M S,Medium,0.2188449848024316,0.22856777725248714,2.0790273556231003,0.1094224924012158,0.1148751331974489,1.3677811550151975,0.4615535673127711,0.1710728163233644,0.10993976420477816,3,0.11578311120619082
Sorba Thomas,1323,1,Nantes,Ligue 1,D F M S,Medium,0.06802721088435375,0.1267298385120776,0.6122448979591837,0.20408163265306123,0.292214235531635,2.5170068027210886,0.402653885903914,0.15498210150165623,0.2069920695697268,4,0.11464335636521802
Patrick Wimmer,3493,2,Wolfsburg,Bundesliga,F M S,High,0.1840255591054313,0.20411030801649863,1.6562300319488819,0.17827476038338658,0.1337188134904201,1.0121405750798722,0.4982289578497838,0.257498659705892,0.129036400805263,4,0.11181952239316703
Jean-Luc Dompe,1132,1,Hamburger SV,Bundesliga,F M S,Medium,0.15901060070671377,0.11306371838479655,1.9876325088339222,0.0,0.3216179418163671,2.6236749116607774,0.4272334013042096,0.11087028724355324,0.08719468008726836,4,0.10884476786737181
Jadon Sancho,2620,2,Aston Villa,Premier League,M S,High,0.09523809523809523,0.10725464868462747,1.1587301587301588,0.20634920634920634,0.21839216171157738,2.0714285714285716,0.549867788994951,0.3055318673067386,0.0916867877927766,4,0.10838784584688832
Eric Junior Dina Ebimbe,1459,2,Brest,Ligue 1,D F M S,Medium,0.3215663855938259,0.32370419805978334,2.148063455766757,0.05145062169501215,0.12867006782708004,0.6174074603401457,0.4325006512065982,0.1280813808321987,0.15196356955104826,3,0.1083322756638641
Jota,308,1,Rennes,Ligue 1,M S,Low,0.29220779220779225,0.3588367052763314,1.168831168831169,0.0,0.10551226361618413,1.461038961038961,0.4888143421864354,0.04858211493240549,0.3070047367364168,3,0.10666212453460565
Zian Flemming,1795,1,Burnley,Premier League,F S,Medium,0.45125348189415043,0.40274157765785795,2.607242339832869,0.0,0.03433721917253351,0.5013927576601671,0.39235313269400496,0.08616871694958975,0.18374605192086443,3,0.1045935164545277
Vitinha,7750,2,Paris Saint Germain,Ligue 1,M S,High,0.12717612480217047,0.14073196076093147,1.869489034591906,0.1424372597784309,0.14197753632896823,1.0835405833144924,0.7211348322986493,0.5441218122349104,0.08222097812308803,4,0.10408680963194436
Roberto Piccoli,4833,2,Fiorentina,Serie A,F S,High,0.24017155110793423,0.44069209955819083,2.6719085060757686,0.03859899928520372,0.05367637150724544,0.5103645461043602,0.48880342303444396,0.06747070645874872,0.16916688282299794,3,0.10273692103488206
Alex Iwobi,5496,2,Fulham,Premier League,M,High,0.20607597006991865,0.11813398733585508,1.718526393261643,0.14351719344155048,0.1913032342569024,1.6265281923375723,0.507970768035271,0.2781817693681106,0.0676653327235874,4,0.10033057174693427
Gennaro Borrelli,1263,1,Cagliari,Serie A,F S,Medium,0.3562945368171021,0.3263629473427271,2.137767220902613,0.07125890736342043,0.06205162889547557,0.8551068883610451,0.40801344611936397,0.18489232718183563,0.15266533425698678,3,0.09916723791959725
Medon Berisha,1590,2,Lecce,Serie A,M S,Medium,0.12408658486143666,0.1145442113214553,2.6802702330070316,0.23576451123672962,0.21750232102841194,1.7868468220046878,0.2876137777768496,0.1517801696693225,0.0443618803213926,4,0.09805798341019907
Jan-Niklas Beste,1721,1,Freiburg,Bundesliga,M S,Medium,0.10459035444509006,0.18291465374210902,1.2550842533410809,0.10459035444509006,0.19745811088392723,1.8826263800116212,0.5401483038413288,0.3048521692754743,0.1457389440232267,4,0.09625844668388372
Noni Madueke,1246,1,Arsenal,Premier League,F M S,Medium,0.14446227929373998,0.14420354245514588,1.8057784911717496,0.07223113964686999,0.28971747720963886,1.5890850722311396,0.4859810181105596,0.23792519675116292,0.07985671728849411,4,0.09578991887350571
Roberto Navarro,2548,2,Athletic Club,La Liga,M S,High,0.2675292883371218,0.21914385239365536,1.3927260010491342,0.039342542402517916,0.14038823041455858,1.3533834586466162,0.5517857960612753,0.2959154119389726,0.1573554268891741,3,0.09567496075675695
Ayoube Amaimouni-Echghouyab,551,1,Eintracht Frankfurt,Bundesliga,D F M S,Low,0.32667876588021777,0.09180515130707984,1.9600725952813067,0.4900181488203267,0.10481305513361945,0.9800362976406534,0.2687527875529227,0.11388828393119217,0.046837628120556474,4,0.09504510121056972
Pablo Durán,2844,2,Celta Vigo,La Liga,F M S,High,0.18242769158805644,0.2379215184105147,2.027753956498012,0.18242769158805644,0.16458578750974992,0.8560068605285726,0.4265760957925798,0.10268464637364821,0.11753355926322119,3,0.0944180202878409
Vincent Marchetti,798,1,Paris FC,Ligue 1,M S,Low,0.22556390977443608,0.24025871821055958,2.706766917293233,0.11278195488721804,0.06679500320128032,0.45112781954887216,0.6117791986387028,0.31296205405790106,0.08876224867223452,3,0.09059808293686487
Nathan N&#039;Goumou Minpol,841,1,Borussia M.Gladbach,Bundesliga,M S,Low,0.2140309155766944,0.2742157949136922,2.568370986920333,0.1070154577883472,0.12100851251860009,0.6420927467300832,0.4827514909181243,0.12535136751166137,0.1067664275566737,3,0.08730331327170669
Anton Stach,2394,1,Leeds,Premier League,M S,High,0.18796992481203006,0.10980338992592983,2.0676691729323307,0.11278195488721804,0.22399041038426695,2.2932330827067666,0.38150132101561335,0.2333408785997925,0.05310491221872243,4,0.08699059348337751
Téji Savanier,2382,1,Montpellier,Ligue 1,M S,High,0.0,0.10047858143436443,1.7758186397984885,0.1889168765743073,0.30421460183426474,2.644836272040302,0.3518151763066537,0.15549135377973092,0.08892603012475563,4,0.08683587894213353
Isi Palazón,4460,2,Rayo Vallecano,La Liga,F M S,High,0.09387106387205721,0.16804095310752679,2.2529055329293732,0.13857157047779875,0.17568837646463425,1.7120294029999006,0.4404493789857891,0.24666451579554677,0.0894601228556751,4,0.08398891959472438
Lameck Banda,2360,2,Lecce,Serie A,F M S,High,0.20074946466809424,0.18050642318652677,2.071734475374732,0.1927194860813705,0.16501095317946288,1.2767665952890792,0.3942510727753093,0.12017237279280957,0.08678945047051743,4,0.08109816171638969
Petar Sucic,1763,1,Inter,Serie A,M S,Medium,0.1020986954055587,0.11138644411745764,1.1230856494611459,0.1020986954055587,0.20629012449029085,1.4804310833806011,0.7763765197642405,0.5578508494095374,0.09917893988842313,4,0.08038425939240776
Mamadou Sangaré,2347,1,Lens,Ligue 1,M S,High,0.11504047720494248,0.12599624327531153,2.032381763953984,0.1533873029399233,0.1088510226247206,1.4188325521942906,0.6947717691157022,0.5315275177554815,0.061994377980535885,4,0.07813988907606198
Lamine Camara,3974,2,Monaco,Ligue 1,M S,High,0.1165146909827761,0.07952209931006608,1.1398176291793314,0.24316109422492402,0.22748495098731833,1.7983789260385006,0.5267990696250547,0.3724682562830721,0.0708216245666601,4,0.07717068543560243
Edu Expósito,3637,2,Espanyol,La Liga,F M S,High,0.026252844058106295,0.09265676566892056,1.5331660929934077,0.19952161484160785,0.28792442680996083,2.7407969196662973,0.381320859172173,0.23490988835953205,0.060412997251779885,4,0.07335601741578682
Max Moerstedt,779,2,Hoffenheim,Bundesliga,F S,Low,0.2608695652173913,0.2518017155644686,2.034782608695652,0.0,0.13087176013252008,0.991304347826087,0.568506446108222,0.2086754423606655,0.13742775380215497,3,0.07161990617940725
Sandro Kulenovic,284,1,Torino,Serie A,F S,Low,0.0,0.26988559172974086,1.5845070422535212,0.31690140845070425,0.10816627287004194,1.5845070422535212,0.4138237265476458,0.06779494131324994,0.17032779566943645,4,0.07032005666701682
Pierre-Emile Højbjerg,2716,1,Marseille,Ligue 1,M S,High,0.1325478645066274,0.12978292314475606,1.524300441826215,0.16568483063328424,0.14677532904662072,1.3254786450662739,0.659476292006869,0.5121555584153663,0.08514261334810568,4,0.06978541865364779
Abderrahmane Rebbach,1860,2,Alaves,La Liga,D F M S,High,0.050454086781029264,0.1624273007508183,1.9576185671039354,0.20181634712411706,0.26083676747819856,1.7558022199798184,0.3581123508881368,0.13785920834204504,0.08144800070746738,4,0.06639644905676298
Daniel Fila,495,1,Venezia,Serie A,F S,Low,0.36363636363636365,0.3496273119341244,1.4545454545454546,0.0,0.06332867728038268,1.0909090909090908,0.4848753579638221,0.08398179100318387,0.2403687769547105,3,0.0630765892233335
Anthony Elanga,3838,2,Newcastle United,Premier League,F M S,High,0.12979989183342347,0.1674351504645746,1.4115738236884803,0.2650081124932396,0.19021742861856958,1.4872904272579774,0.39396007490390184,0.1369479187578366,0.11558923553902024,4,0.0625890501310974
Abdón Prats,400,1,Mallorca,La Liga,F M S,Low,0.225,0.45023657586425553,3.1500000000000004,0.0,0.029039538139477357,0.6749999999999999,0.38715360984206204,0.035930352285504334,0.19602350571325847,3,0.06155379144657351
Angelo Stiller,2752,1,VfB Stuttgart,Bundesliga,M S,High,0.06540697674418605,0.09367102884340944,0.5559593023255813,0.1635174418604651,0.19833759503198117,1.7659883720930232,0.6426951014788734,0.4871043250598231,0.21306050656472936,4,0.0612407281071948
Brennan Johnson,3887,2,"Crystal Palace,Tottenham",Premier League,D F M S,High,0.28162484788781367,0.3004914666588892,1.7262560120530799,0.08865967433505244,0.09491795083666453,0.8918120183114099,0.48037074405794733,0.1285963931625585,0.160190881311764,3,0.056948453738318444
Diego Gómez,2673,2,Brighton,Premier League,F M S,High,0.20267122223947823,0.24878278032458984,1.7192110576176425,0.03494331417922038,0.1173466455731162,0.9504581456747943,0.6366500312250989,0.36081261409044213,0.14443510230930154,3,0.056568312844708805
John Yeboah,1198,1,Venezia,Serie A,F M S,Medium,0.07512520868113523,0.19017905672430643,2.2537562604340566,0.07512520868113523,0.22247420920087072,1.5025041736227045,0.5162029032391777,0.15242791560498722,0.08438315183545152,4,0.05643881748112088
Saúl Ñíguez,1556,1,Sevilla,La Liga,M S,Medium,0.057840616966580966,0.21135886223713818,2.429305912596401,0.34704370179948585,0.12207383287539061,1.2724935732647815,0.308667160283324,0.10077008826701225,0.08700380678332989,4,0.0562334219325747
Tyrique George,328,1,"Chelsea,Everton",Premier League,M S,Low,0.0,0.2274350083728389,2.74390243902439,0.0,0.36813334266587,0.823170731707317,0.45595982566294146,0.27125502010898256,0.08288742527365685,4,0.05619455426359949
Achraf Hakimi,1382,1,Paris Saint Germain,Ligue 1,D F S,Medium,0.13024602026049203,0.18246258583388864,1.7583212735166425,0.13024602026049203,0.09493283415280616,1.3675832127351666,0.6431425697211979,0.48592057860794713,0.10377090272528153,4,0.05479680641286498
Tom Cairney,1315,2,Fulham,Premier League,M S,Medium,0.2696853670717496,0.10859495097380896,1.932745130680872,0.0,0.1490853497591375,1.423339437323123,0.6889398196510275,0.5779985912715969,0.0571010078275719,4,0.05006331372266493
Livan Burcu,621,1,Union Berlin,Bundesliga,F M S,Low,0.14492753623188406,0.31322771494371304,2.318840579710145,0.14492753623188406,0.07374578236561755,1.3043478260869565,0.3893932511193166,0.14392296770128649,0.13507945206947625,3,0.05001432980858818
Joe Willock,2022,2,Newcastle United,Premier League,M S,High,0.0,0.14889449443414626,1.5583985882871954,0.17866990184184403,0.22770051262944896,1.5683246939450755,0.5686218922482615,0.30470826607713153,0.09559007660317854,4,0.04844681496265237
Mario Götze,2444,2,Eintracht Frankfurt,Bundesliga,M S,High,0.10135135135135136,0.11876470239430266,0.48141891891891897,0.06756756756756759,0.25091000094795857,1.773648648648649,0.5856623173521429,0.3635375386236135,0.2540066702733259,4,0.04629912059608224
Nicolás González,3269,2,Atletico Madrid,La Liga,D F M S,High,0.2287716405605936,0.2837209746023519,2.4422918384171477,0.0494641384995878,0.08606562062311743,0.8408903544929927,0.5179342431433173,0.2501256344686374,0.11493951580849447,3,0.04585625177027633
Fabian Rieder,3242,2,Augsburg,Bundesliga,D F M S,High,0.14067079127320092,0.11227357970476055,1.5825464018235103,0.15825464018235103,0.20776077788547578,1.570823835884077,0.4848973814704953,0.27531863530192224,0.10165078588344563,4,0.045161676717795966
Mason Mount,1647,2,Manchester United,Premier League,M S,Medium,0.22473386778814564,0.24225515398023195,2.0699172033118676,0.0,0.09728090881905742,1.2064660270732028,0.6270305833080753,0.36420483958896044,0.10997390140801742,3,0.04506005589116416
Theo Bair,912,1,Auxerre,Ligue 1,F S,Medium,0.19736842105263158,0.31350342173889084,2.56578947368421,0.09868421052631579,0.1058826601059225,0.9868421052631579,0.39489560968879805,0.050692339887303345,0.12218594898541386,3,0.04207676714845861
Bernardo Silva,5577,2,Manchester City,Premier League,M S,High,0.09276511397423193,0.12013981189759683,0.9918731417244797,0.1284440039643211,0.16559965032548804,1.5948463825569872,0.7265752278172345,0.5320054681054192,0.11907111816232527,4,0.04145373644635535
Dani Gómez,504,1,Valencia,La Liga,F S,Low,0.3571428571428571,0.48148334059598186,2.321428571428571,0.0,0.005794503459972982,0.17857142857142855,0.4915221464554114,0.004244301401610875,0.20740820825673068,3,0.041038292292974454
Frank Magri,2809,2,Toulouse,Ligue 1,F M S,High,0.3231468922045799,0.30048716691755323,2.448735338705817,0.06462937844091597,0.07952327782291611,0.7611904571930104,0.39905686399000345,0.11569845545221037,0.13342085592327385,3,0.04091040390835707
Juanlu Sanchez,1740,1,Sevilla,La Liga,D F M S,Medium,0.20689655172413793,0.15094072750673215,0.6724137931034483,0.20689655172413793,0.14033272216931497,1.293103448275862,0.49130538191068285,0.2849377609371882,0.22447595372796061,4,0.03935393885719847
Gerrit Holtmann,1075,1,Bochum,Bundesliga,D F M S,Medium,0.16744186046511628,0.13937156762667866,2.26046511627907,0.08372093023255814,0.2191152683524198,1.3395348837209302,0.4962900397389434,0.19294561665765075,0.06165614617229612,4,0.03919827090861089
Matteo Politano,5130,2,Napoli,Serie A,D F M S,High,0.086960340814265,0.1195691546608551,1.8538363564495586,0.18182616715709957,0.20731576392760445,1.6008608195353333,0.489183788537237,0.309245828908897,0.06453062312664448,4,0.03686467477992196
Mattia Zaccagni,4877,2,Lazio,Serie A,F M,High,0.16223711578460828,0.20602920617256507,1.5058932285648254,0.09983822509822049,0.14479641277478203,1.6431707880748787,0.4639933450457018,0.23631687316012998,0.16513170655126522,4,0.0364638162672313
Mateo Kovacic,2220,1,Manchester City,Premier League,M S,High,0.24324324324324326,0.07321916784889795,1.8243243243243243,0.08108108108108109,0.14941121186003894,1.337837837837838,0.6824208544818936,0.5413405082717135,0.04013495126532184,4,0.035923303377191046
Thiago Fernández,919,1,Real Oviedo,La Liga,F M S,Medium,0.0,0.08512702259773204,1.4689880304679,0.39173014145810664,0.2809740352050135,1.1751904243743199,0.40741690771980565,0.168021603814763,0.057949432420233885,4,0.03276667445413578
Maxence Caqueret,3169,2,Como,Serie A,M S,High,0.11433410967605336,0.09512725245367665,0.9527842473004445,0.2667795892441244,0.16168227222857146,1.5625661655727292,0.5759716548085553,0.3937687421039696,0.09939974302122179,4,0.032334830066860415
Xaver Schlager,1844,1,RasenBallsport Leipzig,Bundesliga,M S,High,0.14642082429501085,0.1053098061701804,1.024945770065076,0.04880694143167028,0.10726628519004765,1.024945770065076,0.9928960103638583,0.830161304651495,0.10274671035863105,4,0.030028950031982332
Raul Moro,2980,2,Osasuna,La Liga,M S,High,0.11475932419509083,0.13789596434345347,1.5062161300605672,0.2151737328657953,0.22136324323989284,1.5851131654446922,0.43679274433667403,0.16351097609561588,0.08491123877918966,4,0.029971051063667015
Ilias Akhomach,1480,2,"Rayo Vallecano,Villarreal",La Liga,F M S,Medium,0.05297233666862861,0.2041300385422992,2.4896998234255445,0.06621542083578576,0.16967032100071253,1.3375515008828722,0.5651104683796488,0.2761810204850673,0.08243908846266347,4,0.029347172009459688
Brenner,389,1,Udinese,Serie A,F M S,Low,0.23136246786632386,0.11447448120632026,1.6195372750642674,0.4627249357326477,0.11998701414481228,1.1568123393316196,0.257224783128975,0.041763796578795864,0.07068344950675964,4,0.029313392785683914
Sebastiano Esposito,5121,2,Cagliari,Serie A,F M S,High,0.22466107165913493,0.16957370261796986,2.0490639122014205,0.09683666881859264,0.14457743716461666,1.9173660426081343,0.37432178702227065,0.16769156575905192,0.10138613921117463,4,0.029238172487468156
Tanguy NDombele Alvaro,1426,2,Nice,Ligue 1,M S,Medium,0.060230885059394355,0.1568400281063386,1.0389827672745526,0.19575037644303164,0.17032389479655177,1.4605989626903129,0.5665451830281987,0.29319186011659315,0.17118903919008474,4,0.026193879547685275
Luka Modric,4601,2,AC Milan,Serie A,M S,High,0.07630351844001695,0.05384501522219803,0.7969478592623993,0.1653242899533701,0.2192421348219885,2.178889359898262,0.6545740746406996,0.5598869122921688,0.06607178820503659,4,0.025566200239359772
Danel Sinani,3334,2,St. Pauli,Bundesliga,F M S,High,0.10508562532433835,0.14589819690327635,2.2476647638816813,0.11092371562013494,0.18291872671295928,1.8740269849507007,0.404279439219046,0.2280578457293177,0.0968410830577349,4,0.024059080092714562
Jack Clarke,1151,1,Ipswich,Premier League,M S,Medium,0.0,0.10177894904044375,1.3292788879235446,0.312771503040834,0.20850443607317581,2.1894005212858385,0.42977940465941,0.15043935414037946,0.07656703944153644,4,0.023911014679275887
Marius Wolf,1002,1,Augsburg,Bundesliga,D F M S,Medium,0.08982035928143711,0.1539876374756237,1.2574850299401197,0.08982035928143711,0.33156820812714316,1.8862275449101795,0.3917170588127867,0.1260676163856587,0.12245683551632931,4,0.02131508889572089
Raheem Sterling,486,1,Arsenal,Premier League,F M S,Low,0.0,0.17977478155107407,1.8518518518518519,0.3703703703703704,0.09983023490618777,1.4814814814814816,0.41433717296631245,0.19453201442956924,0.09707838203758,4,0.016013003442968077
Callum Hudson-Odoi,4078,2,Nottingham Forest,Premier League,M S,High,0.17337222742033132,0.1228684281631078,1.476140679178821,0.13869778193626506,0.15581342296225717,1.9615829159557487,0.5103768345870303,0.3004048707111182,0.08347057429602577,4,0.015111233116680972
Sandro Ramírez,2086,1,Las Palmas,La Liga,F M S,High,0.34515819750719073,0.1534119700478999,2.2435282837967403,0.12943432406519656,0.15094818370568558,1.2080536912751678,0.3207920612419097,0.09576448249654738,0.08267358077976565,3,0.014518836345620248
Walid Cheddira,1780,2,"Lecce,Sassuolo",Serie A,F S,Medium,0.25983399494767234,0.3079863211112477,2.349332370985204,0.09743774810537713,0.07785005498985356,0.8552869000360881,0.4042286174580218,0.08905526285890916,0.12985335816948534,3,0.01026978635201969
Jari Vandeputte,1977,1,Cremonese,Serie A,M S,High,0.045523520485584223,0.09607766990935675,0.9104704097116844,0.2276176024279211,0.2853417095808773,2.4582701062215477,0.3370767149209343,0.18781510742779747,0.1055253074504435,4,0.009579824263995913
Mbwana Samatta,1550,1,Le Havre,Ligue 1,F S,Medium,0.11612903225806452,0.34038768947845505,2.4387096774193546,0.05806451612903226,0.1109499177745273,1.0451612903225806,0.46435407504679693,0.10023680930176089,0.1395769626168268,3,0.008757285400021013
Giorgi Kvilitaia,503,1,Metz,Ligue 1,F S,Low,0.3578528827037773,0.23576713924409146,2.147117296222664,0.0,0.2136031766357289,1.610337972166998,0.2064950657901067,0.050996512389384484,0.10980636207386851,3,0.008682529347521777
Pietro Pellegri,411,1,Empoli,Serie A,F S,Low,0.656934306569343,0.11459053188127323,1.751824817518248,0.0,0.13357537615038184,1.313868613138686,0.33864272500041626,0.11073821448605425,0.0654120952822268,3,0.006043726410736451
Lanroy Machine,466,1,Angers,Ligue 1,F S,Low,0.19313304721030042,0.3466078674604581,2.896995708154506,0.0,0.03630669797518861,0.7725321888412017,0.5540268493080792,0.19137294988983305,0.11964390091598034,3,0.005606328438868146
Alexis Sánchez,1713,2,Sevilla,La Liga,F M S,Medium,0.16605166051660517,0.2071222014986391,1.6937269372693726,0.11070110701107011,0.10586749373271898,1.6273062730627306,0.4846927168816878,0.2258853726398296,0.14768894231191387,4,0.005427572352902921
Martim Neto,1367,1,Elche,La Liga,F M S,Medium,0.13167520117044623,0.06852319853785008,0.7900512070226774,0.32918800292611555,0.18545853577679586,1.711777615215801,0.45205918742287915,0.3240639934535653,0.08673260407522321,4,0.0037178159725900634
Vladyslav Vanat,2003,1,Girona,La Liga,F,High,0.26959560659011483,0.3265251923041884,1.2131802296555168,0.044932601098352475,0.09454381993924806,0.5391912131802297,0.3977035606280899,0.0730872017722456,0.35173453280219324,3,0.003399128455526812
Gustav Isaksen,3860,2,Lazio,Serie A,F S,High,0.21647307286166845,0.25336390515590734,2.428722280887012,0.06863780359028512,0.0884288507430109,1.2090813093980994,0.46404267297890495,0.19384588277677456,0.10343461280631325,3,0.0028216597622150452
Ignatius Ganago,844,1,Nantes,Ligue 1,F M S,Low,0.2132701421800948,0.29251598329305367,2.4526066350710902,0.1066350710900474,0.07993067398455471,0.6398104265402843,0.4135751986425917,0.170639615408829,0.15231500161082848,3,-0.0005356758295648467
Jamie Vardy,5010,2,Cremonese,Serie A,F S,High,0.2721119133574007,0.3013457104333404,1.5514440433212997,0.1055956678700361,0.10384223547121947,0.6132671480144405,0.4350198042841245,0.070576268976171,0.2100666548006649,3,-0.0010593502428907914
Adrian Beck,2449,2,FC Heidenheim,Bundesliga,M S,High,0.1775815089730339,0.18477759460435483,1.7842713520623883,0.07610636098844309,0.16955243886135957,1.4375645964483696,0.5016612864027601,0.2949331636310189,0.10129861893928131,4,-0.006168519619722326
Linton Maina,1007,1,FC Cologne,Bundesliga,D F M S,Medium,0.17874875868917575,0.11519052624672858,1.7874875868917577,0.0,0.2846029440224052,1.519364448857994,0.5547045795256207,0.18028409012187321,0.06444269996136427,4,-0.007155954269730452
Mostafa Mohamed,2368,2,Nantes,Ligue 1,F S,High,0.338855421686747,0.35155040981473834,2.8972138554216866,0.0,0.06373831092524454,0.6184111445783133,0.37017529848219644,0.05599081790999015,0.11842222693177691,3,-0.007276172510806622
Ibrahim Diabate,579,1,Alaves,La Liga,F S,Low,0.31088082901554404,0.4238907482301324,2.33160621761658,0.0,0.023004829285212743,0.31088082901554404,0.47176825992492816,0.1119758674170378,0.18180203201870124,3,-0.008431301890991422
Razvan Marin,1374,1,Cagliari,Serie A,M S,Medium,0.06550218340611354,0.044261794130614755,1.5720524017467248,0.13100436681222707,0.21703916341554388,2.1615720524017465,0.5056121882140702,0.38698772114892716,0.09159698686562479,4,-0.0101471159260988
Antoine Joujou,923,1,Le Havre,Ligue 1,F M S,Medium,0.0,0.0798302494546445,1.0725893824485373,0.19501625135427952,0.33959319766606827,1.4626218851570962,0.5438228522428389,0.19942500328852966,0.0744275962087241,4,-0.01150299763302369
Maxime Lopez,1972,1,Paris FC,Ligue 1,M S,High,0.0,0.05457698045445806,0.5933062880324543,0.13691683569979715,0.24214333652482795,2.0081135902636915,0.7227987514121145,0.5440661594324554,0.09198786791127461,4,-0.013099664259927393
Kail Boudache,507,1,Nice,Ligue 1,M S,Low,0.1775147928994083,0.5078005234121219,2.3076923076923075,0.0,0.03537783845597822,0.7100591715976332,0.3849394090429566,0.041508317302317306,0.22004689347858616,3,-0.01310474044590984
Yaya Fofana,646,1,Reims,Ligue 1,F M S,Low,0.1393188854489164,0.11719725423437709,1.8111455108359134,0.1393188854489164,0.24057643193947642,0.9752321981424149,0.5375823923804719,0.2519308501744972,0.06470891131231418,4,-0.019338562461474404
Nicolas Kühn,643,1,Como,Serie A,M S,Low,0.13996889580093314,0.12642594329537724,1.119751166407465,0.13996889580093314,0.20138018479220232,1.5396578538102643,0.5653537722075616,0.26050277022445,0.11290539102628827,4,-0.019464369645604156
Tejero,1227,1,Espanyol,La Liga,D F M S,Medium,0.07334963325183372,0.049112925151121645,1.2469437652811735,0.29339853300733487,0.2441785899434958,2.347188264058679,0.3271329715793319,0.19437571454674807,0.03938663997413481,4,-0.01973150579038581
Javi Puado,3710,2,Espanyol,La Liga,F M S,High,0.19127970631802665,0.2879619600386034,2.080891350550654,0.09274167579055839,0.09660579639883982,0.7998969536935661,0.4026729230528875,0.1154853567267989,0.2023968930068299,3,-0.02168610029310611
Lucas Cepeda,390,1,Elche,La Liga,M S,Low,0.23076923076923078,0.25704252311530024,3.0,0.0,0.061507650292836696,1.3846153846153846,0.437075556255877,0.19453515355976728,0.08568084103843342,3,-0.02341027410410767
Aron Dønnum,2438,1,Toulouse,Ligue 1,D F M,High,0.036915504511895,0.08577666171292382,1.4766201804758,0.14766201804758,0.2321641075549383,2.3256767842493846,0.4143345518797098,0.21990848682634379,0.11509699607267976,4,-0.023448904688368327
Timothy Weah,1636,1,Juventus,Serie A,D F M S,Medium,0.27506112469437655,0.2051929178110308,1.1552567237163813,0.11002444987775059,0.10978312013001343,1.0452322738386308,0.5067020556422674,0.27760628600602555,0.17761672674013035,3,-0.027292360533572146
Romain Faivre,1493,2,Auxerre,Ligue 1,F M S,Medium,0.1096892138939671,0.13618115655791824,1.796160877513711,0.24680073126142593,0.19364000800350029,1.2340036563071297,0.37317217157394295,0.19726952107136272,0.09579210427350172,4,-0.02764524205053016
Diego Moreira,2586,1,Strasbourg,Ligue 1,D F M S,High,0.06960556844547564,0.08406238935092623,0.9048723897911833,0.24361948955916474,0.2695121323763287,1.0440835266821344,0.5581346713006496,0.2980658862515074,0.09289971746217746,4,-0.028013560022023862
Sammie Szmodics,1025,1,Ipswich,Premier League,M S,Medium,0.35121951219512193,0.39636423267969273,1.8439024390243903,0.0,0.017073877228469377,0.43902439024390244,0.4714710874164977,0.0639655152108611,0.21495943835803444,3,-0.03162461478717808
Nathan Tella,1385,1,Bayer Leverkusen,Bundesliga,D F M S,Medium,0.1299638989169675,0.22072485116199467,1.819494584837545,0.259927797833935,0.08729983868904492,1.1696750902527075,0.4087392577787169,0.13202356867196327,0.1213110789124455,3,-0.031935023224917744
Youri Tielemans,4910,2,Aston Villa,Premier League,M S,High,0.05023022185014649,0.08787879618582564,1.1887819171201337,0.200920887400586,0.19710459355023202,1.6743407283382168,0.5611136320521514,0.4280452006884378,0.08450266039381932,4,-0.03255274827261742
Piotr Zielinski,2995,2,Inter,Serie A,M S,High,0.16039349871685202,0.07302040295154366,1.3665526090675792,0.14756201881950384,0.15180614932660902,1.2639007698887939,0.6202712487246145,0.5038210737357239,0.09566182136217695,4,-0.03325125583988328
Denis Zakaria,2156,1,Monaco,Ligue 1,M S,High,0.16697588126159554,0.12204790506892055,1.2940630797773656,0.16697588126159554,0.06631427259635396,0.6679035250463822,0.7056280182318586,0.5986729891303795,0.1433521164280753,4,-0.03406132988318085
Fernando López,1833,2,Celta Vigo,La Liga,F M S,High,0.1374691575608037,0.20864913038512875,1.5333098343320408,0.052872752908001405,0.1634872892190652,1.1737751145576314,0.6075503851510624,0.29864898212792423,0.1382985933553133,4,-0.03476506865934301
Hugo Bolin,534,1,Borussia M.Gladbach,Bundesliga,M S,Low,0.16853932584269662,0.19574155633369186,2.528089887640449,0.16853932584269662,0.08553234860301018,1.348314606741573,0.40346216263898305,0.16488202774290292,0.07742666006088256,4,-0.03514785107607256
Brian Brobbey,1943,1,Sunderland,Premier League,F S,High,0.3242408646423057,0.32942341012679854,1.667524446731858,0.04632012352032939,0.06987080776539586,0.6948018528049408,0.43022531817599596,0.07415456423172616,0.19755237218406468,3,-0.03556217817665554
Andrea Pinamonti,5496,2,Sassuolo,Serie A,F S,High,0.3110514759697487,0.30208225231131464,2.4920712368870457,0.06952915345206148,0.059542263639674124,0.5306172237131007,0.4011324830135141,0.10808162205784633,0.13096983082016128,3,-0.04084191776938394
Hamidou Makalou,292,1,Brest,Ligue 1,M S,Low,0.0,0.04088108188613022,1.2328767123287672,0.0,0.34102599761665686,2.1575342465753424,0.6195565234640077,0.5518856137187208,0.0331590997520834,4,-0.04110887949434018
Pablo Martínez,1878,1,Levante,La Liga,M S,High,0.047923322683706075,0.09178468341620775,1.34185303514377,0.23961661341853036,0.262449202722849,1.7252396166134185,0.3912070083964509,0.2364972436104339,0.06840144264112626,4,-0.04118921355389686
Mohammed Kudus,4211,2,Tottenham,Premier League,F M,High,0.14657184734813528,0.19885156583986383,2.100863145323272,0.1807719450627002,0.1357908271683658,1.1383746810705173,0.4335246964820749,0.1559952485235213,0.09396872599468338,4,-0.04487552466619188
Oumar Diakité,1696,1,Reims,Ligue 1,F S,Medium,0.2122641509433962,0.2848262285796117,1.4327830188679245,0.05306603773584905,0.09220841761353374,0.5837264150943396,0.5435797734019119,0.2312229506842757,0.22694396917466766,3,-0.04747609744308107
Zinedine Ferhat,799,1,Angers,Ligue 1,M S,Low,0.2252816020025031,0.08210696599379798,1.3516896120150188,0.0,0.3489465447368849,1.9148936170212765,0.3924319939279885,0.06067398408700587,0.060743949841707945,4,-0.050068145666995766
Christantus Uche,2812,2,Getafe,La Liga,F,High,0.16409098801875324,0.16699367756048905,1.7971870116339639,0.22660184059732594,0.15857150213138618,1.0626844938357352,0.41549029463637216,0.13767647259079668,0.09067826968575853,4,-0.05022927868459859
Cyle Larin,1781,1,Mallorca,La Liga,F S,Medium,0.30320044918585065,0.32852031601146325,1.9708029197080292,0.10106681639528356,0.07992315342977166,0.40426726558113424,0.3388567092937743,0.06595397300093714,0.18575204130357656,3,-0.05106365971954231
Roberto López,374,1,Leganes,La Liga,M S,Low,0.0,0.14583028605167958,1.6844919786096255,0.24064171122994654,0.21390353244814006,2.406417112299465,0.2417582310462261,0.05224482559743411,0.08657226505290185,4,-0.051831968386691865
Philip Otele,504,1,Hamburger SV,Bundesliga,F M S,Low,0.17857142857142855,0.17973140414272035,1.25,0.17857142857142855,0.17174411465280823,1.607142857142857,0.3705226124397346,0.0563171984893935,0.14378512331417628,4,-0.054076667770565724
Wahbi Khazri,1084,1,Montpellier,Ligue 1,F M S,Medium,0.08302583025830258,0.13788302991766058,2.988929889298893,0.08302583025830258,0.16774389972717835,1.4114391143911438,0.4444109876313663,0.19186172238293334,0.04613123593541482,4,-0.06204248495966155
Exequiel Palacios,2213,2,Bayer Leverkusen,Bundesliga,M S,High,0.0362501258684926,0.06762588251591803,0.9243782096465613,0.2628134125465713,0.1461862836266804,1.6040680696807976,0.6172087701123239,0.5009327368258788,0.0701143084962058,4,-0.06347155918796975
Pathé Mboup,1028,1,Brest,Ligue 1,M S,Medium,0.08754863813229571,0.31071943814362535,2.0136186770428015,0.0,0.12744151766082193,0.7879377431906615,0.6331521081683816,0.19670615538932992,0.1543089770104574,3,-0.06555152954076345
Giovanni Reyna,806,2,Borussia M.Gladbach,Bundesliga,M S,Low,0.31544890806147213,0.09630677781659627,1.1404691291453222,0.0,0.23315712186086293,1.6500404421677002,0.5206609289514654,0.23862044379440528,0.08058184522320287,4,-0.0659179799452285
Angel Gomes,2144,2,Marseille,Ligue 1,M S,High,0.1715145436308927,0.13655822660396605,1.0922768304914745,0.03610832497492478,0.12338648822790044,1.58876629889669,0.6520721180992222,0.44217021118124633,0.15167054148276643,4,-0.06672528887374057
Adam Lallana,342,1,Southampton,Premier League,M S,Low,0.0,0.04008304621828229,0.7894736842105263,0.5263157894736842,0.14565218681175457,1.0526315789473684,0.448039633859145,0.2959884561010097,0.05077185854315757,4,-0.06724115012026187
Jayden Addai,688,1,Como,Serie A,M S,Low,0.39244186046511625,0.19811216950264954,1.7005813953488371,0.0,0.13362062548092285,0.9156976744186046,0.48861034241569945,0.177984404009442,0.11649672873318195,3,-0.0676572035861922
Pascal Groß,2254,1,Borussia Dortmund,Bundesliga,M S,High,0.03992901508429459,0.08336284644934808,1.0381543921916592,0.15971606033717836,0.18505593942777449,1.9964507542147294,0.579278818294472,0.46121167248741335,0.07915034768036909,4,-0.06885543641742087
Randal Kolo Muani,3217,2,Tottenham,Premier League,F M S,High,0.22852045017842437,0.27230211758639455,1.6552292066977765,0.08029096898160856,0.11769180473184605,1.1302497941257206,0.42452278951294936,0.09510350825468034,0.16387085938462123,3,-0.06922000555686818
Yáser Asprilla,1993,2,Girona,La Liga,F M S,High,0.12597690423422372,0.11250621359349931,2.3830631050973987,0.04199230141140791,0.22216725635612689,1.6376997550449084,0.4517828014609836,0.24915803091314395,0.04691052029512376,4,-0.07129841206522218
Carlos Álvarez,1910,1,Levante,La Liga,M S,High,0.14136125654450263,0.12469028469409149,1.4607329842931938,0.04712041884816755,0.21665941839988942,1.8848167539267018,0.5178051954037778,0.29045234009116416,0.08536144937839239,4,-0.07158341314474037
Santiago Comesaña,5025,2,Villarreal,La Liga,M S,High,0.12384588068181818,0.1748798439778263,1.1625532670454544,0.1518110795454545,0.10870784103231429,0.9867720170454545,0.6177729550327884,0.4291961635048706,0.15488691956258294,4,-0.07235681058013219
Teun Koopmeiners,1998,1,Juventus,Serie A,F M S,High,0.13513513513513514,0.220410241535655,1.891891891891892,0.13513513513513514,0.11541302408184016,1.6666666666666665,0.4158402026236594,0.17723686749803588,0.1165025562402748,4,-0.07236064335878246
Nathan Broadhead,677,1,Ipswich,Premier League,M S,Low,0.2658788774002954,0.24304863260825074,1.7282127031019203,0.0,0.11147964349569563,0.930576070901034,0.5626252554962342,0.28701690298008514,0.14063583271434676,3,-0.07306078927032089
Alexis Mac Allister,5304,2,Liverpool,Premier League,M S,High,0.11297543830285786,0.13041992212575837,1.5515293526925813,0.1506339177371438,0.1273403260188157,1.3180467802000084,0.600214906103413,0.44441136521205,0.08514729582754413,4,-0.07320007402150304
Bryan Zaragoza,3025,2,Celta Vigo,La Liga,F M S,High,0.027194440247771567,0.12853735830217783,2.0259857984589815,0.19715969179634382,0.19579043716286795,1.618069194742408,0.41448773178836873,0.17026299363586664,0.07594319658958462,4,-0.07870696407113643
Alemão,1118,1,Rayo Vallecano,La Liga,F S,Medium,0.3220035778175313,0.33122490055206,2.012522361359571,0.0,0.02505862693867125,0.5635062611806798,0.5117248098177699,0.16667999540437312,0.1645819728076458,3,-0.08023161969792521
Fodé Doucouré,1271,1,Le Havre,Ligue 1,F M S,Medium,0.21243115656963021,0.18302508730977707,1.4162077104642015,0.07081038552321008,0.17771294050323128,1.2745869394177813,0.5201045838701241,0.19917064836581422,0.12923604776151482,4,-0.08092966943387003
Portu,1191,2,Girona,La Liga,F M S,Medium,0.0688731585995791,0.26510518955065726,1.3258083030418977,0.1377463171991582,0.12886471725659635,1.222498565142529,0.473311509426041,0.10685924826906495,0.20470227125360665,3,-0.08118854228476549
Jon Ander Olasagasti,2533,2,Levante,La Liga,F M S,High,0.06838905775075987,0.11816435964851665,1.458966565349544,0.22036474164133737,0.20250691875877666,1.5501519756838902,0.43697474685732535,0.26709562341617504,0.08110686314464492,4,-0.08220697232187166
Florian Aye,547,1,Auxerre,Ligue 1,F S,Low,0.3290676416819013,0.36085970914314824,1.9744058500914077,0.0,0.013166076675656713,0.4936014625228519,0.47311116209154913,0.13352664643847528,0.18276876009379825,3,-0.08457852874432743
Edoardo Bove,863,1,Fiorentina,Serie A,M S,Low,0.10428736964078794,0.13168245679153903,0.7300115874855156,0.20857473928157588,0.15210735198295955,1.1471610660486673,0.5373723096152723,0.3617682186660043,0.18038406382713998,4,-0.08806990402004314
Tidiam Gomis,309,1,RasenBallsport Leipzig,Bundesliga,F S,Low,0.29126213592233013,0.1779577985984608,2.621359223300971,0.0,0.14207615146359193,0.8737864077669902,0.4620115970740619,0.2059908665137962,0.06788760465052393,3,-0.0893644610997151
Ilyas Chaira,2584,1,Real Oviedo,La Liga,F M S,High,0.24380804953560373,0.25150071808653124,2.9256965944272446,0.0696594427244582,0.07238815728886393,0.7662538699690402,0.3902730806773938,0.12054929382891477,0.08596267930365034,3,-0.0901259820024014
Casper Tengstedt,1552,1,Verona,Serie A,F M S,Medium,0.2899484536082474,0.2789492443559173,2.2036082474226806,0.05798969072164949,0.07300603816156112,0.6958762886597938,0.41391887830464724,0.10241280880531047,0.1466216732208666,3,-0.09156976453783561
Florian Sotoca,2263,2,Lens,Ligue 1,F M S,High,0.08517350157728706,0.2116369521348188,2.3943217665615144,0.03785488958990536,0.09706648176518337,1.0126182965299684,0.6332275969114401,0.39837172365386025,0.08910751677386151,4,-0.09218054708968426
Adam Karabec,922,1,Lyon,Ligue 1,M S,Medium,0.09761388286334056,0.15253825796012507,0.8785249457700651,0.0,0.20452045758786144,2.049891540130152,0.5398679729914717,0.31062582491567753,0.17362996770275962,4,-0.09240919063514737
Abdul Fatawu,571,1,Leicester,Premier League,D F M S,Low,0.0,0.0734577619270038,2.0490367775831873,0.3152364273204904,0.23209227297957427,0.9457092819614711,0.3722295242210038,0.2138382623105876,0.035849899196854,4,-0.09398300998199467
Ezechiel Banzuzi,521,1,RasenBallsport Leipzig,Bundesliga,M S,Low,0.0,0.21563675554894668,2.5911708253358925,0.1727447216890595,0.061116658880477216,1.2092130518234165,0.5258942814811979,0.3170103095328854,0.0832198145488898,4,-0.09401537796250353
Adam Buksa,886,1,Udinese,Serie A,F S,Low,0.3047404063205418,0.28279105062611215,1.2189616252821671,0.0,0.1015043847944007,1.1173814898419865,0.39782835166422026,0.058270072623347324,0.23199339893956974,3,-0.09432082621196677
Ruslan Malinovskiy,2651,2,Genoa,Serie A,M S,High,0.10478925716059924,0.08015216197285013,2.172630598463091,0.1606768609795855,0.18958973557350917,1.5229372040673756,0.4041221592036602,0.27231907539389466,0.07362389990922631,4,-0.09541636991929181
Samuel Mbangula,1847,2,Werder Bremen,Bundesliga,F M S,High,0.2842770238652316,0.11591573443026688,1.2739822180627047,0.23163313055685542,0.12845408361427796,1.368741226017782,0.3772584467849123,0.16740502290071194,0.08961373850511414,4,-0.09838518164317439
Dani Ceballos,1686,2,Real Madrid,La Liga,M S,Medium,0.0,0.020405011651539153,0.5378735232800556,0.0,0.1339991714098621,1.6636553161918,0.9754969337340276,0.906737043376678,0.03852666474205945,4,-0.09980670708272435
Santiago Cazorla,877,1,Real Oviedo,La Liga,M S,Low,0.0,0.03210347558360042,0.7183580387685291,0.10262257696693272,0.23950457653644555,2.8734321550741164,0.5134705117316396,0.4493355279004662,0.04469007632828185,4,-0.1013859207785669
Christian Gytkjær,720,1,Venezia,Serie A,F S,Low,0.125,0.33373571839183563,2.25,0.125,0.08873304631561041,0.875,0.27124356897547847,0.05642519425600766,0.19062136734525362,3,-0.1019846222267029
Isaac Romero,3706,2,Sevilla,La Liga,F M S,High,0.19840783833435394,0.2961417720091358,2.320269442743417,0.04409063074096754,0.08693750542448805,0.8266993263931415,0.45204783540814475,0.11511812299325724,0.14394177710293649,3,-0.10200867127021282
Marco Grüll,3228,2,Werder Bremen,Bundesliga,F M S,High,0.23476690522373087,0.22863907852267976,1.8961942344993648,0.05417697812855328,0.1193694536742435,1.2581098254297371,0.4772521686441781,0.20146646005912602,0.1206232446357774,3,-0.10304510921590812
Hannibal Mejbri,1251,1,Burnley,Premier League,M S,Medium,0.07194244604316546,0.053943843687985014,1.3669064748201438,0.28776978417266186,0.20418628541042483,1.5107913669064748,0.42828005457149565,0.24284699891539788,0.039464180382262716,4,-0.11006549062855236
Dani Rodríguez,2207,1,Mallorca,La Liga,F M S,High,0.16311735387403717,0.13888587452737952,1.264159492523788,0.28545536927956505,0.17027449073361955,1.3457181694608065,0.28002681795509354,0.13495025553710596,0.10986420253832493,4,-0.11152521756935772
Seko Fofana,1504,2,Rennes,Ligue 1,M S,Medium,0.12134831460674157,0.17621839408961576,1.901123595505618,0.05393258426966292,0.10136242381642374,1.442696629213483,0.6002586730410544,0.41829247804505104,0.09061375736703463,4,-0.1135607039455418
Dan Ndoye,3350,2,Nottingham Forest,Premier League,F M S,High,0.1789632473944048,0.20981062581309018,1.746434448710916,0.1295940756993966,0.14871984865318205,1.1231486560614372,0.45223173876694034,0.14882790687985953,0.12948412060136377,3,-0.11371247212042107
Aleksandar Pavlovic,2919,2,Bayern Munich,Bundesliga,M S,High,0.13026586424925726,0.07227454773518104,0.5896244381808486,0.0342804905919098,0.0737653963251911,0.9118610497448008,0.8730279071249565,0.799200467080266,0.12035793180098256,4,-0.11581031999060999
Wilfried Gnonto,493,1,Leeds,Premier League,F S,Low,0.0,0.07989564340025125,1.8255578093306288,0.18255578093306288,0.22766988233306104,1.460446247464503,0.5256474581802109,0.2257534065878899,0.04376505799591541,4,-0.11820431195886767
Jørgen Strand Larsen,4977,2,"Crystal Palace,Wolverhampton Wanderers",Premier League,F S,High,0.28704909932168365,0.28995226318115636,1.7627240465387897,0.08490184627824446,0.06819362559858963,0.5094110776694667,0.4108477721079386,0.10766714038521039,0.1803125771001467,3,-0.12020624374678213
Giorgi Abuashvili,655,1,Metz,Ligue 1,D F M S,Low,0.2748091603053435,0.16259359211468968,3.1603053435114505,0.0,0.07903046143873957,0.9618320610687023,0.42668353149112853,0.2544805377096165,0.05144869702179795,3,-0.12072561124231496
Leandro Paredes,1370,1,Roma,Serie A,M S,Medium,0.0656934306569343,0.04164196927114016,1.7080291970802919,0.0656934306569343,0.10921679019764827,1.3795620437956204,0.7007913916460136,0.6243759302395212,0.08294157474301755,4,-0.12155616413494567
Jacob Ondrejka,1176,2,Parma Calcio 1913,Serie A,F M S,Medium,0.32894736842105265,0.20604353107046333,2.56578947368421,0.0,0.11113416029777573,0.9374999999999999,0.3985655132840436,0.1663735711266973,0.07875622272080647,3,-0.12167903641480447
Andréas Hountondji,1092,1,St. Pauli,Bundesliga,F M S,Medium,0.32967032967032966,0.3462020547390189,1.7307692307692308,0.0,0.058171522680792835,0.4945054945054945,0.30984071896994836,0.009271611183226764,0.23611245470653688,3,-0.12265979890859709
Borja Mayoral,2136,2,Getafe,La Liga,F S,High,0.3369384359400998,0.25408837233186576,1.4507071547420964,0.08423460898502495,0.07551655087685104,0.533485856905158,0.348157357009877,0.08952178604683503,0.22035723474750704,3,-0.12273240847158852
Neil El Aynaoui,2554,2,Roma,Serie A,M S,High,0.20136030069804903,0.1171805492714141,0.8537676749597279,0.11276176839090744,0.1377125242593326,1.2564882763558258,0.488334038413705,0.33216295142579544,0.21036350636516135,4,-0.12404874641998054
Mateo Pellegrino,3754,2,Parma Calcio 1913,Serie A,F S,High,0.25959618371422233,0.32577916128074885,2.261482138895052,0.04493010871976925,0.062068037484469374,0.6489904592855558,0.38481792993130653,0.08736450166480969,0.1499102823218368,3,-0.1253235045765394
Luca Mazzitelli,1083,2,Cagliari,Serie A,M S,Medium,0.24778761061946902,0.07817755665926807,1.823008849557522,0.24778761061946902,0.1545726991200869,0.8672566371681416,0.37573710683963996,0.23657279117115304,0.04307986248239053,4,-0.1254256367387555
Diego López,4620,2,Valencia,La Liga,F M S,High,0.23098563743151873,0.20030445896473723,1.4036819505453826,0.11105078722669166,0.1513908009616325,1.0127831795074282,0.4839040187580183,0.18067966945210864,0.1428165864172129,3,-0.12591692341257815
Joan Jordán,1397,1,Alaves,La Liga,M S,Medium,0.12884753042233357,0.08409576519854425,1.0952040085898354,0.12884753042233357,0.1397673964751091,1.9327129563350038,0.2914498664262727,0.2201280551819223,0.2516743298619986,4,-0.1277054992411943
Casemiro,4168,2,Manchester United,Premier League,M S,High,0.2282490554319135,0.1893213178171368,1.8073598675016822,0.04658143988406397,0.11445735489200419,1.2483825888929145,0.5094624753713848,0.37050722267832126,0.10576629919578918,4,-0.12814436824135217
Stephy Mavididi,1586,1,Leicester,Premier League,M S,Medium,0.22698612862547285,0.19249827401362557,1.4754098360655739,0.05674653215636821,0.1466105539647658,1.248423707440101,0.5164061716791775,0.2883749961392651,0.1304710523870129,4,-0.12839453119374497
Antonio Vergara,625,1,Napoli,Serie A,M S,Low,0.14400000000000002,0.10160601389408112,1.44,0.28800000000000003,0.12028716489672661,1.584,0.3758947856426239,0.18098455658555032,0.07055973187088967,4,-0.1314080156025556
Florian Tardieu,1245,1,Saint-Etienne,Ligue 1,M S,Medium,0.14457831325301204,0.05827886499015682,1.1566265060240963,0.2891566265060241,0.08373755423060382,1.5180722891566265,0.5005294161747738,0.4184517728456532,0.05038693535607308,4,-0.13143403879516907
Óscar Trejo,475,1,Rayo Vallecano,La Liga,M S,Low,0.18947368421052632,0.09979658060167965,0.9473684210526315,0.0,0.13752739303990413,1.705263157894737,0.6366365176282431,0.5451449458536348,0.10534083507955075,4,-0.1315380079712516
Lorenzo Colombo,4627,2,Genoa,Serie A,F S,High,0.2155069201666587,0.2684135574724003,2.387816675446578,0.056031799243331265,0.08627832618908951,0.7715147741966382,0.4382010541671104,0.15140398853513726,0.13092107995549565,3,-0.13308166681046002
Youssef El-Arabi,943,1,Nantes,Ligue 1,F S,Medium,0.2863202545068929,0.3287797917395609,1.4316012725344642,0.0,0.05428670606282584,0.8589607635206787,0.2596719899192089,0.04772713103688155,0.280331781009833,3,-0.13699460451108456
Gessime Yassine,505,1,Strasbourg,Ligue 1,M S,Low,0.0,0.09001048665383075,1.4257425742574257,0.1782178217821782,0.2839149379789239,1.2475247524752475,0.49380387616629645,0.19527071448835995,0.06313235522247851,4,-0.1380015882492935
Roberto Fernández,3925,2,Espanyol,La Liga,F S,High,0.2686864219371959,0.2773857338104581,1.8857806280406897,0.07463511720477664,0.09631927141992638,0.60703228659885,0.40719895308309223,0.07896257015044006,0.1565400580067613,3,-0.13927446757275214
Stoichkov,675,1,Alaves,La Liga,F M S,Low,0.0,0.15926562597354255,2.4000000000000004,0.13333333333333333,0.13726686437924704,0.9333333333333333,0.5710026154915492,0.379522185275952,0.06636067748897606,4,-0.14322249412965699
Federico Viñas,2575,1,Real Oviedo,La Liga,F M S,High,0.2446601941747573,0.29332602345249026,2.0970873786407767,0.03495145631067961,0.1058243309699216,1.0135922330097087,0.30744737385256776,0.09230123817631342,0.16464897835006317,3,-0.143552039043458
Arnaud Nordin,2241,2,Rennes,Ligue 1,D F M S,High,0.15272509482930727,0.19489694317182898,2.4885206628069474,0.17069275304451986,0.11304554988920724,0.898382910760631,0.349970104596374,0.12133148303885742,0.10637055792710137,3,-0.14502059635471906
Ramón Terrats,2376,2,Espanyol,La Liga,F M S,High,0.17958950969213222,0.15050346917709592,1.3597491448118586,0.1197263397947548,0.2129086494093236,1.2656784492588369,0.45671333177355,0.16409301338664242,0.10991714287973223,4,-0.1450875850675846
Wilson Odobert,1791,2,Tottenham,Premier League,F M S,Medium,0.04438964241676942,0.23043437605395306,1.7422934648581998,0.11097410604192356,0.14631806945591322,1.376078914919852,0.5100595786336134,0.2399318234629828,0.13616193354828215,4,-0.14909236466364256
Cameron Archer,1409,1,Southampton,Premier League,F S,Medium,0.127750177430802,0.39388389544094854,1.8523775727466292,0.0,0.030243910149776225,0.38325053229240597,0.47696992490543716,0.12271187545809659,0.23888414051255272,3,-0.15515028627801142
Éderson,5151,2,Atalanta,Serie A,M S,High,0.08268801680010501,0.16251758811647013,1.303320645754036,0.035437721485759285,0.13313251678186588,1.0749442184013653,0.6711403601148308,0.4933344455728508,0.1345006395636215,4,-0.15590643949790237
Igor Jesus,2379,1,Nottingham Forest,Premier League,F M S,High,0.18915510718789408,0.24355275874715504,2.648171500630517,0.15132408575031525,0.08626798437943525,0.5674653215636822,0.3228861405684473,0.06992510357850511,0.1028440013394824,3,-0.15796028451791083
Oladapo Afolayan,1644,1,St. Pauli,Bundesliga,F M S,Medium,0.16423357664233576,0.16795386070807053,2.0802919708029197,0.05474452554744525,0.20409953862047983,1.2043795620437956,0.44988155997201906,0.13875394893035184,0.08073571549826548,4,-0.15873142596006956
Jordan Siebatcheu,1308,1,Reims,Ligue 1,F S,Medium,0.06880733944954127,0.3804495455611736,2.3394495412844036,0.06880733944954127,0.07617003895308172,1.1697247706422018,0.2909354156378759,0.050883631119419126,0.16412436917485979,3,-0.16083031349483795
Marc Bernal,798,1,Barcelona,La Liga,M S,Low,0.22556390977443608,0.11528130081531249,0.7894736842105263,0.11278195488721804,0.07587048722277011,0.5639097744360901,0.6369606713603314,0.5883983463132965,0.14602298103272915,1,-0.16099688101418907
Kieron Bowie,1211,1,Verona,Serie A,F,Medium,0.2972749793559042,0.30465494069208493,2.4525185796862097,0.0,0.03276741241345614,0.8918249380677127,0.38035141805557554,0.06131801233587682,0.12422125696232823,3,-0.1617246949903149
Noah Edjouma,319,1,"Lille,Toulouse",Ligue 1,F M S,Low,0.0,0.1891948963547575,2.8213166144200623,0.0,0.13838954526802588,1.974921630094044,0.4289622130719098,0.1444597489734802,0.06705907993018627,4,-0.16221558016835375
Nicolo Fagioli,4102,2,Fiorentina,Serie A,M S,High,0.06632975363234365,0.06196889996032079,1.198673404927353,0.10897030953885029,0.18100616543313144,2.027795325331649,0.5486768360978637,0.4149204471977505,0.052199574453393335,4,-0.16377832028095543
Pereira Lage,3643,2,St. Pauli,Bundesliga,D F M S,High,0.09736162028968086,0.18866880683058104,1.9418234268886354,0.20554119838932627,0.1590126655842258,1.1250676122363121,0.3666294013652724,0.13628108416517679,0.09748422120257329,4,-0.16398645045647864
Danny Namaso,2544,1,Auxerre,Ligue 1,F M S,High,0.10613207547169812,0.25886246771990973,2.1580188679245285,0.10613207547169812,0.13975106615722532,1.1320754716981132,0.416811214636941,0.15131601382855256,0.11995375553359751,3,-0.16403912307184082
Konan N’Dri,759,2,Lecce,Serie A,M S,Low,0.2564102564102564,0.14024623263722813,3.358974358974359,0.0,0.11402561668402107,1.1282051282051282,0.2924540793188871,0.12258294406227577,0.04253039483511449,3,-0.1647536709266706
Juanmi,914,1,"Getafe,Real Betis",La Liga,F M S,Medium,0.0,0.3631054068542609,1.8708971553610503,0.0,0.08223827575747111,0.787746170678337,0.5918642673111588,0.17066111822798033,0.1940809016753184,3,-0.1667658769647444
Kendry Páez,411,1,Strasbourg,Ligue 1,F M S,Low,0.21897810218978103,0.23655293740495278,2.18978102189781,0.0,0.09806618692666075,1.313868613138686,0.4793982396758821,0.212364925384304,0.10802584141492844,3,-0.16895376933297915
Ibrahima Wadji,310,1,Saint-Etienne,Ligue 1,F S,Low,0.0,0.4199472585272404,3.4838709677419355,0.0,0.0025131038480227744,0.2903225806451613,0.4398585327810818,0.04871239244276957,0.12054041679948568,3,-0.17218796998808394
Riccardo Sottil,2010,2,Lecce,Serie A,F M S,High,0.08883527089273964,0.0837930880060424,1.9346347883307744,0.1381881991664839,0.2471027967592987,1.7767054178547927,0.2880896230083818,0.15045825065769147,0.04240910570972921,4,-0.1744784157778914
Dennis Johnsen,390,1,Cremonese,Serie A,F M S,Low,0.23076923076923078,0.1699014502362563,1.1538461538461537,0.23076923076923078,0.14303208142518997,0.9230769230769231,0.29798991576983375,0.015356767636079056,0.1472479235380888,3,-0.1751778548780462
Jae-Sung Lee,4940,2,Mainz 05,Bundesliga,F M S,High,0.196461867297285,0.19860550810395858,1.2524444040201919,0.13916048933557687,0.1470886906968525,1.0068670698985855,0.4582373019138605,0.20398803881698072,0.15799226270121994,3,-0.17693233725486104
Marc Casadó,2597,2,Barcelona,La Liga,M S,High,0.031732040546496254,0.06992903465315628,0.880564125165271,0.13486117232260908,0.07494698191671552,0.8408990744821507,0.7870080782327951,0.7018602832744646,0.07728986838324822,4,-0.1770299328514746
Jens Odgaard,3378,2,Bologna,Serie A,F M S,High,0.2959135744480977,0.21072831450678,2.2404884922498822,0.05435147285781386,0.09047445657968696,0.8333892504864792,0.4458824672191857,0.18285224392049257,0.09420731250001141,3,-0.17748015901831315
Philipp Hofmann,2257,1,Bochum,Bundesliga,F M S,High,0.11962782454585734,0.19782934972903313,2.0735489587948606,0.11962782454585734,0.18703945007506967,1.0766504209127161,0.40855451217552546,0.12836454240592857,0.09540616289282648,4,-0.17799554822333055
Marshall Munetsi,4621,2,Paris FC,Ligue 1,F M S,High,0.2168994688176274,0.2851265174560813,1.6865040330513477,0.0973834349793429,0.09028856731773877,0.7170962030297069,0.41327519513341965,0.11708285104706531,0.1683924462554795,3,-0.1795518487154824
Rodri,1500,1,Manchester City,Premier League,M S,Medium,0.06,0.0713086903654039,1.02,0.0,0.13656777262687683,1.5599999999999996,0.7282756327092648,0.6423566937446594,0.06991048075039596,4,-0.18010728089695704
Jesús Navas,410,1,Sevilla,La Liga,D F M S,Low,0.21951219512195122,0.1367901030746175,0.6585365853658537,0.0,0.10562952676015654,2.1951219512195124,0.4317038347263162,0.23184014784126752,0.20771830466886365,4,-0.18204192788253495
Manu Fuster,958,1,Las Palmas,La Liga,F M S,Medium,0.1878914405010438,0.0699915924150349,1.6910229645093944,0.0939457202505219,0.13040521233643954,2.6304801670146136,0.28458745391856655,0.13201853288590348,0.04139008983555767,4,-0.18758936496487882
Bryan Gil Salvatierra,3376,2,Girona,La Liga,F M S,High,0.07147111375818942,0.14965755376851653,1.566408576533651,0.16081000595592615,0.17769446007423706,1.1494937462775463,0.5173033893667495,0.31586949181026863,0.09633063862849497,4,-0.18852155997802297
Johannes Eggestein,1890,1,St. Pauli,Bundesliga,F S,High,0.09523809523809523,0.2063124298694588,1.7142857142857142,0.19047619047619047,0.10325305452126832,1.1428571428571428,0.3916274000491415,0.11675732201408773,0.1624476242189606,3,-0.19440532875798266
Jan Virgili,1807,1,Mallorca,La Liga,F M S,High,0.0996126175982291,0.12916161526689293,1.5938018815716657,0.1992252351964582,0.1877932792233626,1.5439955727725514,0.35181131612305394,0.13268487214605057,0.08103994402335957,4,-0.19499422501935765
Mamadou Diakhon,782,1,Reims,Ligue 1,F M S,Low,0.23017902813299237,0.1617993574465632,2.071611253196931,0.11508951406649619,0.10020194594245736,1.4961636828644502,0.39961722017268236,0.1748802827652115,0.07810314661926693,4,-0.1952383313509009
Gerard Gumbau,1977,2,Rayo Vallecano,La Liga,M S,High,0.0,0.1076083807614913,1.5494978479196557,0.1887208917338042,0.17229685218627122,1.8176801677519037,0.4418542717343272,0.3008528023007663,0.06961591832494687,4,-0.1956652917116158
Takuma Asano,1733,2,Mallorca,La Liga,F M S,Medium,0.1540690018435607,0.2728806749724042,2.3347379510139583,0.04740584672109561,0.10448729932849771,0.46220700553068206,0.5143004144039833,0.20619961089232122,0.11699338139987397,3,-0.19571862432321405
Cyril Ngonge,1428,1,Torino,Serie A,F S,Medium,0.06302521008403363,0.20264595402639454,2.2058823529411766,0.18907563025210083,0.11969398910633657,1.2605042016806722,0.37952298220215724,0.10696469504824457,0.09227006939142683,4,-0.19607180994746048
Carney Chukwuemeka,869,1,Borussia Dortmund,Bundesliga,F M S,Low,0.20713463751438435,0.25342142125816697,1.8642117376294591,0.0,0.06575455694053198,1.139240506329114,0.5474432021319454,0.28413384280438664,0.13594025621811548,3,-0.19680997842948647
Faustino Anjorin,1127,1,Empoli,Serie A,M S,Medium,0.1597160603371784,0.06302887272212024,1.8367346938775506,0.23957409050576747,0.1824641778417256,1.3575865128660158,0.2879325914202454,0.07080227359732698,0.03431571959315435,4,-0.1984595215431301
Sergio Gómez,2745,1,Real Sociedad,La Liga,D F M S,High,0.06557377049180328,0.06158965624502448,0.5901639344262295,0.16393442622950818,0.2736583193306063,1.8360655737704918,0.3807601511905916,0.21777873327497577,0.1043602508596248,4,-0.20381083480591639
Tomás Conechny,837,1,Alaves,La Liga,F M S,Low,0.10752688172043011,0.3738176616369396,2.3655913978494625,0.0,0.03723947811991937,0.7526881720430108,0.4570321111829691,0.12288121847055292,0.15802292060106993,3,-0.20504878363904275
Jonathan Bamba,823,1,Celta Vigo,La Liga,D F M S,Low,0.0,0.07178720344822144,1.4216281895504252,0.10935601458080194,0.20458674938717852,1.3122721749696233,0.6341124660044655,0.41414754458432657,0.05049646875033012,4,-0.20667475828307894
Niccolò Pisilli,2461,2,Roma,Serie A,M S,High,0.14585396596740793,0.19150313969989635,1.6449086161879896,0.19447195462321057,0.12038535300209247,0.8102998109300441,0.45796119063211205,0.29032186138075294,0.11702762094451087,4,-0.20719769663849827
Josip Brekalo,482,1,Real Oviedo,La Liga,F M S,Low,0.0,0.05767674747607148,1.6804979253112033,0.0,0.3073100258762411,2.0539419087136928,0.4181512380289339,0.16198716899264157,0.03432122504131661,4,-0.2073604447364089
Denis Suárez,1990,2,Alaves,La Liga,M S,High,0.08647379096829294,0.11634810293457024,0.8166969147005444,0.1345147859506779,0.1481622772744088,1.6910430233799507,0.5106310182161254,0.3479038798901,0.15402989764978064,4,-0.20762432712669124
Víctor Muñoz,2705,1,Osasuna,La Liga,F M S,High,0.19963031423290198,0.23671813307126882,2.6950092421441774,0.066543438077634,0.08025739853254858,0.8983364140480592,0.38443047593239266,0.1275919918039755,0.08783574073494954,3,-0.20806679802536365
Sékou Mara,1958,2,Auxerre,Ligue 1,F S,High,0.18867924528301888,0.2365325061676519,2.393247269116187,0.13902681231380337,0.09864576560442356,0.6454816285998014,0.3571276929573542,0.09312038718655245,0.09894306091220652,3,-0.2092347643662012
Gabriel Strefezza,3674,2,Parma Calcio 1913,Serie A,F S,High,0.19463172624348046,0.12155714565422447,1.9921129627273884,0.14883602595089682,0.12961813917537804,1.6772675232158758,0.3316320247987029,0.15567124127818494,0.06150033798472839,4,-0.21212481901980185
Chidera Ejuke,1783,2,Sevilla,La Liga,F M S,Medium,0.14628657164291073,0.15087901738619702,2.194298574643661,0.10127531882970743,0.12410006624564741,1.676669167291823,0.4036422862495951,0.20040782727440856,0.06703291191397052,4,-0.21461985096144554
Pablo García,346,1,Real Betis,La Liga,M S,Low,0.0,0.36713612260501516,3.381502890173411,0.0,0.014315267831000959,0.5202312138728323,0.42841134937426256,0.0903955020139672,0.10857187899259421,3,-0.21757856432594697
Albert Gudmundsson,3574,2,Fiorentina,Serie A,F M S,High,0.14108284095019896,0.1676432545305046,1.698420354515857,0.13023031472326058,0.14246170536037608,1.166646569395876,0.45574051244675146,0.2311807485943285,0.15330596955828252,4,-0.22129341567141028
Tim Skarke,1681,2,Union Berlin,Bundesliga,F M S,Medium,0.061821678802033236,0.14939284522118623,1.8546503640609973,0.16073636488528642,0.1614743350811946,1.471355955488391,0.45664113513288057,0.17704206713691387,0.08308112412096383,4,-0.22162382833847166
Connor Metcalfe,876,2,St. Pauli,Bundesliga,F M S,Low,0.0,0.15921277874426012,2.3168316831683167,0.22277227722772275,0.1476889973238922,1.2698019801980198,0.3068393910981457,0.08350222735287677,0.0790773243533844,4,-0.221853471062738
Mamadou Coulibaly,1402,1,Monaco,Ligue 1,F M S,Medium,0.19258202567760344,0.12756932279714164,0.834522111269615,0.19258202567760344,0.11315890400538942,0.7703281027104137,0.5115771682111921,0.3595220100150554,0.15286512013811332,4,-0.22328896730045641
Juan Latasa,1376,1,Real Valladolid,La Liga,F S,Medium,0.19622093023255813,0.2975827544727254,2.6162790697674416,0.0,0.03774044055188465,0.7848837209302325,0.4394259151249994,0.18296732002094948,0.11374274170957506,3,-0.22598285418019753
Bahereba Guirassy,1102,2,Nantes,Ligue 1,F M S,Medium,0.3111196466295371,0.2271334138622503,1.7802957557134627,0.08642212406376032,0.09355109262247792,0.7432302669483387,0.36458519741532236,0.062143951218016476,0.1282828186900649,3,-0.22936199334213975
Munir,844,1,Leganes,La Liga,F M S,Low,0.42654028436018965,0.15263481367979712,2.2393364928909953,0.0,0.07612652299810925,0.8530805687203793,0.3519568701332073,0.17406080061596294,0.06816073161150728,3,-0.23217706639004007
Kevin Omoruyi,864,1,Nice,Ligue 1,F S,Low,0.0,0.4162763896359442,2.2916666666666665,0.0,0.04504342175399264,0.3125,0.4816307592166898,0.13845755563428006,0.18164787911386654,3,-0.23444591077672555
Ismael Bennacer,963,1,Marseille,Ligue 1,M S,Medium,0.0,0.011874533771911508,0.5607476635514019,0.18691588785046728,0.1710458501964529,1.588785046728972,0.5951309621891129,0.5686454711673415,0.023210754139009075,4,-0.23468931147662084
Elias Saad,1424,2,Augsburg,Bundesliga,F M S,Medium,0.17380109430318635,0.18548912239522652,1.9407788863855806,0.11586739620212422,0.11355340297957074,1.6800772449308012,0.3346476356022594,0.07175949517557158,0.08721456512417188,3,-0.2350584683797914
Rubén García,4778,2,Osasuna,La Liga,F M S,High,0.12611518520248494,0.10200562730332025,1.1056097902751179,0.1891727778037274,0.2084771198687713,1.7698164323415386,0.28666601179039647,0.14478273928439322,0.09335576826322159,4,-0.23722786423226644
Lucas Da Cunha,5404,2,Como,Serie A,M S,High,0.0812107788851975,0.09497949870385095,1.321520856404577,0.10335917312661497,0.17904774382457425,1.627906976744186,0.4853653243095529,0.3673588046883141,0.1120130575428263,4,-0.24121093866680712
Jofre Carreras,890,1,Espanyol,La Liga,M S,Low,0.10112359550561799,0.2170897511911861,2.325842696629213,0.0,0.144710140888778,1.5168539325842696,0.43303172110339233,0.12053866337022084,0.09333810558461625,3,-0.24163280736878123
Vitaly Janelt,1421,1,Brentford,Premier League,M S,Medium,0.0633356790992259,0.047492800833608885,0.7600281491907108,0.2533427163969036,0.24137594071882112,1.3300492610837438,0.4006635328200315,0.2300916191250778,0.06248821294866502,4,-0.24176470660426091
Sergi Canos,326,1,Valencia,La Liga,M S,Low,0.0,0.12444835456168173,3.03680981595092,0.27607361963190186,0.054222586124769746,1.1042944785276074,0.20846795647810756,0.06504886386561796,0.04097996321930126,3,-0.24198437368791748
German Valera,2888,1,Elche,La Liga,D F M S,High,0.12465373961218837,0.09032716919794431,0.8725761772853186,0.15581717451523544,0.23039217039277143,1.4023545706371192,0.44575065619459275,0.24150148210814873,0.10351780343002506,4,-0.2429385262679212
Benjamín Domínguez,1862,2,Bologna,Serie A,M S,High,0.13498312710911137,0.14576655698372354,2.0247469066366706,0.25871766029246346,0.0477707223009205,0.843644544431946,0.4083684919437622,0.2528829566968858,0.07166064428467032,4,-0.24505359319316106
Nabil Bentaleb,1559,2,Lille,Ligue 1,M S,Medium,0.10815863266123649,0.06079220911145951,1.3219388436373347,0.12017625851248498,0.10704587814720821,0.7691280544799038,0.639248471904836,0.5405306803205073,0.07916108270274372,4,-0.2502271208948564
Gabriele Piccinini,825,1,Pisa,Serie A,M S,Low,0.0,0.3154575315388766,2.0727272727272728,0.0,0.15697988549416717,0.7636363636363637,0.48076064627278936,0.08228356052528728,0.15219442311086154,3,-0.2515447932238948
Farid El Melali,1935,1,Angers,Ligue 1,F M S,High,0.09302325581395349,0.16292347018282083,2.1395348837209305,0.13953488372093023,0.17146422791966173,1.1627906976744184,0.4141666163192239,0.20983802024708237,0.07614901323762278,4,-0.2531944709777312
Iván Jaime,277,1,Valencia,La Liga,M S,Low,0.0,0.14144116763818995,2.5992779783393503,0.0,0.12542688862726575,1.2996389891696751,0.5652963757407364,0.37239030689431446,0.0544155603274703,4,-0.25373022010609536
Mateo Joseph,1707,1,Mallorca,La Liga,F M S,Medium,0.1054481546572935,0.28454309977551756,1.7398945518453428,0.15817223198594024,0.08384850905694209,0.6854130052724078,0.3806238131751495,0.0908653961694251,0.16354042805279745,3,-0.25564679121076805
Jeff Ekhator,1657,2,Genoa,Serie A,F M S,Medium,0.2262503307753374,0.25302721959836716,1.6671077004498545,0.047631648584281566,0.11720808253695755,1.071712093146335,0.40029728329723463,0.10319166862363695,0.14913670375990504,3,-0.25584931219720286
Ruben Loftus-Cheek,2144,2,AC Milan,Serie A,F M S,High,0.1392039595792947,0.21923918725016545,1.6797277789234895,0.0464013198597649,0.11162844973034922,1.0579500928026397,0.5626741148493792,0.36032670742766254,0.11684689358432225,4,-0.2561599929884641
Koji Miyoshi,458,1,Bochum,Bundesliga,F M S,Low,0.1965065502183406,0.21162655718998755,2.554585152838428,0.0,0.10543024492771344,0.982532751091703,0.45438413799020533,0.15690167414179015,0.08284184888291819,3,-0.2588244556247128
Nico González,2343,2,Manchester City,Premier League,M S,High,0.07398611618560468,0.05196511951402091,0.8713920350748996,0.0,0.039202615637931086,0.4850200949945196,0.8258292353911081,0.7913380937962489,0.056810771833809635,1,-0.2594548085911529
João Palhinha,656,1,Bayern Munich,Bundesliga,M S,Low,0.0,0.08622507248130604,1.371951219512195,0.0,0.04091168427271996,0.6859756097560975,0.7986144222909721,0.7239180618170195,0.06284849727526307,1,-0.2595965058341173
Andrey Santos,4078,2,Chelsea,Premier League,M S,High,0.2310456957042615,0.1985611956571035,1.2065719664555878,0.06161218552113642,0.08588920272000537,0.7598836214273489,0.5062991658414694,0.34826931044594506,0.17456551531428852,3,-0.2598612922340669
García Pascual,372,1,Sevilla,La Liga,F S,Low,0.24193548387096778,0.23797602152391786,2.6612903225806455,0.0,0.006952541730096242,0.48387096774193555,0.48754546791315084,0.271360786751874,0.08942129293626004,3,-0.2599566264271758
Chema Andres,1299,1,VfB Stuttgart,Bundesliga,M S,Medium,0.20785219399538107,0.13690054330622078,1.0392609699769053,0.0,0.08442812564827967,1.0392609699769053,0.5942616452125287,0.5206369010701466,0.13172874500354134,1,-0.26052522993341104
Adam Wharton,3933,2,Crystal Palace,Premier League,M S,High,0.02455259711916194,0.03488197739826314,1.0410301178524661,0.16204714098646877,0.2284998113341509,1.5910082933216934,0.48881621314850904,0.36242695448457524,0.03303391157940679,4,-0.2614974954212617
Joel Pohjanpalo,1635,1,Venezia,Serie A,F S,Medium,0.1651376146788991,0.2420748043463591,2.091743119266055,0.0,0.0958933459953704,0.7706422018348624,0.3753534833635759,0.08146688543738574,0.19586546373504557,3,-0.2636909167362485
Enzo Le Fée,3270,2,Sunderland,Premier League,F M S,High,0.05613422316472276,0.06668726983975355,1.100230774028566,0.1684026694941683,0.2148021824932324,1.5549179816628205,0.39290416448669896,0.21788259583039107,0.13853311739812255,4,-0.26512573749645574
Jaime Mata,571,1,Las Palmas,La Liga,F M S,Low,0.0,0.3868762552966535,2.679509632224168,0.0,0.016872441679917773,0.47285464098073554,0.4729517612560618,0.09001235215029241,0.1443832299179014,3,-0.2654006668513793
John McGinn,4468,2,Aston Villa,Premier League,M S,High,0.12989598367590702,0.13515401508486513,1.1825013686358432,0.16125018663216045,0.17123362846922455,1.4109391330314038,0.4569874212122816,0.2619097633231226,0.11395325560185844,4,-0.2661536116899715
Ryan Christie,3092,2,Bournemouth,Premier League,M S,High,0.1217129977460556,0.10451362787023086,1.7377911344853494,0.08114199849737042,0.1580615652099554,1.5078888054094663,0.5232768352153963,0.32045533508482194,0.05717783427536857,4,-0.2681446387111124
Andy Delort,638,1,Montpellier,Ligue 1,F S,Low,0.0,0.28567144766940405,2.3981191222570533,0.0,0.1303274195851484,0.987460815047022,0.5091243160765933,0.15329904971077898,0.1191231265444966,3,-0.2684206618511621
Carlos Vicente,4364,2,Alaves,La Liga,F M S,High,0.12509355287073665,0.08183259509984189,1.0007484229658932,0.09622580990056666,0.21642719822036896,1.8186678071207099,0.2928362413802708,0.09145664309770725,0.15992666010882248,4,-0.27133440979680185
Henrik Meister,1494,1,Pisa,Serie A,F S,Medium,0.12048192771084337,0.3203938458204628,1.2048192771084336,0.0,0.03914132422531944,0.3012048192771084,0.44134068168161145,0.08305063258003759,0.2659268920309842,3,-0.2735416553909814
Federico Bonazzoli,2571,1,Cremonese,Serie A,F S,High,0.24504084014002334,0.23592055172636636,2.6254375729288215,0.03500583430571762,0.05365637549424116,0.45507584597432904,0.3584748909231645,0.1331597101160672,0.1203114695288241,3,-0.27567057224863784
Mathias Honsak,2427,2,FC Heidenheim,Bundesliga,F M S,High,0.24610336341263334,0.22631062109136407,2.223133716160788,0.07383100902379,0.09712393258845739,0.8777686628383922,0.37240291364228173,0.12929496044404593,0.10184283050053039,3,-0.27608771522310527
Sergi Roberto,1199,2,Como,Serie A,M S,Medium,0.0,0.12647631297679346,0.9164623797850274,0.06788610220629833,0.06597014632642934,1.6292664529511598,0.6332701108397858,0.5245933828511183,0.13062025682477452,4,-0.27611749431569615
Noah Nartey,536,1,Lyon,Ligue 1,M S,Low,0.33582089552238803,0.1809678415753948,0.8395522388059701,0.0,0.013965322504014655,0.503731343283582,0.5032673423915212,0.3303942415487966,0.21555280685424805,3,-0.28229625398260677
Diego García,1171,1,Leganes,La Liga,F M S,Medium,0.23057216054654142,0.33826788908059935,2.2288642186165672,0.0,0.019600539357678994,0.46114432109308284,0.34951633184410175,0.06960468207677648,0.1517669341430582,3,-0.28378907621911
Tanguy Coulibaly,1502,1,Montpellier,Ligue 1,F M S,Medium,0.17976031957390146,0.29701687375110847,1.7976031957390144,0.0,0.08978325482978722,1.0785619174434087,0.37961540527309423,0.07994743845315176,0.16522938680524626,3,-0.28615661323263825
Jacen Russell-Rowe,461,1,Toulouse,Ligue 1,F S,Low,0.19522776572668113,0.3055850567130489,2.1475054229934925,0.0,0.039536756889615804,1.1713665943600868,0.3651931458465965,0.11585842167510128,0.1422976880249652,3,-0.28706582996114294
Pape Sarr,3260,2,Tottenham,Premier League,M S,High,0.1376242441092653,0.16397907288658692,1.3824980885521652,0.17515812886633764,0.12653997036082526,0.7444220476819351,0.5009252344305838,0.336696840351436,0.11885803211875712,4,-0.2876800588214863
Leonardo Spinazzola,1531,1,Napoli,Serie A,D F S,Medium,0.05878510777269758,0.06004933922373338,0.705421293272371,0.05878510777269758,0.24114331998208388,1.5284128020901373,0.5772484351341277,0.33364344687535047,0.08512549847364426,4,-0.2933134691111048
Matús Bero,2488,1,Bochum,Bundesliga,M S,High,0.18086816720257234,0.15647134859671882,1.157556270096463,0.03617363344051447,0.1507518771913058,1.844855305466238,0.3432151451602075,0.14183415850127337,0.15885438065743074,3,-0.29630509183802745
Iker Bravo,629,1,Udinese,Serie A,F M S,Low,0.2861685214626391,0.1716856730121687,1.8600953895071541,0.14308426073131955,0.07479392741295984,1.0015898251192368,0.3412151042318685,0.09655164394806033,0.09229939173047359,3,-0.30029740472217903
Wael Mohya,533,1,Borussia M.Gladbach,Bundesliga,F M S,Low,0.33771106941838647,0.1853308463241996,1.8574108818011257,0.16885553470919323,0.033350994820945924,0.6754221388367729,0.2578204529845692,0.1460531417553018,0.09977913241494786,3,-0.30118597423367827
André Ayew,1452,1,Le Havre,Ligue 1,F S,Medium,0.24793388429752067,0.2955687222694439,1.3636363636363638,0.06198347107438017,0.011405813284526181,0.49586776859504134,0.31335382368261655,0.08056494830684229,0.21675039633092555,3,-0.30152594704950475
Arne Maier,894,1,Augsburg,Bundesliga,M S,Low,0.0,0.11688212026535667,1.8120805369127515,0.0,0.17887376883260955,2.214765100671141,0.38879661427048234,0.27689374042612397,0.06450161451680794,4,-0.3053485599275548
Douglas Luiz,1427,2,"Aston Villa,Nottingham Forest",Premier League,M S,Medium,0.06773028296207105,0.08478827008608592,1.178506923540036,0.0,0.1861512216499377,2.045454545454546,0.48940875025298997,0.3558256419253307,0.07035807283994526,4,-0.3106647315928124
Oscar Bobb,1046,1,"Fulham,Manchester City",Premier League,F M S,Medium,0.0,0.12296298317554234,1.0325047801147227,0.08604206500956023,0.1735548450331957,1.892925430210325,0.49557521031104584,0.3049762036658496,0.11909192629779379,4,-0.3120093689307654
Yunus Musah,1561,1,AC Milan,Serie A,D F M S,Medium,0.0,0.14996459179609767,1.2684176809737346,0.1153106982703395,0.11770631782686686,1.3260730301089045,0.5540390305989527,0.4352734772241475,0.11822966050187295,4,-0.3125573822627279
Amine Salama,337,1,Reims,Ligue 1,F S,Low,0.0,0.27775146266119416,2.403560830860534,0.0,0.10966280602382975,1.3353115727002969,0.4178751384955486,0.06663988391351983,0.11555832458866967,3,-0.313282033914201
Simon Adingra,1536,1,Monaco,Ligue 1,D F M S,Medium,0.234375,0.1897253114293562,1.640625,0.1171875,0.12841535692132314,1.23046875,0.4166938644630136,0.1486374091473408,0.09902590449844019,3,-0.3139787142615993
Iker Losada,1552,2,Levante,La Liga,M S,Medium,0.24118476727785615,0.22293143670832571,1.2947813822284906,0.06346967559943582,0.08214495599805804,1.2566995768688294,0.3465092358309434,0.09951415703709439,0.1761301471240955,3,-0.3165409681249795
Tom Bischof,2593,1,Hoffenheim,Bundesliga,M S,High,0.17354415734670264,0.07586640808652301,1.7701504049363672,0.06941766293868107,0.15363147346869635,1.700732741997686,0.407873597915539,0.2987281732387608,0.042858735548661035,4,-0.3166207564716449
David Okereke,397,1,Cremonese,Serie A,F S,Low,0.4534005037783375,0.15708171933776785,1.81360201511335,0.0,0.09548053143062729,0.6801007556675063,0.24920452981999597,0.1260156609042916,0.08661311469040811,3,-0.31903106888017285
Filip Stojilkovic,660,1,Pisa,Serie A,F M S,Low,0.0,0.3178468624299223,1.3636363636363638,0.0,0.09753498096357692,0.2727272727272727,0.479159475388852,0.08363169160756198,0.23308769911527638,3,-0.3212133497578109
Leonardo Bittencourt,1542,2,Werder Bremen,Bundesliga,M S,Medium,0.10657193605683839,0.11391640195398067,1.9049733570159857,0.11989342806394315,0.1456215270740339,1.0790408525754887,0.4954024748446595,0.35060393612428203,0.05247088246145278,4,-0.3212864964892642
Ezequiél Fernández,1009,1,Bayer Leverkusen,Bundesliga,M S,Medium,0.0,0.04770270486918857,0.9811694747274529,0.08919722497522299,0.07092567059193895,0.7135777998017839,0.7091910011025202,0.6566778392640816,0.048618211326274,1,-0.32315333064448903
Jaidon Anthony,2777,1,Burnley,Premier League,F M S,High,0.2592725963269716,0.18033881489285408,1.7824990997479295,0.0648181490817429,0.1417702586022177,1.1991357580122435,0.4029258214363874,0.18906925815309514,0.10117189675908198,3,-0.3257222809865924
Youssouf Fofana,4747,2,AC Milan,Serie A,M S,High,0.05938074367312314,0.11651612163168336,1.5438993355012016,0.16541778594655732,0.1369792422829845,1.1706489466987133,0.5366686009403614,0.33773089848984406,0.06975248534252561,4,-0.32697286409261694
Lyle Foster,1375,1,Burnley,Premier League,F M S,Medium,0.19636363636363635,0.2351248067346486,1.309090909090909,0.1309090909090909,0.07500801704146645,0.6545454545454545,0.39109617204828695,0.13943385182456533,0.17960922736674545,3,-0.32950958802018704
Hong Hyun-Seok,755,2,Nantes,Ligue 1,M S,Low,0.0,0.14593145061567564,1.090578612541654,0.1090578612541654,0.20378069959465786,1.2269009391093608,0.5275973882181957,0.28295187418391693,0.13359903523171424,4,-0.33065997428021177
Junior Messias,1487,2,Genoa,Serie A,M S,Medium,0.19082235347569287,0.1753926078202046,2.276238073602908,0.1226715129486597,0.1100646205303995,0.8450704225352114,0.32529477305923576,0.14734780321110114,0.12146325503078552,3,-0.3347717841925331
Mayckel Lahdo,434,1,Nantes,Ligue 1,F M S,Low,0.2073732718894009,0.1368140085055257,0.6221198156682028,0.2073732718894009,0.03467439107322199,0.8294930875576036,0.31290456077538886,0.14851497074220038,0.219915850708882,3,-0.3364232953497441
Rolando Mandragora,4410,2,Fiorentina,Serie A,M S,High,0.1879661859771258,0.11522101206739244,2.1123818995524615,0.12083540527100944,0.13471385714339118,1.3381402287419195,0.360990868444165,0.22577377654749145,0.06820863546923822,4,-0.33746110675292007
Zito,2449,2,Cagliari,Serie A,F M S,High,0.06785411365564038,0.1530696713287412,1.6709075487701444,0.15267175572519084,0.18787203238134775,1.0856658184902461,0.4388403114914086,0.12582115938000704,0.08949223850932839,4,-0.33909313969877153
Álex Forés,331,1,Real Oviedo,La Liga,F S,Low,0.0,0.21541316523652781,2.175226586102719,0.2719033232628399,0.005412772748045311,0.2719033232628399,0.36212167924894667,0.16305150323493964,0.09903021901845932,3,-0.33940736367040203
Kephren Thuram,4812,2,Juventus,Serie A,M S,High,0.12839983432279442,0.14265613238880495,1.6319204749413225,0.14496755488057433,0.1325174886591853,0.9319342813751208,0.5140800935854145,0.34050727318640606,0.0884865920776187,4,-0.3395300449819678
Omari Hutchinson,4284,2,Nottingham Forest,Premier League,M S,High,0.08138297872340426,0.11960325578247455,1.4601063829787233,0.1579787234042553,0.18264215465318015,1.3835106382978724,0.4486540676500807,0.2239969232466389,0.08220204863195302,4,-0.3397287938233523
Ransford Königsdörffer,2425,1,Hamburger SV,Bundesliga,F M S,High,0.18556701030927836,0.27242028478571434,2.4123711340206184,0.0,0.04799048602581025,0.7422680412371134,0.3882028030442823,0.1042593481768038,0.12458445998625112,3,-0.3425521760154638
Amath Diedhiou,366,1,Real Valladolid,La Liga,D F M S,Low,0.0,0.0771412537356869,1.2295081967213115,0.2459016393442623,0.14734119421145955,1.4754098360655739,0.434823787969644,0.21034134139657998,0.06274155303835868,4,-0.3430291074548197
Thórir Helgason,1156,1,Lecce,Serie A,M S,Medium,0.0,0.10138016964299251,1.245674740484429,0.31141868512110726,0.07523362971133325,1.71280276816609,0.22879104682640738,0.11342279129632617,0.08138574729673564,4,-0.3472821169003313
Christian Conteh,398,1,FC Heidenheim,Bundesliga,F M S,Low,0.0,0.03017940375972632,0.678391959798995,0.0,0.3109416272023215,1.5829145728643217,0.5212700629054601,0.18014902983740647,0.044486676653226205,4,-0.34846399263541616
Tajon Buchanan,2276,2,Villarreal,La Liga,F M S,High,0.3197594971303635,0.1444789087901263,1.3364307187756217,0.10658649904345449,0.1316995145389049,0.7789013391637059,0.41196037774911165,0.15226391512655224,0.10716094952234635,3,-0.3485519690402472
Pablo Barrios Rivas,4019,2,Atletico Madrid,La Liga,M S,High,0.04563894523326571,0.065050123950833,1.1713995943204867,0.10649087221095334,0.10254890279198332,1.0344827586206895,0.6276305757357189,0.5094584300981846,0.0550870856381355,1,-0.3513007674980937
Filip Ugrinic,1515,1,Valencia,La Liga,F M S,Medium,0.0,0.03688762908672342,1.188118811881188,0.1782178217821782,0.2209839876741171,1.4257425742574257,0.4099999597609633,0.3243370378703469,0.03104708781465888,4,-0.35168905546472273
Hamzat Ojediran,376,1,Lens,Ligue 1,M S,Low,0.23936170212765956,0.2226676813703268,2.393617021276596,0.0,0.08367417905321146,0.4787234042553191,0.393003043025098,0.08666119241016976,0.09302560910582543,3,-0.3531637153251735
Tommy Doyle,431,1,Wolverhampton Wanderers,Premier League,M S,Low,0.0,0.07568697868619469,1.8793503480278422,0.2088167053364269,0.07258237503780152,1.4617169373549883,0.4391590094630306,0.3370706160961199,0.04027294791820976,4,-0.35986070992252955
Jean-Ricner Bellegarde,2961,2,Wolverhampton Wanderers,Premier League,F M S,High,0.08923123856009761,0.07910447587745514,1.3247406955460646,0.22651006711409394,0.15301920687228607,1.160006101281269,0.43301133199508546,0.24114287062377632,0.06214113652971498,4,-0.36241488224483637
André Almeida,3026,2,Valencia,La Liga,F M S,High,0.0,0.0694878050085291,0.8031423995118603,0.17847608878041335,0.17606105348850387,1.8328121424757837,0.42842507074324154,0.2764128889294968,0.08650973905626912,4,-0.36250312316126626
Jack Hinshelwood,1857,1,Brighton,Premier League,D F M S,High,0.2423263327948304,0.1576949072992715,0.8723747980613893,0.09693053311793216,0.06887495929980124,0.7754442649434573,0.43758637577247156,0.3445471318586096,0.18076508818194273,3,-0.363662818006237
Florian Neuhaus,1280,2,Borussia M.Gladbach,Bundesliga,F M S,Medium,0.0,0.1352246557442995,2.1665292662819455,0.13355317394888705,0.1142589237482609,1.0239076669414675,0.49623446455816544,0.3511181518877722,0.06250637865835991,4,-0.3648033355308346
Keita,644,1,Monza,Serie A,F S,Low,0.2795031055900621,0.2620848121341341,1.9565217391304348,0.0,0.0292253603591867,0.5590062111801242,0.39500288665294647,0.16652275008432893,0.13395445953522409,3,-0.36716224184112795
Grigoris Kastanos,852,1,Verona,Serie A,F M S,Low,0.1056338028169014,0.11506839983270202,2.323943661971831,0.1056338028169014,0.16690107829816325,1.267605633802817,0.305607344063235,0.1319551810910794,0.04951428114013239,4,-0.3703174628729469
Cheick Oumar Doucoure,439,1,Crystal Palace,Premier League,M S,Low,0.0,0.07491223620153234,1.4350797266514808,0.0,0.0028570958016469958,0.20501138952164005,0.7295154943077874,0.6726373233546022,0.05220074871821063,1,-0.37458285743537256
Bojan Miovski,898,1,Girona,La Liga,F S,Low,0.20044543429844094,0.26816396727195563,1.4031180400890868,0.10022271714922047,0.017159981290106652,0.4008908685968819,0.3256001571537658,0.07168652472150552,0.19112003381763185,3,-0.37520184896651554
Milan Djuric,1933,2,"Cremonese,Parma Calcio 1913",Serie A,F S,High,0.22104875353063982,0.225203595511102,2.011543657128822,0.0994719390887879,0.07910891157318417,0.49735969544393954,0.317367138648727,0.062301184016313155,0.12354071067567689,3,-0.3753487467421982
Jesper Lindstrom,1641,2,Wolfsburg,Bundesliga,M S,Medium,0.0,0.16595618041469432,2.0401386081432284,0.051978053710655496,0.2014033291397448,1.247473289055732,0.4363118353725521,0.23419732195918197,0.08052863698912616,4,-0.37868654323371154
Crysencio Summerville,3269,2,West Ham,Premier League,F M S,High,0.16746871992300288,0.20645608449636227,1.8825794032723773,0.08084696823869104,0.14329332872845155,1.2011549566891242,0.42076603384173983,0.14165147546323822,0.11022617273951972,3,-0.3787432965009456
Emmanuel Sabbi,649,1,Le Havre,Ligue 1,F M S,Low,0.0,0.3522786751205823,2.0801232665639446,0.0,0.04329301962178366,0.5546995377503853,0.43054323735286715,0.11388669654336658,0.16935471122463547,3,-0.3809072669061459
Sergi Darder,5526,2,Mallorca,La Liga,M S,High,0.04714130303396591,0.06830271804352006,1.1749063217696118,0.17768644989725613,0.17243863666329026,1.8167532938474555,0.3437642241431546,0.23610678059350085,0.05804582839901293,4,-0.3817366307341744
Hafiz Ibrahim,360,1,Reims,Ligue 1,F S,Low,0.0,0.15058154240250587,1.75,0.25,0.10776005126535892,1.0,0.35291151423007244,0.10624991916120052,0.08604659565857478,4,-0.38231534080694973
Álvaro Aguado,421,1,Espanyol,La Liga,M S,Low,0.0,0.10311292090636817,2.137767220902613,0.21377672209026133,0.16032985020030704,0.8551068883610453,0.3277567406395127,0.16032926366618014,0.048233933001756664,4,-0.38446320341741824
Isak Jansson,623,1,Nice,Ligue 1,F M S,Low,0.14446227929373998,0.20368229693480516,2.3113964686998396,0.0,0.136970817582326,1.1556982343499198,0.4083736695313338,0.18501631332558383,0.08812088263221085,3,-0.38582551117355485
Mattia Felici,908,1,Cagliari,Serie A,M S,Medium,0.0,0.1083811763304774,0.9911894273127754,0.29735682819383263,0.12138984712776174,0.9911894273127754,0.33621993506663694,0.2569517989679843,0.10934456456452608,4,-0.39079977034997787
Jonas Martin,480,1,Brest,Ligue 1,M S,Low,0.1875,0.16072461940348148,0.5625,0.0,0.06991556170396505,0.5625,0.2799035666976124,0.17141421663109216,0.2857326567173004,3,-0.39265163818864723
Emirhan Ilkhan,1028,1,Torino,Serie A,M S,Medium,0.08754863813229571,0.20682944819251448,1.1381322957198443,0.17509727626459143,0.10711918158297234,1.0505836575875487,0.3115630248409301,0.18985355629835726,0.1817270707195768,3,-0.3928314094592564
Alexander Røssing-Lelesiit,319,1,Hamburger SV,Bundesliga,F M S,Low,0.0,0.02511890529184879,0.5642633228840125,0.28213166144200624,0.2049740261418692,1.4106583072100312,0.24676518322064958,0.016672251261420367,0.0445162821561098,4,-0.3949898407163913
Luis Milla,6175,2,Getafe,La Liga,M,High,0.016078319279691295,0.03794509342891438,0.8457195941117621,0.2122338144919251,0.16475947317490944,2.1544947834786337,0.2060453785542514,0.1404268018290671,0.05591237147201643,4,-0.39657607995267646
Nikola Stulic,1713,1,Lecce,Serie A,F S,Medium,0.15761821366024517,0.24746162292503485,1.733800350262697,0.0,0.11036129131743558,1.0507880910683012,0.32922026293512086,0.07072273958246052,0.16579752701870873,3,-0.3969255794621888
Valentin Rongier,2750,1,Rennes,Ligue 1,M,High,0.06545454545454545,0.025616597428240566,0.72,0.16363636363636364,0.14371695993637498,1.44,0.5001982423798604,0.4252771577442233,0.035578607539223,4,-0.39696619707461694
Andrea Cambiaso,2227,1,Juventus,Serie A,D F M S,High,0.08082622361921868,0.03757623519010751,0.6870229007633587,0.12123933542882803,0.12061804162901267,1.3740458015267174,0.545438966748556,0.4823039699099927,0.05469429788782315,4,-0.3983244763051589
Darwin Machís,621,1,Real Valladolid,La Liga,F M S,Low,0.0,0.16467211039169977,2.028985507246377,0.14492753623188406,0.15697721985803137,1.1594202898550725,0.39538220596918155,0.1072684297527092,0.08115982583590918,4,-0.4004758047445149
Dailon Livramento,922,1,Verona,Serie A,F M S,Medium,0.09761388286334056,0.23254653212660825,1.2689804772234272,0.09761388286334056,0.09887593856925819,0.7809110629067245,0.45728308324441475,0.13986340562313987,0.18325461762455791,3,-0.4007551535759516
Damián Rodríguez,934,1,Celta Vigo,La Liga,M S,Medium,0.0,0.012256962903306615,0.385438972162741,0.0,0.07380898710842818,1.6381156316916488,0.6474141690409414,0.6312252291552004,0.0318000093102455,1,-0.40426127309077386
Khalis Merah,1187,1,Lyon,Ligue 1,F M S,Medium,0.0,0.10255455007272904,0.45492839090143217,0.07582139848357203,0.11430088887281448,0.9098567818028643,0.5098390729553376,0.3791524899814344,0.22543009432653585,1,-0.40449924193385456
Jim Allevinah,1814,1,Angers,Ligue 1,F M S,High,0.04961411245865491,0.20099285153144314,1.7364939360529217,0.14884233737596472,0.15392882420343595,0.7442116868798235,0.4062635133447497,0.08227405889943455,0.11574635958032947,3,-0.40570121058162345
Adrián Bernabé,1464,1,Parma Calcio 1913,Serie A,M S,Medium,0.06147540983606557,0.09296585609143997,1.6598360655737705,0.06147540983606557,0.10145063212400944,1.4139344262295082,0.5196029877626016,0.42843120275676005,0.05600905897854655,4,-0.4078487732984891
Mihai Valentin Mihaila,1315,1,Parma Calcio 1913,Serie A,F M S,Medium,0.0,0.1745387262349573,2.0532319391634983,0.20532319391634982,0.09360555420583645,1.1634980988593155,0.336880940958121,0.13084167436105218,0.08500682407369216,4,-0.4087289116155025
Tomas Soucek,4792,2,West Ham,Premier League,M S,High,0.2568541218302611,0.24568080350817995,1.4526995414990176,0.016842893234771217,0.03325832650571562,0.4673902872649013,0.3817420987417736,0.18583954930770144,0.17863012698719447,3,-0.41035487309465857
Cheick Tidiane Sabaly,972,1,Metz,Ligue 1,F M S,Medium,0.0,0.132366923822297,0.7407407407407408,0.1851851851851852,0.17443368366609016,0.9259259259259259,0.3375416738843476,0.050892061036494046,0.17869534716010094,3,-0.4107658291238587
Pape Alassane Gueye,4526,2,Villarreal,La Liga,M S,High,0.15894819466248036,0.16732691594284743,2.0133437990580845,0.044152276295133436,0.07630836233078886,0.8344780219780219,0.5272498266300657,0.34705565962447016,0.0924613552952903,1,-0.4118825858102864
Daniel Parejo,3753,2,Villarreal,La Liga,M S,High,0.04367341987140604,0.029363111145075813,0.3876016013587286,0.06551012980710907,0.07625672843937253,1.1846415140118889,0.4641887483715896,0.4196722960908766,0.23755249436261552,1,-0.41451132684197545
David Pereira Da Costa,337,1,Lens,Ligue 1,M S,Low,0.0,0.20075857130816147,2.403560830860534,0.0,0.11219549034266159,1.6023738872403561,0.37272591409149086,0.13528311332184767,0.08352547966771656,3,-0.4174150356320235
Semih Kiliçsoy,973,1,Cagliari,Serie A,F S,Medium,0.3699897225077081,0.18998196037468967,1.5724563206577593,0.0,0.03614960250780676,1.0174717368961972,0.2766721362663473,0.09699195028040539,0.12081859310102813,3,-0.4177576350379125
Rafiu Durosinmi,428,1,Pisa,Serie A,F S,Low,0.2102803738317757,0.1597726382489238,1.8925233644859811,0.2102803738317757,0.018422300622702746,0.6308411214953271,0.19481387224361724,0.03842081265332542,0.08442307305004862,3,-0.42547369562960125
Paco Cortés,456,1,Levante,La Liga,F M S,Low,0.0,0.10606278187448256,2.3684210526315788,0.0,0.20098840548215727,1.1842105263157894,0.39725796123476403,0.1179370847775748,0.04478206345811486,1,-0.4255735670201106
Luis Rioja,2676,1,Valencia,La Liga,D F M S,High,0.10089686098654709,0.08850873898998772,1.4798206278026906,0.20179372197309417,0.1462970364571553,1.2780269058295963,0.37823103180347273,0.19556973388443613,0.05981045089323412,4,-0.4267152752436586
Mathias Jensen,3077,2,Brentford,Premier League,M S,High,0.09268158725799808,0.055724327243658923,1.0442125497734451,0.080324042290265,0.21388531687331735,1.4149388988054374,0.4542365226460861,0.3192964243698371,0.052546567391158774,4,-0.4271954177688293
Koke,4152,2,Atletico Madrid,La Liga,M S,High,0.06686123640222871,0.05161472495559294,0.5444414964181481,0.06686123640222871,0.10764450462360571,1.1414168214380471,0.5899549143823271,0.5190973303101128,0.09618776411889735,1,-0.4303344064496155
Ellyes Skhiri,2245,1,Eintracht Frankfurt,Bundesliga,M S,High,0.0400890868596882,0.0625777025281852,0.5211581291759465,0.0400890868596882,0.07939997251520974,0.841870824053452,0.6183357896876495,0.5722455137423788,0.1200743095519451,1,-0.4310692487012725
Mateus Mané,1784,1,Wolverhampton Wanderers,Premier League,M S,Medium,0.15134529147982065,0.09950677816225675,2.0683856502242155,0.05044843049327354,0.16555794174344415,1.5134529147982063,0.2652307071241721,0.1252714175320619,0.048108426081698116,4,-0.4313788649158077
Umut Tohumcu,352,1,Hoffenheim,Bundesliga,M S,Low,0.0,0.017883991981348518,0.7670454545454545,0.2556818181818182,0.24405310290272944,0.7670454545454545,0.2908481181789698,0.16708260947118767,0.0233154265830914,1,-0.43255381939726023
Mergim Vojvoda,1602,1,Como,Serie A,D F M S,Medium,0.11235955056179775,0.08264602496801468,1.0112359550561798,0.11235955056179775,0.17383505250170325,1.6292134831460674,0.44491796367121544,0.2711608919597576,0.0817277358017034,4,-0.4338404952099882
Abel Ruiz,1383,1,Girona,La Liga,F S,Medium,0.19522776572668113,0.22217174559637676,1.4967462039045554,0.0,0.028595555888856566,0.5206073752711496,0.3168320735419521,0.09008333220302153,0.21306932474608006,3,-0.43459599673635163
Alieu Fadera,959,1,Sassuolo,Serie A,F S,Medium,0.18769551616266944,0.22166734000005614,1.2200208550573515,0.09384775808133472,0.08247519325663076,0.656934306569343,0.37927886964491064,0.16568535093967807,0.1816914350940631,3,-0.4353703732637283
Miguel De la Fuente,1708,1,Leganes,La Liga,F M S,Medium,0.0,0.22684126123415188,1.8442622950819672,0.15807962529274006,0.059788037588780596,0.36885245901639346,0.34350127965949073,0.07419241896549139,0.1654713798580425,3,-0.4402847805042248
Pape Diop,1187,1,Toulouse,Ligue 1,M S,Medium,0.07582139848357203,0.11617381842814781,2.198820556023589,0.15164279696714406,0.10693749356402904,1.4406065711878684,0.28950765205620965,0.1839718436814449,0.05283460631195841,4,-0.4410235261099482
Eliezer Mayenda,740,1,Sunderland,Premier League,F M S,Low,0.24324324324324326,0.24456804630824844,1.5810810810810811,0.0,0.09030774749211364,0.4864864864864865,0.30205901249034983,0.059380581526941534,0.15468406347701183,3,-0.44319376894942464
Hernani,1330,1,Parma Calcio 1913,Serie A,M S,Medium,0.0,0.03277702012652517,1.3533834586466165,0.2030075187969925,0.14117765857985146,1.62406015037594,0.2547897695934862,0.1793301354505514,0.1384133993182331,4,-0.447878737110379
Jens Castrop,1613,1,Borussia M.Gladbach,Bundesliga,D F M S,Medium,0.16738995660260383,0.2399939719428206,1.673899566026038,0.05579665220086794,0.0784294419937524,1.004339739615623,0.48262147799882543,0.22802392547397013,0.14337417657176654,3,-0.4500107609926314
Maximilian Arnold,4193,2,Wolfsburg,Bundesliga,M S,High,0.08221828147670483,0.03201853496977567,0.8366919232629373,0.19345477994518784,0.18128745036547114,1.5718200870546508,0.3020243256426561,0.27045761815201863,0.03637880293002433,4,-0.4504031476180436
Adam Armstrong,2452,2,Wolverhampton Wanderers,Premier League,F M,High,0.10657678994352339,0.18795428713615647,1.5904536345418108,0.1475678629987247,0.12730447023511093,0.5410821643286572,0.31501483943840697,0.09320210556196458,0.1538157207167869,3,-0.4513066426142321
Miguel Román,1297,1,Celta Vigo,La Liga,M S,Medium,0.06939090208172706,0.07661314717075322,0.6245181187355435,0.0,0.14502567906900612,1.17964533538936,0.5906834176748004,0.43909482455416743,0.12267561960551474,1,-0.45644567881734455
Gavi,1657,2,Barcelona,La Liga,M S,Medium,0.04995836802664446,0.052961695824534964,0.5495420482930891,0.11240632805995004,0.12539311409071024,1.199000832639467,0.5789967097937564,0.45158702118646393,0.05772289878249821,1,-0.45751319331827045
Ross Stewart,379,1,Southampton,Premier League,F S,Low,0.237467018469657,0.20913617248035044,2.1372031662269126,0.0,0.0,0.0,0.40246386945955354,0.29038563645923987,0.0978550732963615,3,-0.4580139025364276
Matteo Cancellieri,3193,2,Lazio,Serie A,F M S,High,0.19845644983461963,0.22402481409046457,1.817116868798236,0.09302646085997794,0.07300963399155513,0.8062293274531422,0.3646585863528212,0.08671580920934928,0.12196083980319579,3,-0.45854729797006316
Christian Nørgaard,2870,1,Brentford,Premier League,M,High,0.156794425087108,0.18105746967270192,1.2229965156794425,0.1254355400696864,0.06010253744959208,0.5644599303135889,0.457827951882411,0.34877559651688833,0.14804414186913234,3,-0.45975024916722423
Kevin,1002,1,Fulham,Premier League,M S,Medium,0.08982035928143711,0.11982108084317632,2.245508982035928,0.08982035928143711,0.1114114848506486,1.2574850299401197,0.4329369280732678,0.2597270682900252,0.053360321335494516,4,-0.4597623151736001
Lewis Holtby,1155,1,Holstein Kiel,Bundesliga,M S,Medium,0.0,0.0658230341535497,0.5454545454545454,0.07792207792207792,0.15670148375165927,1.5584415584415585,0.5053676808277121,0.40739279356482744,0.12067556261484112,4,-0.4597979746925621
Jhon Arias,1140,1,Wolverhampton Wanderers,Premier League,F M S,Medium,0.07894736842105263,0.2599852691453539,1.263157894736842,0.0,0.07075472877017762,0.868421052631579,0.38507577066162696,0.10619165826784938,0.2058216714067385,3,-0.46010696609933177
Manuel Locatelli,5883,2,Juventus,Serie A,M,High,0.03049354365094304,0.04112587701933867,1.118096600534578,0.06098708730188608,0.10766492464976145,1.1892482023867785,0.5758795896431805,0.4830511262375226,0.059645300200446554,1,-0.46517128786334344
James Ward-Prowse,2531,2,"Burnley,West Ham",Premier League,M S,High,0.032125646974834915,0.04884665226555501,0.650544351240407,0.10440835266821347,0.24250786686018602,1.6946278779225417,0.3213915267572613,0.21715324601600974,0.0652936493885487,4,-0.46629955536768103
Giovanni Fabbian,2152,2,"Bologna,Fiorentina",Serie A,M S,High,0.20270270270270271,0.22900608944859932,1.7874692874692875,0.036855036855036855,0.13193255007216656,0.7831695331695332,0.36627551625398075,0.14188673016008824,0.12768714875221898,3,-0.4666972275640585
Thiago Pitarch,615,1,Real Madrid,La Liga,M S,Low,0.0,0.051054718472608694,0.8780487804878049,0.2926829268292683,0.13090814831780226,0.8780487804878049,0.3518991057829159,0.2654095184875698,0.058145651593804346,1,-0.46705665352428927
Salomón Rondón,1054,1,Real Oviedo,La Liga,F S,Medium,0.17077798861480076,0.2595851858600663,2.049335863377609,0.0,0.0165212324748003,0.4269449715370019,0.2661615489952026,0.028666079104427367,0.15763785713352263,3,-0.46853153768780226
Woo-Yeong Jeong,2490,2,Union Berlin,Bundesliga,F M S,High,0.25848142164781907,0.193768653804993,1.6962843295638126,0.1050080775444265,0.06831569679875847,0.7915993537964459,0.36144698571311445,0.13534519701040618,0.11433760029602136,3,-0.47218348364461776
Sidiki Chérif,1503,2,Angers,Ligue 1,F M S,Medium,0.250034727045423,0.21024394500961832,2.000277816363384,0.0,0.04749968090638102,0.4125572996249479,0.4216688601469593,0.1816017024999386,0.10676379376611031,3,-0.4727732929391816
Marcos de Sousa,1213,1,Real Valladolid,La Liga,F S,Medium,0.0741962077493817,0.23703897594545661,1.6323165704863973,0.1483924154987634,0.10474037273072155,0.6677658697444353,0.3693878454266013,0.14524919241175413,0.14521630193022164,3,-0.47322617258539845
Javier Guerra,4728,2,Valencia,La Liga,F M S,High,0.13715591961139154,0.10399646088566106,1.4701400133346032,0.1800171444899514,0.1336060932447387,1.0586722545004286,0.4345337078459607,0.26786628138048285,0.07288123883007877,4,-0.4741062372401854
Donny van de Beek,1435,1,Girona,La Liga,M S,Medium,0.1254355400696864,0.08717902139711879,1.1289198606271778,0.1254355400696864,0.2008922882832405,1.1289198606271778,0.42091058347802546,0.2840925783619856,0.07722339241041078,4,-0.474940281943249
Stefano Moreo,2336,1,Pisa,Serie A,F M S,High,0.19263698630136986,0.18106360546606656,2.0034246575342465,0.038527397260273974,0.13663870393304947,0.8861301369863014,0.3822051935146677,0.14204270291709892,0.11965777137531684,3,-0.47522705667273746
Jordan James,1195,1,Rennes,Ligue 1,M S,Medium,0.0,0.057979089913258494,1.2803347280334731,0.07531380753138076,0.11998959412509926,1.7322175732217573,0.4892139506202861,0.38057253243222394,0.04528432186035549,4,-0.47525366314191997
Mikkel Kaufmann,876,2,FC Heidenheim,Bundesliga,F S,Low,0.11185682326621924,0.1969070674672356,1.4988814317673378,0.11185682326621924,0.15741391736655694,0.7158836689038031,0.3223507846778538,0.06905956514663078,0.1375720585408435,3,-0.47850721092245424
Weston McKennie,2334,1,Juventus,Serie A,D F M S,High,0.07712082262210797,0.1133987362613868,0.8483290488431877,0.15424164524421594,0.17954626494113615,1.2339331619537275,0.4110203289778803,0.22915022332786286,0.13367305577478625,4,-0.47964013983135323
Rodrigo Gomes,951,1,Wolverhampton Wanderers,Premier League,D F M S,Medium,0.28391167192429023,0.2161927341427713,1.9873817034700316,0.0,0.01431989051660152,0.28391167192429023,0.31959006985890376,0.09540791185543361,0.10878269321152143,3,-0.4804435616146125
Pedro Díaz,3067,2,Rayo Vallecano,La Liga,F M S,High,0.07640067911714771,0.10625068733353225,2.1901528013582343,0.03183361629881155,0.11026165838486157,1.3943123938879458,0.44115698605013703,0.3071331358530539,0.056157759223964626,4,-0.480541098201523
Matteo Tramoni,1630,1,Pisa,Serie A,F M S,Medium,0.05521472392638037,0.1353889549825272,1.5460122699386505,0.11042944785276074,0.1592668262053212,1.5460122699386505,0.3926040702985108,0.1672286455136684,0.11476225864940459,4,-0.48124246016218536
Marc Domenech,297,1,Mallorca,La Liga,F M S,Low,0.0,0.22522500236377577,2.4242424242424243,0.0,0.06539399001860258,1.5151515151515151,0.34339417336565076,0.21539406568715067,0.09290531347505748,3,-0.48134418375230886
Branco van den Boomen,1254,1,Angers,Ligue 1,M S,Medium,0.0,0.021778956583687704,0.9330143540669856,0.07177033492822966,0.16759935922421626,2.0095693779904304,0.41274866450168013,0.2970882504732843,0.0818114293237718,4,-0.4820353234817718
Habib Diallo,1908,1,Metz,Ligue 1,F S,High,0.18867924528301888,0.24377550894640526,1.7924528301886793,0.04716981132075472,0.03505916554340214,0.5660377358490566,0.3044779304819146,0.08043883979004228,0.15600357734059034,3,-0.4838138792510589
Juan Cruz,2292,1,Leganes,La Liga,D F M S,High,0.19633507853403143,0.10808826839863396,1.2958115183246073,0.15706806282722513,0.1629192796682071,0.981675392670157,0.31314377173176766,0.1009161722680544,0.08341357278440034,1,-0.48383948371713315
Carles Pérez,1438,1,Getafe,La Liga,M S,Medium,0.18776077885952713,0.21612874772373758,2.1279554937413074,0.0,0.07598360076867905,1.0013908205841446,0.3736506528136876,0.10274473163240973,0.10156638536821394,3,-0.48596596276476123
Aladji Bamba,830,1,Monaco,Ligue 1,M S,Low,0.0,0.012029153620263178,0.2168674698795181,0.2168674698795181,0.1868030967931432,1.4096385542168677,0.3882541700479496,0.29189509660544166,0.055467763915658,4,-0.4860069633839688
Jordan Veretout,1581,1,Lyon,Ligue 1,M S,Medium,0.11385199240986718,0.1593105019241628,1.1954459203036054,0.0,0.07705625563690287,0.7969639468690702,0.5569584273240146,0.4157757563286759,0.13326449922862507,1,-0.48611038474464774
Gaetano Oristanio,3206,2,Parma Calcio 1913,Serie A,F M S,High,0.11186663742048694,0.22878702741380222,1.9148936170212765,0.0789646852379908,0.08107889604610319,1.1976310594428603,0.3474642031497797,0.08019801341185158,0.12156608499711923,3,-0.49039016926954937
Nikolas Veratschnig,329,1,Mainz 05,Bundesliga,M S,Low,0.0,0.08167240669594165,1.9148936170212765,0.0,0.0511944878246284,0.8206686930091185,0.5822084755226289,0.46497478809400167,0.042651145718991756,1,-0.4936716305923714
Pontus Almqvist,1085,1,Parma Calcio 1913,Serie A,D F M S,Medium,0.08294930875576037,0.1710586810338607,2.1566820276497696,0.08294930875576037,0.13991317741813197,0.8294930875576036,0.4719808905080716,0.1840145265005426,0.07931567047937559,3,-0.49432842480229694
Granit Xhaka,5801,2,Sunderland,Premier League,M S,High,0.04482758620689655,0.0250382449253109,0.6517241379310345,0.2,0.11947784797641738,1.2758620689655173,0.4436412139474575,0.37963526678624854,0.03841843131220737,1,-0.4971836103360191
Carlos Soler,3768,2,Real Sociedad,La Liga,F M S,High,0.12400964519462623,0.13180323590274579,1.4209438511884256,0.09817430244574576,0.15275663362743475,1.5397864278332758,0.42084161407765613,0.25905322396112046,0.09281984587711957,4,-0.5002595226029308
Abner,2182,1,Lyon,Ligue 1,D F M S,High,0.12373968835930339,0.09246056330049672,0.7011915673693858,0.08249312557286893,0.12868131358965235,0.8661778185151238,0.5557005289740566,0.3713506203926724,0.13186205824946656,1,-0.5034352781962305
Dro Fernández,680,1,Paris Saint Germain,Ligue 1,M S,Low,0.1323529411764706,0.15874924839419477,1.1911764705882353,0.0,0.0421127146383857,0.9264705882352942,0.5457686878302519,0.4067139994243489,0.13327097396055856,1,-0.504580996285797
Antonio Sanabria,2242,2,Cremonese,Serie A,F S,High,0.11831327737890585,0.20160024720655195,1.237738901810092,0.08190919203155021,0.10190322532208626,0.5642633228840126,0.27851685770673434,0.05672413686836424,0.18803281576151679,3,-0.5061863120721316
Danilo,275,1,Nottingham Forest,Premier League,M S,Low,0.0,0.0,0.0,0.0,0.0,0.0,0.704368910396641,0.704368910396641,0.0,1,-0.5088965376500295
Guemissongui Ouattara,442,1,Strasbourg,Ligue 1,D F M S,Low,0.20361990950226247,0.11463615120434922,1.0180995475113122,0.20361990950226247,0.08270894573386167,0.6108597285067874,0.39560006160238487,0.22879924599873533,0.11259817518293856,1,-0.5089782061914503
Nelson Deossa,725,1,Real Betis,La Liga,M S,Low,0.0,0.05882625482205687,2.2344827586206897,0.0,0.08126022073215451,0.9931034482758619,0.5087267691462204,0.4023622221473991,0.026326564658019278,1,-0.5098621972724356
Sandi Lovric,2875,2,"Udinese,Verona",Serie A,M S,High,0.059975010412328195,0.0868193508660741,1.6942940441482717,0.12744689712619742,0.17078820723995275,1.4094127446897127,0.33910499636575686,0.18738716169074646,0.0506690400601766,4,-0.5102205499981237
Arthur Atta,3798,2,Udinese,Serie A,F M S,High,0.12663927506050543,0.1385356043765532,1.9705071199414645,0.09624584904598413,0.11778443724754867,1.2258681825856925,0.4650018348717062,0.2589715517759189,0.07018524700853856,4,-0.5127714363545409
Iliman Ndiaye,5283,2,Everton,Premier League,M,High,0.18047374357688936,0.17068841779771002,1.3648326858002258,0.05639804486777792,0.11249514823999601,0.8346910640431132,0.46379981651437185,0.20713412740748358,0.16311719782668863,3,-0.5142336184298244
Ismaël Koné,3598,2,Sassuolo,Serie A,M S,High,0.19898760691220108,0.14230659694522543,0.8116599755629255,0.020946063885494855,0.08447140744120159,0.7907139116774305,0.4368063353977773,0.28779265507785834,0.18792820485970738,3,-0.5142956888627361
Younes Namli,300,1,Le Havre,Ligue 1,F M S,Low,0.0,0.041918701026588664,1.2000000000000002,0.30000000000000004,0.13278493769466876,0.6000000000000001,0.18087021661922337,0.12145798858255145,0.03493225085549055,1,-0.5158219100864188
Ísak Bergmann Jóhannesson,1830,1,FC Cologne,Bundesliga,M S,High,0.09836065573770492,0.07049000058628498,0.6885245901639344,0.09836065573770492,0.11860572818483485,1.6229508196721312,0.4720227884769928,0.3493230605772773,0.10237833418484245,4,-0.5172947901739151
Álvaro Djaló,637,1,Athletic Club,La Liga,F M S,Low,0.141287284144427,0.12760599230063768,2.1193092621664054,0.0,0.15397999090620634,0.565149136577708,0.4385740717864205,0.16997142974141066,0.06021112377444904,1,-0.5268189785867591
Joelinton,4393,2,Newcastle United,Premier League,M S,High,0.11981566820276497,0.12892498158793983,1.566820276497696,0.07834101382488479,0.08882371297595414,0.815668202764977,0.5332842352306513,0.3754071209854382,0.08146122704384032,1,-0.5268409411926953
Víctor García,1065,1,Levante,La Liga,F M S,Medium,0.16901408450704225,0.16122370806168504,1.6056338028169013,0.08450704225352113,0.14923355235180386,1.1830985915492958,0.27741439797928635,0.0739045413866849,0.10041125677525999,3,-0.5273591651117349
Dany Mota,2121,1,Monza,Serie A,F M S,High,0.21216407355021216,0.20964546569081646,1.7821782178217822,0.08486562942008487,0.0832155533398395,0.8910891089108911,0.38403871678648444,0.1375519352289288,0.11763440019318036,3,-0.5285051051088396
Otto Stange,275,1,Hamburger SV,Bundesliga,F S,Low,0.0,0.2163936971263452,2.9454545454545458,0.0,0.034013104709711924,0.32727272727272727,0.24258117784153332,0.05226917388764292,0.0734669959379567,3,-0.5288737942823376
Bobby Reid,729,1,Leicester,Premier League,F M S,Low,0.12345679012345678,0.08236026793810321,0.8641975308641976,0.24691358024691357,0.13502313077081868,0.7407407407407408,0.18559841094193635,0.08960335273985509,0.095302595756948,1,-0.530040591522989
Atakan Karazor,4562,2,VfB Stuttgart,Bundesliga,M S,High,0.03572491813039596,0.0707674267623894,0.4242334027984519,0.09377791009228938,0.08010181840969431,0.5582018457874367,0.5277073680223294,0.44146865726639634,0.16425506551928662,1,-0.5330336457336875
Andrea Colpani,1469,1,Fiorentina,Serie A,M S,Medium,0.12253233492171545,0.20549593139579297,2.2055820285908783,0.06126616746085772,0.0698523572978923,1.0415248468345812,0.45030662923077486,0.21352991551779582,0.0931708405001296,3,-0.5333175013712561
Ibou Sané,520,1,Metz,Ligue 1,F M S,Low,0.17307692307692307,0.05739817488938569,1.0384615384615385,0.17307692307692307,0.16330697158208263,0.8653846153846154,0.24241829319642139,0.04022403731225775,0.055272316560149186,1,-0.5364600527941049
Inigo Ruiz de Galarreta,3791,2,Athletic Club,La Liga,M S,High,0.02578353291697702,0.024594517814456842,0.7425657480089383,0.13407437116828053,0.1573244692988355,1.351057124849596,0.4383349374883504,0.3753228949127085,0.03315348354227361,1,-0.5373796380313903
Francesco Camarda,671,1,Lecce,Serie A,F S,Low,0.13412816691505217,0.21684027600328365,2.1460506706408347,0.0,0.07865118393022151,0.5365126676602087,0.22299205928752214,0.0857744590225234,0.14862272248137742,3,-0.539357155129348
Mikey Moore,351,1,Tottenham,Premier League,F M S,Low,0.0,0.042006854827587405,0.7692307692307693,0.25641025641025644,0.17271822270674583,0.7692307692307693,0.2907122022066361,0.2170017657753749,0.05460891127586363,1,-0.5421304611780012
Oso,1397,1,Sevilla,La Liga,D F M S,Medium,0.12884753042233357,0.09604481544209618,1.0952040085898354,0.19327129563350035,0.13634073706017108,1.2884753042233357,0.3187205855525982,0.1671692065270611,0.08769582168144338,4,-0.5422684113273218
Martijn Kaars,1331,1,St. Pauli,Bundesliga,F S,Medium,0.135236664162284,0.20603347929358304,1.555221637866266,0.067618332081142,0.09059469491260155,0.67618332081142,0.41884622833279406,0.21603120520296712,0.16542534457276695,3,-0.5426148501822282
Kevin Zeroli,404,1,"AC Milan,Monza",Serie A,M S,Low,0.0,0.11091662091341349,1.3366336633663365,0.22277227722772278,0.13894284199370016,0.44554455445544555,0.2952364034314483,0.059697684338592946,0.08298206453522046,1,-0.544325630882173
Ben Old,503,1,Saint-Etienne,Ligue 1,F M S,Low,0.0,0.1910469652881205,1.9681908548707754,0.0,0.12233919221500517,1.4314115308151092,0.40225265999407933,0.10895854195442874,0.09706729650497437,3,-0.5450516568499453
Ben Brereton Díaz,438,1,Southampton,Premier League,F M S,Low,0.0,0.2694370536363288,2.2602739726027394,0.0,0.031976868742949346,0.6164383561643836,0.41123809726679167,0.11603371839817257,0.11920548433607275,3,-0.5459780779335921
Gianluca Caprari,1644,1,Monza,Serie A,F M S,Medium,0.05474452554744525,0.1281328664168063,1.5875912408759123,0.1094890510948905,0.11430256344024502,1.5875912408759123,0.36351253912464654,0.18096405324478548,0.13321234587708425,4,-0.549412951008842
Máximo Perrone,4624,2,Como,Serie A,M S,High,0.06351745553778113,0.06866212132285818,0.5504846146607697,0.13550390514726643,0.08688287775750761,1.185659170038581,0.5123518752110322,0.3818543398099209,0.12283594006560307,1,-0.5512760741495971
Iván Sánchez,1365,1,Real Valladolid,La Liga,F M S,Medium,0.13186813186813187,0.04385309707332444,0.989010989010989,0.06593406593406594,0.19083453483552065,1.5164835164835164,0.3652984986265937,0.22003633442979595,0.04434035370747248,4,-0.5554824696165649
Nikola Vlasic,5206,2,Torino,Serie A,F M S,High,0.10166087938752458,0.09586254954858613,1.3893653516295024,0.11672175040789858,0.12790061574751416,1.498556666527214,0.39867319419293684,0.23281725346546478,0.1362459148050994,4,-0.5572153236894501
Kenny Quetant,378,1,Le Havre,Ligue 1,F S,Low,0.23809523809523808,0.2315599515679337,1.9047619047619047,0.0,0.00549767166376112,0.23809523809523808,0.1319460326894408,0.043443616124845666,0.12156897457316518,3,-0.5587714927049977
Moisés Caicedo,2811,1,Chelsea,Premier League,M S,High,0.096051227321238,0.049017345832945064,0.8644610458911419,0.032017075773746,0.0841031979725735,0.576307363927428,0.5509893921389779,0.49178394366735584,0.056702781537616695,1,-0.5592282044651189
Tyrhys Dolan,2481,1,Espanyol,La Liga,M S,High,0.07255139056831923,0.10024616217742952,1.2333736396614268,0.18137847642079807,0.1603538154465616,1.1608222490931077,0.3574954785357039,0.15695953639190388,0.08127801580464139,4,-0.5603036121372353
Peter,433,1,Getafe,La Liga,M S,Low,0.0,0.24723839462147576,2.4942263279445727,0.0,0.02545718839241504,0.8314087759815242,0.35340026033908883,0.126534973380885,0.09912428228805463,3,-0.5604113639393958
Unai Gómez,2197,2,Athletic Club,La Liga,F M S,High,0.08335048363860877,0.1990540852483855,1.7688824861082528,0.15743980242848324,0.06606555738384573,0.7408931878987446,0.31939481891443283,0.09718339283224008,0.1195234805002995,3,-0.5605112902866229
Omri Gandelman,971,1,Lecce,Serie A,M S,Medium,0.1853759011328527,0.16071618247842448,0.9268795056642637,0.09268795056642636,0.10390045161595916,0.6488156539649845,0.2951422361340507,0.09605819936822543,0.1733949035406113,3,-0.5625253681093696
Billy Gilmour,1959,2,Napoli,Serie A,M S,High,0.052119527449617786,0.05595657708481875,0.8964558721334259,0.04169562195969423,0.087913676427808,1.1883252258512855,0.5524513758123543,0.4490833971041039,0.06390693526627021,1,-0.5631791312534337
André Gomes,1301,1,Lille,Ligue 1,M S,Medium,0.0,0.03315147687519952,0.7609531129900077,0.0,0.06075324231528209,0.6917755572636433,0.5879749994808028,0.5529355223675034,0.04356572870165109,1,-0.5641415889206505
Luka Sucic,2807,2,Real Sociedad,La Liga,F M S,High,0.13980868285504047,0.17253660533174248,2.1118469462840324,0.06622516556291391,0.11419236942347225,1.0669610007358354,0.45024860701698477,0.21145638017459467,0.08161892040643154,3,-0.5642328271959365
Amine Sbaï,1865,1,Angers,Ligue 1,F M S,High,0.1447721179624665,0.17309916332044487,1.6407506702412868,0.0482573726541555,0.13322889538177218,1.3029490616621984,0.4171375085976744,0.14699186254842034,0.1278557199436952,3,-0.5646128571560215
Carlos Benavídez,456,1,Alaves,La Liga,M S,Low,0.19736842105263158,0.040310759734558416,0.9868421052631579,0.19736842105263158,0.12685619368168868,0.5921052631578947,0.3202629232730128,0.21578164072707295,0.0408482365310192,1,-0.5673894261092249
Mamadou Sylla,1569,1,Real Valladolid,La Liga,F M S,Medium,0.05736137667304015,0.11471918443962219,1.2619502868068835,0.05736137667304015,0.055283063962115374,0.7456978967495219,0.21339436159620548,0.07087379736722542,0.22604764718562367,3,-0.5683939347710657
Daniel James,538,1,Leeds,Premier League,D F S,Low,0.0,0.13380610976077367,2.342007434944238,0.0,0.08189256811950729,1.5055762081784385,0.26426807416388315,0.054669016902940855,0.05713308496134622,1,-0.5693949604605477
Jacob Ramsey,3086,2,Newcastle United,Premier League,M S,High,0.09153650563022157,0.07762615667920611,1.0199782055938975,0.17653468942971304,0.12682267531205904,1.268434435161642,0.4203480678893656,0.28958002937828414,0.07610294547097816,4,-0.5700073298851549
Kamaldeen Sulemana,2398,2,Atalanta,Serie A,M S,High,0.11903637222484648,0.15886081389495096,2.0491261218705716,0.07652338214454417,0.13985206979517392,0.8927727916863486,0.44766483915882627,0.19938797358006422,0.07525941333186549,3,-0.5705182719400119
Salih Özcan,697,1,"Borussia Dortmund,Wolfsburg",Bundesliga,M S,Low,0.0,0.03663079076215432,0.7747489239598278,0.0,0.12348349076539403,1.291248206599713,0.512522137951015,0.4776835876117478,0.047280854002262146,1,-0.5708724945055722
Jean-Victor Makengo,1842,1,Lorient,Ligue 1,F M S,High,0.19543973941368079,0.16568383981598123,1.9055374592833876,0.09771986970684039,0.09343219983182144,1.270358306188925,0.32281363028001514,0.19292646260622653,0.08694861337351494,3,-0.5727278149801271
Felix Nmecha,3727,2,Borussia Dortmund,Bundesliga,M S,High,0.13671418555737322,0.09142646283197728,1.2462023837345175,0.09990652021500351,0.08133169665055963,0.8202851133442394,0.4959438688405334,0.39644392599251804,0.08722929965975044,1,-0.5731466243652771
Dehmaine Assoumani,1261,1,Nantes,Ligue 1,D F M S,Medium,0.07137192704203013,0.1283579601032525,2.069785884218874,0.0,0.14556238754201184,1.4274385408406025,0.284561962192076,0.12640267267120112,0.06201509106904268,1,-0.5732914352883917
Carles Aleñá,3570,2,Alaves,La Liga,F M S,High,0.0,0.08962274467264376,1.2437047045817466,0.15477214101461736,0.15815816577999847,1.5311386807517504,0.2945587435580983,0.13391298487413658,0.07161294759426827,4,-0.5752502131870161
Luis Vázquez,1232,1,Getafe,La Liga,F S,Medium,0.21915584415584416,0.19508088637270374,1.8262987012987013,0.07305194805194806,0.012057200210265713,0.29220779220779225,0.297846764306441,0.12643006497195788,0.10681762311607601,3,-0.5759156313146594
Jesper Karlsson,802,1,"Bologna,Lecce",Serie A,F M S,Low,0.11221945137157106,0.17816776720960242,1.795511221945137,0.0,0.09050600359592577,1.346633416458853,0.2899968357259719,0.11321553605100014,0.14681072579696774,3,-0.5759341683973946
Sean Longstaff,1757,2,Leeds,Premier League,M S,Medium,0.11212158963498194,0.09546566727197943,1.1660645322038121,0.11212158963498194,0.1645474120746206,1.5809144138532452,0.2902532195976607,0.18229317172973794,0.07917390852533246,4,-0.5821023836744731
Jordan Ayew,1688,1,"Crystal Palace,Leicester",Premier League,F M S,Medium,0.21327014218009482,0.19088821924816798,1.7594786729857823,0.0,0.1016462089491664,0.9063981042654028,0.3098058281466365,0.14368313718344397,0.1315570738956784,3,-0.5846172505246666
Emile Smith-Rowe,4034,2,Fulham,Premier League,M S,High,0.19425535447451436,0.2109605730539854,1.6337373401959157,0.059770878299850574,0.08381430431087113,0.9264486136476838,0.4631233885797693,0.23989100649980102,0.12945857164040986,3,-0.5879542885814089
Aitor Ruibal,3096,2,Real Betis,La Liga,D F M S,High,0.15218769816106528,0.17242811775554298,1.3887127457197208,0.13950538998097653,0.12424821420303989,1.1097019657577678,0.4945582690009151,0.2393218006208756,0.11972265650161819,4,-0.5879551552285488
Luka Ilic,731,1,Real Oviedo,La Liga,F M S,Low,0.12311901504787962,0.21700825351105668,1.1080711354309165,0.0,0.051679717206106944,0.3693570451436389,0.32014432086745626,0.1268864569296263,0.19584325100812647,3,-0.5890453287428568
Dani de Wit,1131,1,Bochum,Bundesliga,F M S,Medium,0.15915119363395225,0.2341649286073462,1.5915119363395227,0.07957559681697612,0.03228427407477515,0.7161803713527851,0.32037756803497397,0.14276768498379608,0.14713363014161587,3,-0.5892348105721577
Patson Daka,686,1,Leicester,Premier League,F M S,Low,0.13119533527696792,0.2319078436990217,1.9679300291545188,0.0,0.003401117763175207,0.13119533527696792,0.2568750668170457,0.021566105599219176,0.11784354131668806,3,-0.5893210832362512
Djaoui Cissé,2111,2,Rennes,Ligue 1,M S,High,0.03826123923902646,0.05055376646953341,1.7217557657561906,0.0,0.054495667614884495,0.8513125730683387,0.5053576794800887,0.43826028370083747,0.028176434625096346,1,-0.5896268423885641
Luca Kerber,1427,2,FC Heidenheim,Bundesliga,M S,Medium,0.25399811853245535,0.17331025705989084,1.0301034807149578,0.0,0.058173667858525596,0.47977422389463786,0.2701386001385111,0.09191370840768769,0.16792910638046546,3,-0.5919986721287651
Hugo Sotelo,2618,2,Celta Vigo,La Liga,M S,High,0.0,0.009657030118775235,0.19793605142953816,0.07612925054982236,0.1285349418358908,1.4997462358315006,0.4632602106449573,0.4312651688864824,0.04759351334926431,1,-0.5951221436129775
Thomas Lemar,1252,1,Girona,La Liga,M S,Medium,0.21565495207667731,0.1275421404979004,1.2220447284345048,0.0718849840255591,0.09926898504634157,1.365814696485623,0.44910838557838706,0.2743005797530289,0.10436781693030804,4,-0.6015488993221091
Kelechi Iheanacho,401,1,Sevilla,La Liga,F S,Low,0.0,0.22842994447509546,2.0199501246882794,0.0,0.04798813223690165,1.1221945137157108,0.3061880995554297,0.029770016154632015,0.11308692312902874,3,-0.6031789064638159
Pablo,844,1,West Ham,Premier League,F M S,Low,0.0,0.15179091353869834,1.2796208530805686,0.1066350710900474,0.13785477351370792,1.386255924170616,0.3701948815343186,0.08656482858874645,0.11862178798764944,1,-0.6042800735631494
Abdou Harroui,1360,2,Verona,Serie A,F M S,Medium,0.056710775047258986,0.16822847301784785,1.7013232514177694,0.11342155009451797,0.10790343992086392,1.2192816635160681,0.4858804156097966,0.2741925109359163,0.11647984432825316,4,-0.6070694830799548
James Milner,773,1,Brighton,Premier League,M S,Low,0.0,0.025411549001392388,0.9314359637774905,0.11642949547218631,0.07625317241982069,0.9314359637774905,0.463283517208784,0.44165337610059674,0.1224282260518521,1,-0.6105950347000431
Carlos Martín,1840,2,Rayo Vallecano,La Liga,F M S,High,0.09191880505553429,0.18002337006026645,1.7119877441593259,0.09191880505553429,0.15220973545800268,0.7238605898123324,0.3276964721324479,0.09897291952796203,0.10515181991977587,3,-0.6162063621461685
Loum Tchaouna,1892,2,Burnley,Premier League,F M S,High,0.14259846084200994,0.16941063800546724,2.1084200995925757,0.05092802172928927,0.08905021580852714,1.0694884563150746,0.3951812857292312,0.16920396915838065,0.07101700415680698,3,-0.6167014102851557
Franck Zambo,4115,2,Napoli,Serie A,M S,High,0.22356461356066168,0.1677958570428734,1.4785750578671033,0.10670129283577034,0.09281280058287457,0.8586913566307233,0.42471597370119696,0.2724739394733717,0.11365130597998926,3,-0.6189699375238701
Giorgi Tsitaishvili,2475,1,Metz,Ligue 1,D F M S,High,0.10909090909090909,0.05588073327460073,1.1272727272727274,0.07272727272727272,0.15534984726797452,1.6,0.2949033577333797,0.11363050165501508,0.04957161822746839,1,-0.6194868300810263
Lilian Raolisoa,1975,1,Angers,Ligue 1,D F M S,High,0.09113924050632911,0.04737570818655099,0.7291139240506329,0.18227848101265823,0.16078499053852469,1.0025316455696203,0.3805166104030383,0.20678407841751092,0.06497709976974875,1,-0.620244076539069
Amin Sarr,2986,2,Verona,Serie A,F M S,High,0.11085450346420324,0.1889040454637096,1.2956120092378753,0.06235565819861432,0.10619862538958119,1.1293302540415704,0.3735527466707293,0.13107981628740495,0.1588031413164858,3,-0.6219809862198026
Mauro Arambarri,5949,2,Getafe,La Liga,M,High,0.1595567867036011,0.1936347010248751,1.69196675900277,0.0332409972299169,0.024870023750532367,0.6049861495844875,0.21919319666199738,0.07466633338120011,0.15261244690146256,3,-0.6237836482389111
Paul Wanner,1796,1,FC Heidenheim,Bundesliga,F M S,Medium,0.10022271714922047,0.1747420383098728,1.2527839643652563,0.10022271714922047,0.07370777913516507,1.0022271714922049,0.3610845971002113,0.15036383978732112,0.16979404523968697,3,-0.6241691093791577
Mathys de Carvalho,279,1,Lyon,Ligue 1,M S,Low,0.0,0.11811063474705143,2.2580645161290325,0.0,0.011395280880312742,0.3225806451612903,0.4375461428876847,0.3640396322213834,0.05230613824512277,1,-0.6253289163733028
Adrián Embarba,1603,1,Rayo Vallecano,La Liga,F M S,Medium,0.05614472863381161,0.12767068818629868,2.0773549594510294,0.05614472863381161,0.14082489627008501,1.1790393013100435,0.34826845493044467,0.17265676209936642,0.06145829224103206,1,-0.6319431574946562
Bertug Yildirim,1101,1,Getafe,La Liga,F S,Medium,0.08174386920980926,0.2130103553581871,1.553133514986376,0.0,0.09335300094658655,0.7356948228882834,0.2554692288769323,0.010223990910222155,0.13714877266044678,3,-0.6336439567762322
Elliot Anderson,6102,2,Nottingham Forest,Premier League,M S,High,0.0746295561884847,0.0724739684394029,1.233010058766269,0.14276958575188378,0.13211501068001294,1.37253488120561,0.3924457367937911,0.2765188292748725,0.06927003525075318,4,-0.6345298462798445
Unai López,3377,2,Rayo Vallecano,La Liga,M S,High,0.0713106635853417,0.06707533175102966,1.2717068339385935,0.1426213271706834,0.09647637710267953,1.5212941564872895,0.3592578633327115,0.26074060541139493,0.052365719789436244,1,-0.6358060583385975
Ardon Jashari,703,1,AC Milan,Serie A,M S,Low,0.0,0.031167358414377285,0.8961593172119487,0.12802275960170698,0.14471336987245811,1.1522048364153628,0.4589067155476739,0.3131169254545806,0.0347788142306464,1,-0.6362396689675488
Alberto Reina,2616,1,Real Oviedo,La Liga,F M S,High,0.13761467889908258,0.13414438918591776,0.8600917431192658,0.034403669724770644,0.1448422756127227,1.2041284403669725,0.2873888252614869,0.1079763425620905,0.15596520982682704,3,-0.6386627825423928
Nicolas Pays,433,1,Montpellier,Ligue 1,F M S,Low,0.0,0.20684828551585072,2.2863741339491916,0.0,0.06511206966642007,0.6235565819861432,0.4102133743800481,0.16309831433393937,0.09047000770541755,3,-0.6391248291908235
Ryan Gravenberch,6207,2,Liverpool,Premier League,M S,High,0.08083057910619341,0.04198398718539208,0.8729702543468888,0.10022991809167983,0.06953382610719057,0.8050725678976863,0.487720143974854,0.42369329981491954,0.052389189881773976,1,-0.639812350641782
Toma Basic,1764,1,Lazio,Serie A,M,Medium,0.10204081632653061,0.06658254552404493,1.5306122448979596,0.15306122448979592,0.12309418131160188,1.1224489795918369,0.3278812621149938,0.2400569329323361,0.043500596409042684,1,-0.6399162467564274
Yann Karamoh,1031,1,Torino,Serie A,F M S,Medium,0.0,0.15238753791851517,2.182347235693501,0.08729388942774007,0.0885224966811076,0.7856450048496605,0.2764139113591841,0.05545964150190006,0.06982735626399517,1,-0.640453179416765
Fran Pérez,1723,2,Rayo Vallecano,La Liga,F M S,Medium,0.11086474501108648,0.15172611391316365,1.2084257206208426,0.05543237250554324,0.17915207839998398,1.0310421286031042,0.4463001879184051,0.18143950162368713,0.12308616611130885,3,-0.6425900206197744
Kouadio Kone,5065,2,Roma,Serie A,M S,High,0.07127771911298837,0.08521255713502984,0.9543294614572331,0.07523759239704329,0.09736357264883556,0.7959345300950369,0.5119061405321046,0.4027720958332766,0.08985685812920305,1,-0.6456147366156807
Teddy Teuma,753,1,Reims,Ligue 1,M S,Low,0.0,0.11223342900435289,1.6733067729083666,0.0,0.14148523630314613,1.5537848605577689,0.3205084817788278,0.16320055654918053,0.12136534401880843,1,-0.6463180434328144
Remi Oudin,285,1,Lecce,Serie A,M S,Low,0.0,0.035671046493869055,0.9473684210526315,0.0,0.12244966704594462,1.894736842105263,0.34726448415925626,0.30583743182452106,0.037652771299084,1,-0.6480186086602877
Abdoulaye Touré,3087,2,Le Havre,Ligue 1,M S,High,0.12377750611246942,0.09639032916017876,1.7397616136919314,0.027506112469437648,0.022430830892154936,0.2956907090464548,0.29809069913819947,0.24008991054292256,0.1764680109892258,3,-0.6482693180775514
Habib Diarra,3780,2,Sunderland,Premier League,M S,High,0.07076327567436798,0.11281966250013545,1.2955122777307366,0.16329986694084914,0.14180939227862624,0.7783960324180477,0.3742572768373131,0.19755324881104316,0.12954425211064954,1,-0.6532664595199088
Erencan Yardimci,310,1,Hoffenheim,Bundesliga,F S,Low,0.0,0.2439482423567003,1.4516129032258065,0.0,0.0,0.0,0.27579479784734784,0.07462917797027095,0.16805323362350463,3,-0.6539854026630103
Mário Sauer,611,1,Toulouse,Ligue 1,M S,Low,0.14729950900163666,0.1895296755940356,2.062193126022913,0.0,0.01889397470972541,0.44189852700491,0.30863357995943136,0.11685935347516291,0.09190685062536172,3,-0.6587478530537464
Jacopo Fazzini,1965,2,Fiorentina,Serie A,F M S,High,0.1709807646639753,0.20503196293389506,1.5922583709332703,0.042745191165993825,0.08540707381808879,0.9938256946093565,0.40250525305791185,0.1379039317057177,0.12737974672391827,3,-0.6599870116253563
William Carvalho,457,1,Real Betis,La Liga,M S,Low,0.0,0.044217668962817744,0.787746170678337,0.0,0.05809349753777752,1.1816192560175054,0.5089419732314556,0.45893966493398536,0.056131874211132526,1,-0.6602483816282793
Al Musrati,1205,2,Verona,Serie A,M S,Medium,0.06369426751592357,0.038475231267511845,1.4171974522292992,0.14331210191082802,0.07120771160064514,0.875796178343949,0.40730617016518283,0.3207384684318854,0.024589184367943762,1,-0.660605056242651
Cesare Casadei,3001,2,Torino,Serie A,M S,High,0.2189624329159213,0.1819976123932862,1.4876565295169946,0.025760286225402506,0.06835592229898907,0.7277280858676207,0.4032787641173825,0.27195194347599966,0.12005312049945631,3,-0.6618253622615942
Kevin Kampl,1598,1,RasenBallsport Leipzig,Bundesliga,M S,Medium,0.05632040050062578,0.04768106600360592,0.39424280350438046,0.0,0.0836636663737412,0.8448060075093868,0.49051137214458923,0.4540370666749486,0.12094340233930519,1,-0.6620223975031142
Boubacar Kamara,1434,1,Aston Villa,Premier League,M S,Medium,0.06276150627615062,0.06603497538372688,0.4393305439330544,0.18828451882845187,0.04575459989933414,0.9414225941422594,0.35761209232070207,0.2680067991580674,0.15030818206391164,1,-0.6631109001607778
Tanner Tessmann,1218,1,Lyon,Ligue 1,M S,Medium,0.07389162561576354,0.08826794634972299,1.3300492610837438,0.0,0.05427933435685235,0.5172413793103449,0.49399898405842885,0.4212464012774487,0.06636441892219914,1,-0.6660873186027026
Jack Taylor,777,1,Ipswich,Premier League,M S,Low,0.11583011583011582,0.06784196310176813,2.200772200772201,0.0,0.08884695074503027,0.5791505791505791,0.3151657095387521,0.28295736224120877,0.030826435865540257,1,-0.6691281978067556
Alex Sancris,693,1,Getafe,La Liga,F M S,Low,0.0,0.051691523547489925,1.6883116883116882,0.12987012987012986,0.1293790682110113,1.168831168831169,0.14716789102205982,0.0889503713939097,0.030617287024282496,1,-0.6704473587775197
Lewis Miley,274,1,Newcastle United,Premier League,M S,Low,0.3284671532846715,0.06699102121765596,0.9854014598540146,0.0,0.02936061009438366,0.3284671532846715,0.3329494543183241,0.2725958113769328,0.06798348079125087,1,-0.6710144416942596
Justin Devenny,1234,2,Crystal Palace,Premier League,D F M S,Medium,0.06318006318006318,0.18968876181892783,1.6584766584766586,0.06318006318006318,0.06628184290664914,0.9950859950859952,0.4193480902280503,0.22102198472312562,0.15349828652474484,3,-0.6764113754923973
Patrick Ciurria,1101,1,Monza,Serie A,D F M S,Medium,0.08174386920980926,0.042234814779107184,0.8991825613079019,0.08174386920980926,0.18768050639359762,1.0626702997275204,0.21245050505412696,0.04131508757657186,0.04697023340585557,1,-0.6766102433195608
Vincent Sierro,2433,1,Toulouse,Ligue 1,M S,High,0.11097410604192355,0.10124791103487538,1.183723797780518,0.036991368680641186,0.15820986482185,1.183723797780518,0.3923144378227385,0.2916941972180705,0.13303933796123601,1,-0.6839947469206187
Anuar Mohamed,1748,1,Real Valladolid,La Liga,D F M S,Medium,0.10297482837528603,0.11626095537658891,0.5663615560640732,0.0,0.061013587160159574,0.4118993135011441,0.30978501820190885,0.15366444314107536,0.20527691919017924,3,-0.6848850450468401
Ilyas Ansah,1960,1,Union Berlin,Bundesliga,F M S,High,0.22959183673469385,0.1756844439363221,1.5153061224489797,0.04591836734693878,0.06990359313025767,0.7806122448979592,0.3020289723989458,0.13699737696775371,0.11593990239568731,3,-0.6865672295763622
Liam Henderson,2358,1,Empoli,Serie A,M S,High,0.0,0.019263477804039725,0.8396946564885497,0.15267175572519084,0.15789944998464966,1.2213740458015268,0.26987934325117874,0.17534800524332822,0.0229410508393564,1,-0.6876623915667188
Javi Muñoz,527,1,Getafe,La Liga,F M S,Low,0.0,0.05677040425116864,2.390891840607211,0.0,0.044728364844928425,1.1954459203036054,0.15389584148907062,0.07283777535753413,0.023744446857433234,1,-0.6882424495056676
Pierre Lees-Melou,3487,2,"Brest,Paris FC",Ligue 1,M S,High,0.07349707896224637,0.07485681923792094,1.3738300144481437,0.13003329354858972,0.13125919459672106,0.9667692694264715,0.41149869307054704,0.2929025052727388,0.054670020475130074,1,-0.689005626758288
Conor Gallagher,3496,2,Atletico Madrid,La Liga,M S,High,0.15338004165877672,0.14713373694754395,1.2043173641355802,0.09657261882219276,0.06828459016407355,0.7555387237265668,0.4694028595020499,0.2992246931115801,0.12663077729276526,1,-0.6917658443923526
Philipp Sander,1397,1,Borussia M.Gladbach,Bundesliga,M S,Medium,0.06442376521116679,0.0808963482984813,1.1596277738010021,0.0,0.04629081230458611,0.8375089477451682,0.4918047798292161,0.41998285540221586,0.06976061640307307,1,-0.692640638953582
Malthe Højholt,857,1,Pisa,Serie A,M S,Low,0.0,0.09970440286947384,0.4200700116686114,0.0,0.01641823700438997,0.31505250875145857,0.15881720536943772,0.048910535104755334,0.2373518701642752,1,-0.6926632109988046
Marcel Sabitzer,3450,2,Borussia Dortmund,Bundesliga,M S,High,0.05180684362008315,0.08441793605051447,1.059162136232811,0.057563159577870164,0.09908845950171785,0.6850015989766549,0.5210280707603374,0.3770887192694913,0.07759238211212133,1,-0.6933598225051726
Kervin Arriaga,1511,1,Levante,La Liga,M S,Medium,0.1786896095301125,0.06497403825580837,0.9530112508272667,0.1786896095301125,0.06922670134018384,0.4169424222369292,0.3052938952401014,0.22604363913136866,0.06817761930869892,1,-0.6937513492768861
Ao Tanaka,1330,1,Leeds,Premier League,M S,Medium,0.13533834586466167,0.14874936094073424,1.150375939849624,0.0,0.09187624315009979,1.218045112781955,0.460564967104815,0.29188667734930834,0.12930500003344872,1,-0.6937648704969701
Kobbie Mainoo,3283,2,Manchester United,Premier League,M S,High,0.030498136225008472,0.03395451080863232,0.7624534056252118,0.060996272450016945,0.08620143768679626,1.0125381226702812,0.48639028920829597,0.4061856684667888,0.04423793311853363,1,-0.6949961998383016
Matteo Guendouzi,4715,2,Lazio,Serie A,M,High,0.06208731644821129,0.05475432169469936,0.8337439637331231,0.07539174140139944,0.07732636934803268,1.0953976544791564,0.47691918768938085,0.39295562099066245,0.06431903534993104,1,-0.6954282234820044
Cameron Puertas,1867,1,Werder Bremen,Bundesliga,F M S,High,0.048205677557579,0.10703001067593063,1.7836100696304233,0.096411355115158,0.11682115177946674,1.349758971612212,0.3399524602282794,0.2292526223914759,0.06000751649608483,1,-0.6955070755266328
Chris Rigg,780,1,Sunderland,Premier League,M S,Low,0.11538461538461539,0.09231930842193273,1.3846153846153846,0.11538461538461539,0.13721878239168575,1.0384615384615385,0.22717941810305303,0.0836977894203021,0.06667505608250697,1,-0.6973621647174874
Pepelu,1691,1,Valencia,La Liga,M S,Medium,0.0,0.024784594473535315,0.7451212300413957,0.05322294500295684,0.13675023429316047,1.6499112950916615,0.28835020627273494,0.26621379405436324,0.1394450147636235,1,-0.6973627659459257
Amadou Onana,3443,2,Aston Villa,Premier League,M S,High,0.127208480565371,0.1397828584973103,0.942499196916158,0.0,0.030377339048761665,0.43366527465467397,0.4056421961351736,0.35103453232536086,0.1483500729130459,1,-0.6987821059088356
Sulemana,1148,2,"Bologna,Cagliari",Serie A,M S,Medium,0.2143642359838769,0.17782526640525206,1.2367167460608282,0.0,0.013627584248278847,0.5606449248809088,0.28060923092109563,0.19718007925459646,0.14604846020748666,3,-0.6995131126673516
Chemsdine Talbi,1556,1,Sunderland,Premier League,F M S,Medium,0.23136246786632392,0.13440851450737346,1.4460154241645244,0.05784061696658098,0.034726341087418997,0.6940874035989717,0.18669512756120957,0.06876715497235866,0.0929509549215436,1,-0.6997142383451188
Lucas Tousart,553,1,Union Berlin,Bundesliga,M S,Low,0.0,0.059884676362840866,1.464737793851718,0.16274864376130196,0.11530851658979334,0.488245931283906,0.22011018447429748,0.06454950619563055,0.040884229665001236,1,-0.6999723156194722
Aurelien Tchouameni,2656,1,Real Madrid,La Liga,M S,High,0.033885542168674704,0.10376513439107192,1.5248493975903614,0.0,0.0783883465358606,0.8132530120481928,0.4704345852635936,0.3848426016496427,0.06804943134387334,1,-0.7001070701166745
Lennon Miller,985,1,Udinese,Serie A,M S,Medium,0.0,0.02797813653038238,0.8223350253807107,0.18274111675126906,0.12293707325978932,1.1878172588832487,0.22011630372309746,0.1138300503684482,0.03402279565731684,1,-0.7034109307363303
Noah Weißhaupt,1246,1,"Freiburg,St. Pauli",Bundesliga,F M S,Medium,0.07223113964686999,0.15476185279819116,1.3723916532905296,0.0,0.1422054571119013,1.3001605136436598,0.3155065436711471,0.10359404524892904,0.11276799332546561,1,-0.7056793800392045
Wes Burns,962,1,Ipswich,Premier League,M S,Medium,0.0,0.03867405836553682,0.654885654885655,0.09355509355509355,0.20625463239616265,0.9355509355509357,0.2825561315479559,0.08437619389667952,0.05905467325023241,1,-0.7078298067879073
Junior Ndiaye,410,1,Montpellier,Ligue 1,F S,Low,0.0,0.1801397987618679,1.0975609756097562,0.0,0.07082635850259443,1.0975609756097562,0.43762015896599465,0.21770709952930126,0.16412737220525742,1,-0.7098887368495219
Jorginho,717,1,Arsenal,Premier League,M S,Low,0.0,0.007432217409670594,0.2510460251046025,0.0,0.057891036956629505,0.37656903765690375,0.524354283561517,0.46928879434718246,0.029604999348521205,1,-0.7117293721628523
Jordan Henderson,1935,1,Brentford,Premier League,M S,High,0.046511627906976744,0.02564524547305218,0.27906976744186046,0.13953488372093023,0.1544433269909648,0.883720930232558,0.4088300913572312,0.2851928753215213,0.09189546294510365,1,-0.7133766179937212
Jurgen Ekkelenkamp,4118,2,Udinese,Serie A,F M S,High,0.17801774831604833,0.17410144444459855,1.2942371431626216,0.11065968138565167,0.09291377849777306,0.9574468085106383,0.40311271688599876,0.18063173921396233,0.13415006295720672,3,-0.7164221511341324
Keane Lewis-Potter,1949,1,Brentford,Premier League,D F M S,High,0.13853258081067213,0.14845737190644762,1.4315033350436122,0.13853258081067213,0.12533891215928095,0.8773730118009235,0.3621638230138433,0.14738401858706607,0.10370731822425319,3,-0.7167347659867398
Armando Broja,1136,2,Burnley,Premier League,F S,Medium,0.08386134923592993,0.21804684428744603,1.6101379053298546,0.08386134923592993,0.06286063132945766,0.6876630637346254,0.27395092395206816,0.11676236470599606,0.1265806182681788,3,-0.7194675972435313
Nicolo Rovella,3257,2,Lazio,Serie A,M S,High,0.0,0.04320527153239061,0.7778106071797901,0.11301521642783277,0.1256395452524457,1.2298714728911213,0.3936785832054342,0.33373172778728677,0.04970118838296334,1,-0.719635618730042
Jobe Bellingham,1779,1,Borussia Dortmund,Bundesliga,M S,Medium,0.0,0.05005077331705398,0.9612141652613828,0.050590219224283306,0.0390734992494169,0.4553119730185497,0.48575132224602,0.42860285000495524,0.05207036592458423,1,-0.7202161878294278
Amadou Haidara,1321,1,RasenBallsport Leipzig,Bundesliga,M S,Medium,0.0,0.1116279490858903,1.2263436790310371,0.06813020439061317,0.06323683332936679,0.34065102195306585,0.4654217292861357,0.37587210813778354,0.09102501280398832,1,-0.7214209212222114
Bote Baku,2468,1,"RasenBallsport Leipzig,Wolfsburg",Bundesliga,D F M S,High,0.1458670988654781,0.11053757978651546,1.2763371150729335,0.1458670988654781,0.10219610160340463,0.9846029173419774,0.4514771096432519,0.25390876218981473,0.0866053164803556,1,-0.7229236786070653
Ola Solbakken,750,1,Empoli,Serie A,F M S,Low,0.0,0.09484268635511399,0.48,0.0,0.06899523608386517,1.08,0.21253657042980192,0.055738839134573934,0.19758892990648746,1,-0.7241230424363733
Aleix Febas,3178,1,Elche,La Liga,M,High,0.056639395846444306,0.06184522805722575,0.6513530522341096,0.056639395846444306,0.05953492569491558,0.7646318439269982,0.47700347191296033,0.41054844935972634,0.09494885737481325,1,-0.7309493007060436
Dermane Karim,1371,1,Lorient,Ligue 1,F M S,Medium,0.06564551422319474,0.08924387550262707,1.0503282275711159,0.13129102844638948,0.16259946312176582,1.0503282275711159,0.4058048438435702,0.20091127783581775,0.08496760646812618,1,-0.7312622999074326
Romeo Lavia,1196,2,Chelsea,Premier League,M S,Medium,0.0,0.03441616274705788,0.40194174757281553,0.06990291262135924,0.08684590914585058,0.5766990291262136,0.4778697183482277,0.4204829319588189,0.07998136080512142,1,-0.7323720462549307
Azor Matusiwa,2079,1,Rennes,Ligue 1,M S,High,0.04329004329004329,0.060494887315994735,0.47619047619047616,0.12987012987012986,0.10729453151489232,0.7359307359307359,0.4567905370291177,0.29448924416845496,0.12703926336358895,1,-0.7339517646983557
Kacper Urbanski,737,1,"Bologna,Monza",Serie A,M S,Low,0.12211668928086838,0.08466864803368718,1.0990502035278156,0.0,0.10348423213534957,1.5875169606512889,0.2642249958804496,0.10540199452149335,0.07703801679114501,1,-0.7362941543275895
Kenneth Taylor,1418,1,Lazio,Serie A,M,Medium,0.19040902679830748,0.13261534005655726,1.0155148095909732,0.12693935119887165,0.06877744349037601,0.8251057827926658,0.2885870970733075,0.16770736060836924,0.13058927236124876,1,-0.7367017141749495
Yasin Ayari,3895,2,Brighton,Premier League,M S,High,0.11829923419819406,0.10043547107555045,1.6304720539490227,0.09772545433763857,0.100102842189197,0.9618242084809693,0.4131998319307835,0.29525206871381837,0.0643742203840898,1,-0.7389254173087768
Jack Harrison,3085,2,Fiorentina,Serie A,D F M S,High,0.06079711776626885,0.12220749044126081,1.2226975906327404,0.10132852961044808,0.14364272436981423,1.3983337086241838,0.3932998724410969,0.20240822164822042,0.09950017209622948,4,-0.7404846860383549
Andy Diouf,2262,1,Lens,Ligue 1,F M S,High,0.03978779840848806,0.13059005148669295,1.5915119363395227,0.07957559681697612,0.13035114012184287,1.3527851458885942,0.4205306748111068,0.21075898536853985,0.0820540823508054,4,-0.7404859652965903
Adrián Liso,1725,1,Getafe,La Liga,F M S,Medium,0.1565217391304348,0.14385382445610087,1.3565217391304347,0.0,0.007866646543793057,0.20869565217391303,0.16122030557497688,0.016697757626357286,0.10604608854135641,1,-0.7404966923008081
Tommaso Pobega,2626,2,Bologna,Serie A,M S,High,0.17322175732217573,0.14475029786370663,1.6644351464435145,0.09790794979079497,0.06211406568369232,0.5573221757322175,0.3601824139053914,0.22250089585531704,0.08575559113735809,1,-0.7409342514470911
Alejo Véliz,1115,1,Espanyol,La Liga,F S,Medium,0.08071748878923767,0.1887873404496454,1.5336322869955155,0.0,0.005587028636024938,0.16143497757847533,0.34922131589476035,0.21110468438822327,0.12309817812944715,1,-0.741066224486681
Magnus Kofod Andersen,692,1,Venezia,Serie A,M S,Low,0.13005780346820808,0.029875113348869574,1.0404624277456647,0.13005780346820808,0.06453583409977441,1.300578034682081,0.2295722366671342,0.17863193720665277,0.028713303385302424,1,-0.741391091910614
José Campaña,1208,1,Las Palmas,La Liga,M S,Medium,0.0,0.010248191781119992,0.37251655629139074,0.22350993377483444,0.06624153199981873,0.9685430463576159,0.1901253350911699,0.18372079115422651,0.02751070149242878,1,-0.7419715819853594
Gvidas Gineitis,3209,2,Torino,Serie A,M S,High,0.0739017380593951,0.07432815587203895,1.5457780210756809,0.05542630354454632,0.1358771075503382,1.3179143287258792,0.296785153820244,0.18525033522373316,0.04604054808485658,1,-0.7430163754178721
Mirko Maric,439,1,"Monza,Venezia",Serie A,F S,Low,0.0,0.23177515995393855,1.4350797266514808,0.0,0.020959389932742142,0.6150341685649203,0.22873798516793242,0.164470117971946,0.16150681780917303,3,-0.743303570302919
Arthur Avom,2095,1,Lorient,Ligue 1,M S,High,0.08591885441527447,0.045280782488088055,0.9021479713603819,0.042959427207637235,0.13640480353396947,1.3317422434367543,0.4000475001087977,0.28841736824262826,0.05019219011245739,1,-0.743696617174246
Kévin Danois,4318,2,Auxerre,Ligue 1,M S,High,0.06708407871198568,0.0652882009777965,0.8452593917710196,0.022361359570661894,0.14492408643195098,1.6100178890876564,0.3214383058746433,0.19332030056667562,0.07831706372489536,1,-0.7462999931513741
Armin Gigovic,1900,1,Holstein Kiel,Bundesliga,M S,High,0.23684210526315788,0.09337867345464859,1.1842105263157894,0.04736842105263158,0.1157266207725594,0.7105263157894737,0.3924153175303026,0.22386631000983087,0.07885310202836993,1,-0.7469417300953001
Ilia Gruev,1310,1,Leeds,Premier League,M S,Medium,0.0,0.050411034546053134,0.48091603053435117,0.20610687022900764,0.10261374581178637,0.7557251908396947,0.24625773380958396,0.15323267817383504,0.10482294484972954,1,-0.7494744600407015
Alfred Duncan,965,1,Venezia,Serie A,M S,Medium,0.0,0.09031813116888927,1.3989637305699483,0.0,0.1849657651326508,1.0259067357512954,0.32208587640384934,0.1470572919502777,0.06456073820590974,1,-0.7496718922042458
Darko Brasanac,1606,1,Leganes,La Liga,M S,Medium,0.05603985056039851,0.11513165686543973,0.6724782067247821,0.11207970112079702,0.01808448478922823,0.5043586550435866,0.2192788223178122,0.10629057028280992,0.17120503789434835,1,-0.750447486372195
Pierrick Capelle,1093,2,Angers,Ligue 1,M S,Medium,0.0,0.07858059193534128,1.3280159521435693,0.0897308075772682,0.12920262397880689,0.8255234297108675,0.46429673949273254,0.28987914976011125,0.05782262883255869,1,-0.7536539435434066
Himad Abdelli,3941,2,"Angers,Marseille",Ligue 1,M S,High,0.06413682522715126,0.08982419258830765,1.213254943880278,0.02137894174238375,0.09833343395737326,1.0742918225547835,0.38877546170030536,0.2678379560320502,0.1616371335456925,1,-0.7562033231990649
Samir El Mourabet,2145,1,Strasbourg,Ligue 1,M S,High,0.04195804195804196,0.015598161406554543,0.5034965034965035,0.08391608391608392,0.11370699919135004,1.1748251748251748,0.4118481774430175,0.3042721754083267,0.030979681682462495,1,-0.7590200235805813
Rocco Reitz,4534,2,Borussia M.Gladbach,Bundesliga,M,High,0.03460706560922855,0.09126055187048161,1.4145638067772173,0.10382119682768565,0.12442233210809599,0.882480173035328,0.44230480676633727,0.2934776170296083,0.06673883786768359,1,-0.7612317194169882
Marc Roca,2932,2,Real Betis,La Liga,M S,High,0.0851032877509456,0.060380081073246876,0.8379400640093104,0.11783532150130928,0.10672336701137887,0.9361361652604016,0.4026375809691983,0.3356578117474948,0.06851304935339067,1,-0.7619993460251815
William Smallbone,657,1,Southampton,Premier League,M S,Low,0.136986301369863,0.09447568772386199,0.958904109589041,0.0,0.08038965168676965,1.36986301369863,0.394936223603683,0.3131825242140522,0.09852464576917035,1,-0.762817692685432
Wilfred Ndidi,2368,1,Leicester,Premier League,M,High,0.0,0.07500496476643241,0.8361486486486487,0.1900337837837838,0.10591109206969221,0.6461148648648649,0.33199908539835316,0.20605750619890043,0.08970290735702623,1,-0.7629939671239506
Nilson Angulo,415,1,Sunderland,Premier League,M S,Low,0.0,0.1963908884180597,1.5180722891566265,0.0,0.011465685329882487,0.6506024096385542,0.1939761166472033,0.03522158683423536,0.12936860110078538,1,-0.7630224017310593
Hans Nicolussi Caviglia,4339,2,"Fiorentina,Parma Calcio 1913",Serie A,M S,High,0.07654688496704232,0.06336811524826749,1.4926642568573252,0.13395704869232405,0.09555542668081739,1.0094620455028704,0.22349092027842965,0.1578634860257034,0.04249030876353328,1,-0.7634132474709974
Martín Zubimendi,2966,1,Real Sociedad,La Liga,M S,High,0.06068779501011464,0.11901497219162298,0.7282535401213757,0.03034389750505732,0.03680924743047174,0.576534052596089,0.39950695025105976,0.3011618784502581,0.16342518866683045,1,-0.765944529791872
Daichi Kamada,3451,2,Crystal Palace,Premier League,M S,High,0.0,0.06491045604814279,1.0013987792472026,0.0,0.11591659252113061,1.0300101729399795,0.4686654575832523,0.3546541134026498,0.06684424758482334,1,-0.7663093495367783
Lucas Paquetá,3942,2,West Ham,Premier League,F M,High,0.09357670979667282,0.09898304557800036,1.4504390018484288,0.025993530499075785,0.13513489046530855,1.3464648798521257,0.33057653317408714,0.15835616791185314,0.11670656768823552,1,-0.7676702048768779
Charles Pickel,658,1,Espanyol,La Liga,M S,Low,0.13677811550151975,0.10689478107136434,1.3677811550151977,0.0,0.004825425860797555,0.2735562310030395,0.3856425705481898,0.3103698641175014,0.07815196216106415,1,-0.7687849097817736
Bertrand Traoré,675,1,Sunderland,Premier League,F M S,Low,0.13333333333333333,0.08330768247445425,1.6,0.0,0.13183670863509178,1.0666666666666667,0.26892263094584146,0.16401674039661882,0.052067301546533905,1,-0.7688248528070634
Oriol Rey,1316,1,Levante,La Liga,M S,Medium,0.0,0.024041763887567992,0.547112462006079,0.06838905775075987,0.01761530898228333,0.6838905775075989,0.44869367905827323,0.4156553442377631,0.04394300177227705,1,-0.7688780332128343
Morten Thorsby,3297,2,"Cremonese,Genoa",Serie A,M S,High,0.09260529565098091,0.1555394534373497,1.01865825216079,0.05556317739058855,0.08335272318445015,0.9198792701330771,0.31754455916810453,0.15803930817481396,0.1628811985889066,3,-0.7702782451590544
Will Hughes,3727,2,Crystal Palace,Premier League,M S,High,0.0,0.055154717058983484,0.9450682852807284,0.06555386949924127,0.12613175029729312,1.2946889226100151,0.390042027136896,0.31928899463644883,0.057833619887656944,1,-0.7710000011753909
Aimar Oroz,5202,2,Osasuna,La Liga,F M S,High,0.0626550058739068,0.09112094360360073,1.3353348126876385,0.10181438454509854,0.13721622269167366,1.3353348126876385,0.364081104489153,0.22856626061280375,0.07526723672378963,1,-0.7716909224830621
Felix Mambimbi,515,1,Le Havre,Ligue 1,F M S,Low,0.17475728155339806,0.08826071222864308,0.8737864077669902,0.0,0.11978694257660977,1.2233009708737863,0.27831214147357686,0.101744520360405,0.10100948177278042,1,-0.772511238373305
Valentín Carboni,345,1,Genoa,Serie A,M S,Low,0.0,0.1709995090799487,1.565217391304348,0.0,0.08446337800958882,1.0434782608695652,0.2824179232120514,0.060917499758627085,0.1092496863566339,1,-0.7726810259833247
Coba da Costa,1321,2,Getafe,La Liga,M S,Medium,0.06426276329882184,0.1108117852830825,1.879685826490539,0.06426276329882184,0.11132194524862322,0.8193502320599786,0.32250722880039323,0.14296446972942561,0.05787429460187084,1,-0.7729356802591104
Eren Sami Dinkci,2590,2,"FC Heidenheim,Freiburg",Bundesliga,D F M S,High,0.1147861576396565,0.1903447452414711,1.5381345123713972,0.13009097865827737,0.1176531916319052,1.0866422923220815,0.45511516219217374,0.1980056534939787,0.11552417710606065,3,-0.7729895510130934
Oriol Romeu,1357,1,Girona,La Liga,M S,Medium,0.0,0.013437293711486949,0.3316138540899042,0.0,0.03653164737492075,0.5305821665438467,0.47486086453564386,0.4357345359689538,0.0405209057033062,1,-0.7740700677196032
Alex Amorim,554,1,Genoa,Serie A,M S,Low,0.0,0.02065402795207628,0.3249097472924188,0.0,0.12294534842621549,1.7870036101083033,0.218441125933444,0.11937641000731543,0.06356850825250145,1,-0.7743260543540719
Hee-Chan Hwang,2092,2,Wolverhampton Wanderers,Premier League,F M S,High,0.11893870082342178,0.11618535996355929,1.052150045745654,0.09149130832570905,0.09650587800409635,0.7959743824336688,0.3096363140476317,0.11519608812957102,0.1450868234185289,3,-0.774408963654595
Felipe Loyola,541,1,Pisa,Serie A,M S,Low,0.16635859519408502,0.12558720126238526,1.497227356746765,0.0,0.0904018772755665,0.6654343807763401,0.27173777453449866,0.08342115129318343,0.0838798467690746,1,-0.7750284720269468
Haissem Hassan,1937,1,Real Oviedo,La Liga,F M S,High,0.0,0.09114850987523994,1.5797625193598348,0.13939081053175012,0.08351749489079077,0.8828084667010841,0.2504653175528294,0.11628821471039634,0.0576976024929215,1,-0.7756276457026641
Ondrej Duda,2414,1,Verona,Serie A,M S,High,0.03728251864125932,0.03307860475820555,0.932062966031483,0.11184755592377797,0.12820454562420847,1.1930405965202981,0.3246090857060541,0.24337659736550488,0.035489667505025864,1,-0.7763158489512944
Douglas Augusto,2336,1,Nantes,Ligue 1,M,High,0.1541095890410959,0.16420979291194257,1.386986301369863,0.07705479452054795,0.06578008274704039,0.5393835616438356,0.40092904583952854,0.2418366587108435,0.11839323340811664,1,-0.7768020931676473
Sandro Tonali,5205,2,Newcastle United,Premier League,M S,High,0.06152268649064343,0.0924321988757945,1.2496795693411944,0.06921302230197385,0.10581334565580656,1.045885670340938,0.4445854205923702,0.33402654114834646,0.07535643486320526,1,-0.7803579643249562
Sergi Altimira,3161,2,Real Betis,La Liga,M S,High,0.03256150506512301,0.05927708685565228,0.7749638205499276,0.09117221418234443,0.06429000737417796,0.9312590448625181,0.43901221945008484,0.3707294752996539,0.07574176169797366,1,-0.7808868201057936
Lucas Bergvall,2143,2,Tottenham,Premier League,M S,High,0.04722921914357683,0.09075952952455552,0.982367758186398,0.17947103274559195,0.04099098603670446,0.6517632241813602,0.3466899062375484,0.24392936348807195,0.08756236296435703,1,-0.7819600326895063
Suat Serdar,2482,2,Verona,Serie A,M S,High,0.1468721668177697,0.16176778522631655,1.7543064369900272,0.032638259292837715,0.09198819303501765,0.8159564823209429,0.3171337360992406,0.13618827949287343,0.09720984376166505,3,-0.7820165330947215
Fran Beltrán,3987,2,"Celta Vigo,Girona",La Liga,M S,High,0.06688772010061743,0.034681721620275295,0.8849759890235536,0.020580836954036133,0.0666270611785129,0.6431511548136291,0.4430168923479329,0.3722354598057352,0.03917565719709308,1,-0.7840021413467995
Unai Vencedor,837,1,Levante,La Liga,M S,Low,0.0,0.0,0.0,0.0,0.16228218092232627,1.2903225806451613,0.22960377396434867,0.12298911970148804,0.0,1,-0.7843230514999757
Cyriaque Irié,331,1,Freiburg,Bundesliga,M S,Low,0.0,0.1641583733058048,1.903323262839879,0.0,0.03529642722667883,1.0876132930513596,0.37183483224080766,0.21420405721826496,0.0862482881971768,1,-0.7846947951802383
Santiago Pierotti,4624,2,Lecce,Serie A,F M S,High,0.0893321359360968,0.15267328984132844,1.225126435695042,0.07657040223094012,0.10406854838684336,0.8933213593609681,0.2807750757905146,0.08121394844756631,0.12349158003252833,1,-0.7854156495078813
Benjamin André,5025,2,Lille,Ligue 1,M S,High,0.04012841091492777,0.07364210496278387,0.7985553772070625,0.08828250401284109,0.08095778360810388,0.7825040128410914,0.45048649961735754,0.3594352916050493,0.09068525354464274,1,-0.7881950122017237
Alex Scott,3679,2,Bournemouth,Premier League,M S,High,0.0765696784073507,0.1036281059836021,1.4293006636038796,0.02552322613578356,0.09863785790367934,0.9086268504338949,0.4614616116968085,0.31870803928393504,0.07384928118728161,1,-0.7895589685330663
Nemanja Matic,4770,2,Sassuolo,Serie A,M S,High,0.020674446384269046,0.007919760212626713,0.26049802444178993,0.03721400349168428,0.0423524290455729,0.6946613985114399,0.42889795561243127,0.40825907808804596,0.031277416582507114,1,-0.7922080870707509
Jakub Piotrowski,1702,1,Udinese,Serie A,M S,Medium,0.052878965922444184,0.16949864165675768,1.9036427732079908,0.052878965922444184,0.04116224968799343,0.6345475910693302,0.3443900074538382,0.16989783481853443,0.08903910126537085,1,-0.7939611348179059
Jan Thielmann,1582,1,FC Cologne,Bundesliga,D F M S,Medium,0.1706700379266751,0.11673615182197727,1.5360303413400758,0.056890012642225034,0.056789362727748004,0.7964601769911505,0.40544573196437206,0.27351378871766113,0.07599859760591278,1,-0.7943627726424756
Tyler Morton,2549,1,Lyon,Ligue 1,M,High,0.07061592781482934,0.07258436933785338,0.9886229894076108,0.07061592781482934,0.08574642693691858,0.9886229894076108,0.42949958262682286,0.3533898976040663,0.07341966565166201,1,-0.7951260624546933
Fisayo Dele-Bashiru,2106,2,Lazio,Serie A,M S,High,0.1596577272252948,0.08329785017168971,1.0236877804445372,0.037566524053010544,0.08225121704559664,0.8546384222059898,0.4374426655486097,0.3214488090811406,0.07602721152373983,1,-0.7956189908656099
Damion Downs,534,1,Hamburger SV,Bundesliga,F S,Low,0.0,0.08289992118651948,1.1797752808988764,0.0,0.1191568308185493,1.1797752808988764,0.22483816223867822,0.022781413843792467,0.07026755224381175,1,-0.7957094074509918
Fredrik Jensen,753,1,Augsburg,Bundesliga,M S,Low,0.0,0.10261818744331241,1.3147410358565736,0.0,0.0923911941820288,1.3147410358565736,0.20745826324826455,0.043581785686106315,0.07805201529779217,1,-0.7989046214224085
Joel Chima Fujita,2689,1,St. Pauli,Bundesliga,F M S,High,0.033469691335068795,0.04714592480141906,1.0710301227222014,0.10040907400520639,0.14568778714279385,1.004090740052064,0.3239283067347082,0.1625390238117866,0.0440192332607694,1,-0.7994311860920346
Mahamadou Diawara,576,1,"Le Havre,Lyon",Ligue 1,M S,Low,0.0,0.041837373428279534,1.09375,0.15625,0.04478712857235224,1.09375,0.20622364245355135,0.13342334379558451,0.038251312848712714,1,-0.8010311525111509
Hugo Larsson,4258,2,Eintracht Frankfurt,Bundesliga,M S,High,0.10492289756769647,0.09223945141762492,0.7106141698903079,0.06676911663398866,0.060521154937620454,0.8346139579248583,0.4325919110742713,0.3188806916024195,0.12795528300445344,1,-0.8029396262845059
Romaine Mundle,370,1,Sunderland,Premier League,M S,Low,0.0,0.1637986379902105,1.7027027027027026,0.0,0.004167868730586908,0.24324324324324326,0.3124417294118856,0.14864308960937164,0.09619920008948872,1,-0.8053515360741769
Tete Morente,2895,2,Lecce,Serie A,F M S,High,0.08682369965431304,0.12484241904998881,1.6930621432591042,0.057882466436208695,0.0824942510233344,1.085296245678913,0.2919213448370592,0.11315169842349666,0.07344096573045,1,-0.8076244082317937
Moi Gómez,1932,2,Osasuna,La Liga,M S,High,0.0,0.03504628421736658,0.7961926091825308,0.10078387458006718,0.13236818091749877,1.2497200447928332,0.30597261574707535,0.17233356870898575,0.044475294034155066,1,-0.8093208721913626
Mahdi Camara,2691,1,Brest,Ligue 1,M S,High,0.16722408026755853,0.16198710706645628,1.6387959866220734,0.10033444816053512,0.09199286452852763,0.8695652173913043,0.32667921279809353,0.18374870577982835,0.0988451939038172,3,-0.8112582082396156
Kirian Rodríguez,1792,1,Las Palmas,La Liga,M,Medium,0.0,0.08503887370482387,1.0546875,0.15066964285714285,0.08382375486170142,0.8035714285714285,0.3863359980251906,0.2819675034282097,0.080629450623833,1,-0.8121925263870045
Kike Pérez,2355,1,Venezia,Serie A,M S,High,0.11464968152866242,0.13725421269228505,1.2611464968152866,0.0,0.09286050512129145,1.3375796178343948,0.2990252898567042,0.14548137625026855,0.10818453741622029,1,-0.8130887918006592
Conor Chaplin,851,1,Ipswich,Premier League,F M S,Low,0.10575793184488838,0.15176119127438856,1.692126909518214,0.10575793184488838,0.08342946104740354,0.846063454759107,0.33555591695632275,0.1494078357407405,0.08968664845451713,1,-0.8134040349985682
Bryan Cristante,5162,2,Roma,Serie A,M S,High,0.09846827133479212,0.08160610854642318,1.2687258037367446,0.04923413566739606,0.06928686930897851,0.7839589294731526,0.40561066702305465,0.3380347596104587,0.06394621691478879,1,-0.8143701316341255
Junior Mwanga,1249,1,"Le Havre,Strasbourg",Ligue 1,M S,Medium,0.07205764611689351,0.09867863353786227,1.1529223378702962,0.14411529223378702,0.12008808589010261,0.6485188150520417,0.35630149289583857,0.21015135307398866,0.08559000922832638,1,-0.816546687654769
Jon Gorrotxategi,2235,1,Real Sociedad,La Liga,M S,High,0.04026845637583893,0.03628849739446336,0.5234899328859061,0.12080536912751678,0.03986919475031779,0.7248322147651007,0.38693228286484743,0.34411725500636053,0.06932033476634668,1,-0.8168591000721542
Julian Niehues,1416,1,FC Heidenheim,Bundesliga,M S,Medium,0.1906779661016949,0.13335991228567595,1.1440677966101696,0.0,0.04630774835724448,0.4449152542372881,0.2756035475502327,0.17905408484955965,0.11656644184970195,1,-0.8169357418174709
Jon Moncayola,2144,1,Osasuna,La Liga,M S,High,0.0,0.06645193867343686,0.8815298507462687,0.0,0.13800302417010568,1.4272388059701493,0.34935791497188273,0.24428619183043937,0.07538251667505218,1,-0.8179713710494875
Nikola Moro,3007,2,Bologna,Serie A,M S,High,0.03258036490008688,0.042562440165571806,1.0490877497827975,0.052128583840139006,0.10147404275408951,1.3683753258036488,0.3214573250034845,0.2650742649710005,0.04050178794809243,1,-0.8194167923633138
Rubén Peña,737,1,Osasuna,La Liga,D F M S,Low,0.0,0.10526314653264134,1.2211668928086838,0.0,0.06250092783738105,1.5875169606512889,0.2996676773707328,0.1679064032938862,0.08619882110506297,1,-0.819631440903475
Hichem Boudaoui,4147,2,Nice,Ligue 1,M S,High,0.06398687448728466,0.1325625645530038,1.2846595570139459,0.10828547990155865,0.0934900571137569,0.8269073010664479,0.46693791236982085,0.2870932006727143,0.10379801170070074,1,-0.8200127921303423
Calebe,767,1,Alaves,La Liga,D F M S,Low,0.0,0.01659913877367662,0.5867014341590613,0.0,0.05286926395142015,1.4080834419817472,0.37217673267610624,0.30884726249856936,0.02829230986535548,1,-0.8203883269197092
Grady Diangana,937,1,Elche,La Liga,F M S,Medium,0.096051227321238,0.13021715476377416,1.536819637139808,0.0,0.10471930512671411,0.96051227321238,0.45503500194995483,0.2555437942841583,0.08473157917615026,1,-0.820883075738841
Ryan Yates,2433,2,Nottingham Forest,Premier League,M S,High,0.07002528690916164,0.1297859937181572,1.5493094728652013,0.12254425209103287,0.04790290448313915,0.8840692472281658,0.3560004125504474,0.26778595978921316,0.08361435493191054,1,-0.8214596610521747
Beñat Turrientes,2288,2,Real Sociedad,La Liga,M S,High,0.0,0.049466051181144194,1.0964119158656134,0.12848577139050157,0.06362160208807965,0.6167317026744075,0.36541390354264935,0.2858806091523045,0.04575701764815258,1,-0.8247515896049846
Harry Winks,1532,1,Leicester,Premier League,M S,Medium,0.0,0.011021404310710742,0.5874673629242819,0.1174934725848564,0.07789312410788421,0.9986945169712793,0.30271494897889756,0.27999802677972396,0.01876087933778762,1,-0.8247825163982518
Yangel Herrera,2931,2,"Girona,Real Sociedad",La Liga,M S,High,0.11648600550072803,0.16562614447240293,1.3541498139459636,0.08736450412554604,0.07208840301041272,0.5387477754408672,0.3157773952451416,0.17700766761544798,0.12144753103990215,1,-0.8261394264585621
Lasso Coulibaly,271,1,Auxerre,Ligue 1,M S,Low,0.0,0.08781875899522067,0.996309963099631,0.0,0.08806748872423525,1.3284132841328413,0.15969745539871089,0.03713168258816553,0.08814401365816593,1,-0.8263741457071814
Josué Casimir,3533,2,Auxerre,Ligue 1,D F M S,High,0.12083626366600601,0.14231788872534964,1.254395499009015,0.09206572469790934,0.12016998076502164,0.8861326002173775,0.3773359979639391,0.16094709334795101,0.13117613833728928,3,-0.8288150341303034
Jackson Irvine,4227,2,St. Pauli,Bundesliga,M S,High,0.0,0.11110732373498712,1.2582995951417004,0.1408906882591093,0.11532923479070548,0.908502024291498,0.30647337423403737,0.16125262227014975,0.08801029775967706,1,-0.8290246245696403
Beñat Prados,1736,1,Athletic Club,La Liga,M S,Medium,0.05184331797235022,0.047250224303127995,0.8294930875576035,0.0,0.056471502653018396,0.5184331797235023,0.42441021057686984,0.3626663246393753,0.05696277040988208,1,-0.8305820308161385
Arthur Vermeeren,2397,2,Marseille,Ligue 1,M S,High,0.0,0.023473696937300337,0.2684240908216278,0.11256494131229555,0.0646884011168141,0.8918606888589571,0.40297131649239465,0.3276520285397705,0.08089785454622131,1,-0.8308524758921428
Stanislav Lobotka,5120,2,Napoli,Serie A,M S,High,0.01963179478230521,0.012053888684907215,0.26699240903935084,0.03533723060814938,0.04076700813138052,0.6988918942500655,0.411969831640946,0.3830368888450888,0.04430716060815184,1,-0.8310642586641673
Marco Palestra,3087,1,Cagliari,Serie A,D F M S,High,0.029154518950437316,0.0481990720729178,0.8454810495626822,0.11661807580174927,0.12820856118949442,0.9329446064139941,0.24618213865960303,0.11292666270134229,0.057007868003485535,1,-0.8314436879213382
Patrick Dorgu,1843,1,Lecce,Serie A,D F M,High,0.14650027129679868,0.15455210194339328,1.7580032555615843,0.048833423765599564,0.07386665896381688,0.9278350515463919,0.3979436837933146,0.2105960932500131,0.08791343329681292,1,-0.8322056842056503
Issa Doumbia,922,1,Venezia,Serie A,M S,Medium,0.0,0.1527321673808478,1.6594360086767896,0.0,0.011439511447401468,0.2928416485900217,0.24588698248526408,0.12602540958317204,0.0920386002125109,1,-0.835340084951441
Finn Becker,658,1,Hoffenheim,Bundesliga,M S,Low,0.0,0.012431716755893083,0.547112462006079,0.13677811550151975,0.03705101803873628,1.094224924012158,0.25763148883510506,0.2352613087256629,0.022722415626049024,1,-0.8364009407014448
Antoine Makoumbou,2189,1,Cagliari,Serie A,M S,High,0.0,0.008067969154513768,0.2878026496116948,0.12334399269072638,0.037163905595170146,0.32891731384193695,0.3300630254266795,0.3044859132554608,0.028032991236874027,1,-0.8369582881487801
Reda Belahyane,2450,2,Lazio,Serie A,M S,High,0.0,0.01567293848183714,0.33746755119700034,0.15575425439861554,0.09029248718065938,0.8133833285261033,0.27551232519088664,0.2232599435312357,0.04293300246834359,1,-0.8369924541779027
Fabiano Parisi,1550,1,Fiorentina,Serie A,D F M S,Medium,0.05806451612903226,0.0756141166473108,1.3935483870967742,0.05806451612903226,0.1114194863746243,1.103225806451613,0.3941516587450619,0.2592270409748439,0.05426013000154247,1,-0.8374337702761285
Aïmen Moueffek,1028,1,Saint-Etienne,Ligue 1,M S,Medium,0.0,0.09067827069240436,0.8754863813229572,0.08754863813229571,0.13417887528597267,0.8754863813229572,0.43135785715154407,0.2791172446654059,0.10357473585754633,1,-0.8376076424918885
Cristian Cásseres Jr.,5245,2,Toulouse,Ligue 1,M S,High,0.053648982372477214,0.033181728851479984,0.7587498935536063,0.10346589457549177,0.1090313018995415,1.1381248403304094,0.3520123051156037,0.2812426730788648,0.06199432190113516,1,-0.8388100779130078
Mikel Vesga,1379,2,Athletic Club,La Liga,M S,Medium,0.0,0.04673706463293555,0.593105778979385,0.0,0.07246379519744464,1.034133153092261,0.35425054630653036,0.2588061516838235,0.16110805482603088,1,-0.8406889225918983
Axel Witsel,2546,1,Girona,La Liga,M S,High,0.03534956794972506,0.0916209462986204,0.7069913589945012,0.07069913589945012,0.07841514888053464,0.6009426551453261,0.3567252188221568,0.33043334416413017,0.12959273848682643,1,-0.8408601826304702
Francis Coquelin,669,1,Nantes,Ligue 1,M S,Low,0.0,0.01962021749149255,0.8071748878923767,0.13452914798206278,0.033215520728062074,0.5381165919282511,0.10189694156160269,0.06703549394626254,0.024307269447793548,1,-0.8429734169516221
Josh Cullen,1533,1,Burnley,Premier League,M,Medium,0.11741682974559686,0.059543638444576705,0.6457925636007827,0.11741682974559686,0.10666517052369341,0.7632093933463796,0.3618054367499808,0.27155894603864555,0.09220242195508696,1,-0.8430385663009285
Leon Avdullahu,2860,1,Hoffenheim,Bundesliga,M S,High,0.0,0.016457842347062344,0.4405594405594406,0.03146853146853147,0.041703927819128635,0.6923076923076923,0.4107169012988468,0.3682806907951102,0.037356689771903415,1,-0.8434098250389995
Selim Amallah,1405,1,Real Valladolid,La Liga,F M S,Medium,0.12811387900355872,0.12019560317711052,1.4733096085409254,0.06405693950177936,0.08490334960940257,0.8327402135231317,0.2543138533870415,0.12225599828908662,0.11389845714944861,1,-0.8439011264328724
Nampalys Mendy,592,1,Lens,Ligue 1,M S,Low,0.0,0.02313632181392529,0.4560810810810811,0.15202702702702703,0.025204641090051542,0.15202702702702703,0.27634091549427126,0.23301676771528013,0.050728527829051,1,-0.8439073880869676
Kristjan Asllani,2105,2,Torino,Serie A,M S,High,0.0,0.04730394932938476,1.5431259801359123,0.07527443805541036,0.11292998138688587,1.279665446941976,0.2851667949385548,0.24437748410793048,0.09194802323643993,1,-0.8454349838952896
Yassine Benhattab,479,1,Nantes,Ligue 1,F M S,Low,0.0,0.03367240297645019,0.7515657620041752,0.0,0.13030722185129412,1.1273486430062631,0.2111869066611461,0.06144575059165038,0.04480300284922122,1,-0.8476164494097355
Alex Sola,1077,1,Getafe,La Liga,M S,Medium,0.0,0.08538644784195011,1.1699164345403898,0.08356545961002786,0.09521150141746884,0.7520891364902508,0.1948572282256523,0.053497425080756965,0.07298508279823832,1,-0.8494527256602966
Baptiste Santamaria,2142,2,Valencia,La Liga,M S,High,0.04839230024733843,0.05787209586929103,1.0646306054414454,0.08710614044520916,0.09557870975927404,0.7742768039574148,0.359232708104079,0.32021595209100634,0.059603557068489084,1,-0.8529510089781147
Thomas Partey,892,1,Villarreal,La Liga,M S,Low,0.0,0.05156123413466285,1.109865470852018,0.0,0.03297274723448561,0.8071748878923767,0.39636802373061397,0.34258460141551333,0.04645719277587804,1,-0.8538564469152417
Peque,2096,2,Sevilla,La Liga,F M S,High,0.13496143958868895,0.11199413673655347,1.455655526992288,0.08676092544987146,0.0811966099287922,1.18573264781491,0.36017813277490685,0.18484493306356756,0.07625980432728559,1,-0.8547924797280813
Tyler Adams,3770,2,Bournemouth,Premier League,M S,High,0.05330174711282203,0.05475692973445427,0.4583950251702695,0.11726384364820847,0.06491635025412436,0.5703286941071958,0.34526550523806576,0.26658740411116805,0.1224287347460844,1,-0.856269268216617
Idrissa Gueye,5578,2,Udinese,Serie A,F S,High,0.05443548387096774,0.09092423175912233,1.2810483870967742,0.09798387096774193,0.06865522094904596,0.584274193548387,0.3651846847894992,0.26525355742290435,0.055823509825323116,1,-0.8566814233519888
Luca Lipani,1011,1,Sassuolo,Serie A,M S,Medium,0.0,0.081788660179083,1.0682492581602374,0.08902077151335311,0.09878372526188721,0.9792284866468842,0.42938165681696433,0.2951008055458613,0.07656327355653046,1,-0.8573513027479481
Michael Folorunsho,2032,1,Cagliari,Serie A,D F M S,High,0.08858267716535433,0.13053310652791456,1.594488188976378,0.0,0.04180968008975784,0.6200787401574803,0.23272521302972987,0.11907793726775737,0.08186520755084024,1,-0.8582031613097194
Noah Cadiou,1851,1,Lorient,Ligue 1,M S,High,0.1458670988654781,0.11279443930985476,0.9238249594813613,0.04862236628849271,0.033696986994490245,0.4862236628849271,0.32764415043848455,0.23916178897651125,0.12209503342838664,1,-0.8582287257568542
Guido Rodríguez,2489,2,Valencia,La Liga,M S,High,0.15977276761938577,0.03753551088713974,0.8547843067637139,0.031954553523877154,0.021151439130528447,0.4074205574294337,0.2895532078203095,0.2569830330006399,0.039891566711210816,1,-0.858454148141108
Manuel Ugarte,2652,2,Manchester United,Premier League,M S,High,0.031419095828242274,0.06707491420536484,1.10752312794554,0.06283819165648455,0.05583432021370877,0.43201256763833135,0.3786543101660138,0.31406779459136785,0.05991254972764584,1,-0.8601902492304033
Naouirou Ahamada,676,1,Auxerre,Ligue 1,M S,Low,0.0,0.056663488627538165,0.7988165680473372,0.1331360946745562,0.05816276063977261,0.7988165680473372,0.19290801655699516,0.07808176877759618,0.07093429317077,1,-0.8622650119891402
Tim Iroegbunam,2029,2,Everton,Premier League,M S,High,0.0,0.03172864752894874,0.7490636704119851,0.13108614232209737,0.0930722347942045,0.48689138576779023,0.2767749974497137,0.18889844072250167,0.042382286148687616,1,-0.8624554842613743
Eljif Elmas,2823,2,Napoli,Serie A,F M S,High,0.14446227929373998,0.163130668482904,1.4515019490942445,0.10318734235267141,0.07501922534790247,1.1006649850951618,0.3863073057949721,0.19992856767538544,0.11517636802463631,3,-0.8641507289359993
Silvère Ganvoula,324,1,Monza,Serie A,F S,Low,0.0,0.10824158580766785,1.1111111111111112,0.0,0.03881601409779653,0.2777777777777778,0.15602682303223345,0.02837256269736422,0.09741742722690105,1,-0.8646834990125172
Álvaro Fidalgo,567,1,Real Betis,La Liga,M S,Low,0.15873015873015872,0.08358092535109747,0.6349206349206349,0.0,0.031165098032307995,0.6349206349206349,0.3203087657808312,0.22083310558209343,0.13163995742797852,1,-0.8650264786817896
Kareem Tunde,1183,1,Levante,La Liga,M S,Medium,0.0,0.09847968719137593,1.5976331360946745,0.0760777683854607,0.04807869493583452,0.45646661031276414,0.2824957334276664,0.15931734971116382,0.06164098939015753,1,-0.8651216816880292
Cher Ndour,2272,2,Fiorentina,Serie A,M S,High,0.12314147587339234,0.11219767328787708,1.116482714585424,0.0,0.014275701004309421,0.2873301103712488,0.30414150580104593,0.22129858150523665,0.09855331830630419,1,-0.8660536294085823
Finn Porath,1929,1,Holstein Kiel,Bundesliga,D F M S,High,0.09331259720062209,0.11821664145584239,1.3530326594090203,0.09331259720062209,0.09515042085067296,1.026438569206843,0.31005003832825234,0.12342642306192296,0.08737160971966285,1,-0.8663406670501056
Dennis Geiger,711,1,Hoffenheim,Bundesliga,M S,Low,0.0,0.02330065858137758,0.6329113924050632,0.0,0.0783996128394634,1.3924050632911393,0.3150042042702059,0.25153039035069036,0.03681504055857658,1,-0.86647343917599
Jon Guridi,3400,2,Alaves,La Liga,F M S,High,0.04848158373173524,0.13632473211054946,1.0362938522658407,0.02424079186586762,0.04409573528230588,0.7454043498754294,0.30480039781021573,0.16884372033377976,0.15020577993125073,1,-0.8667282025164322
John Finn,525,1,Reims,Ligue 1,M S,Low,0.0,0.026010271693978994,1.3714285714285714,0.0,0.0014091962150164972,0.17142857142857143,0.0663447736629418,0.05698033390300614,0.018965823110193014,1,-0.8667565808169773
Remo Freuler,5466,2,Bologna,Serie A,M S,High,0.033609958506224065,0.05372327086496403,0.4033195020746888,0.06721991701244813,0.05432226867898062,0.9485477178423236,0.3502517873100565,0.256302534059633,0.14463174907506068,1,-0.8679319088570494
Jan Schöppner,4986,2,FC Heidenheim,Bundesliga,M S,High,0.12550607287449392,0.11999445759996714,1.1538461538461537,0.10931174089068826,0.1080450750284108,0.6720647773279352,0.31711610182290256,0.17332921980650198,0.10490646859412252,1,-0.8691706388454349
Lucien Agoume,4841,2,Sevilla,La Liga,F M S,High,0.036664856056491044,0.027479831013466308,0.4684953829440522,0.10999456816947312,0.10379519944404501,0.9736556219445954,0.3303091561812291,0.25427363458555446,0.05899064425273703,1,-0.8699449910387228
Daler Kuzyaev,553,1,Le Havre,Ligue 1,M S,Low,0.16274864376130196,0.037082470279813456,0.6509945750452079,0.0,0.0648454768047626,0.32549728752260393,0.17681919486273692,0.09748187673970328,0.056962794624269,1,-0.8723262990080878
Louis Mouton,2994,2,Angers,Ligue 1,M S,High,0.06464124111182935,0.13836217743152562,1.6548157724628314,0.058177117000646414,0.11310425978912488,1.1247575953458306,0.39207527979259615,0.19003229276545025,0.08358658878596266,1,-0.8732641352453405
Julian Weigl,2908,1,Borussia M.Gladbach,Bundesliga,M,High,0.0,0.020768749028024107,0.5880330123796423,0.06189821182943605,0.0356703181398784,0.37138927097661617,0.3621805253972849,0.3153909300421935,0.03531901881490883,1,-0.8732772476157786
Nicolas Höfler,754,1,Freiburg,Bundesliga,M S,Low,0.0,0.04881244822249646,0.47745358090185674,0.0,0.008157165449320158,0.35809018567639256,0.3674047015266449,0.35735845486744644,0.10223496099933982,1,-0.873328542211274
Glen Kamara,669,1,Rennes,Ligue 1,M S,Low,0.0,0.009484346204274432,0.13452914798206278,0.13452914798206278,0.04612691516699812,0.8071748878923767,0.30871706960447165,0.266620148173763,0.0705003067851066,1,-0.876490388761734
Iván Martín,4612,2,Girona,La Liga,M S,High,0.01713796058269066,0.0482883916380907,0.4670094258783205,0.038560411311053984,0.07896772549897049,0.934018851756641,0.4161109845213841,0.32146633100706284,0.10283804683930528,1,-0.8765872436997899
Pedro Chirivella,2404,1,Nantes,Ligue 1,M S,High,0.0,0.011524521132091216,0.2995008319467554,0.07487520798668885,0.08452946143131858,0.7113144758735441,0.35572767102728275,0.2953583600825495,0.03847909555770456,1,-0.8769667744542613
Antoniu Roca,1023,1,Espanyol,La Liga,M S,Medium,0.0,0.09294730428158363,0.8797653958944281,0.08797653958944282,0.10595799639515165,0.6158357771260997,0.2950581274052694,0.09779439190309767,0.10565010253340006,1,-0.8774427552080383
Florian Grillitsch,627,1,Real Valladolid,La Liga,M S,Low,0.0,0.032412477069351665,0.5741626794258373,0.0,0.0928230528412253,1.1483253588516746,0.37566196324936507,0.3037995755066426,0.05645173089578748,1,-0.8776617648660154
Morgan Sanson,1759,1,Nice,Ligue 1,M S,Medium,0.0,0.10678420141402838,0.9721432632177373,0.1023308698123934,0.07497262438910636,0.6139852188743604,0.2511766533917446,0.09997411832772514,0.1098440995832023,1,-0.8776881722589345
Albert Sambi Lokonga,3206,2,Hamburger SV,Bundesliga,M S,High,0.15466043442397576,0.07062922828877638,0.9094033544129776,0.04949133901567225,0.07729653046528635,1.2434698927687653,0.3193570428663864,0.22373773470768848,0.07613104503680658,1,-0.8785799440065435
Pablo Ibáñez,3564,2,Alaves,La Liga,M S,High,0.048989960082254744,0.1376298609776286,1.714648602878916,0.048989960082254744,0.061501592372455,0.6477561388653683,0.2877566659563051,0.1732539956483711,0.07953444482828981,1,-0.8789603895383648
Martín Payero,2860,2,Cremonese,Serie A,M S,High,0.06274692075296305,0.08810729986563577,1.666279339995352,0.02788752033465024,0.05469698315196721,0.8714850104578201,0.23970260006721256,0.16427544046902404,0.05446633230246175,1,-0.8793549737270716
Obed Vargas,742,1,Atletico Madrid,La Liga,M S,Low,0.0,0.02401148054417413,0.6064690026954178,0.12129380053908356,0.023882140209672425,0.48517520215633425,0.3010246584397763,0.2550353698251704,0.03959226347506046,1,-0.8794383708576209
Víctor Meseguer,376,1,Real Valladolid,La Liga,M S,Low,0.0,0.10349821267114516,1.4361702127659572,0.0,0.0060347085719571385,0.23936170212765956,0.30922310441692774,0.22120823330701664,0.07206542215620478,1,-0.8797057929732809
Sasa Lukic,4111,2,Fulham,Premier League,M S,High,0.024759284731774415,0.0883431324215178,0.8022008253094911,0.0891334250343879,0.11495220597623303,1.2033012379642365,0.38437217292894693,0.2383639068282536,0.10658517419208988,1,-0.8797388210367929
Tomás Suslov,2564,2,Verona,Serie A,F M S,High,0.0,0.07398356284973714,1.5817518930541272,0.033654295596896325,0.07744715481054851,1.0769374591006824,0.28905365285240314,0.19205617366399208,0.04877259122991815,1,-0.8798252519468179
Sébastien Haller,404,1,Leganes,La Liga,F S,Low,0.0,0.07979216957741443,0.8910891089108911,0.0,0.030092356892505497,0.22277227722772278,0.09835490827808284,0.011002300214944501,0.08954454585909842,1,-0.8798568456817207
Hamza Rafia,1083,1,Lecce,Serie A,M S,Medium,0.0,0.03357223467256389,0.8310249307479225,0.0,0.09335391187312861,1.3296398891966759,0.29596530468592686,0.1970414697112634,0.040398589055985215,1,-0.8820048904981266
Ivan Ilic,1312,2,Torino,Serie A,M S,Medium,0.06358177322500883,0.07213505537649509,0.6993995054750972,0.0,0.11810798513140833,1.2080536912751676,0.35885902511167134,0.20587913665679689,0.06543159568494201,1,-0.8824460083304853
Djibril Sow,4330,2,Sevilla,La Liga,M S,High,0.15187931475326003,0.08501001400956411,0.8422398363589875,0.11045768345691641,0.08358776304376489,0.9619023267706469,0.3066151154893602,0.18936685972321493,0.09883429311062764,1,-0.8830469851983791
Senne Lynen,2780,1,Werder Bremen,Bundesliga,M,High,0.0,0.03139567796623321,0.776978417266187,0.03237410071942446,0.01759226943145124,0.2589928057553957,0.3440772820960918,0.31013946160138084,0.040407400345429785,1,-0.8852865604809721
Dani Silva,398,1,Verona,Serie A,M S,Low,0.0,0.00732922890275042,0.45226130653266333,0.0,0.033407258244240685,0.6783919597989949,0.3511486041485964,0.31713064254528317,0.01620573946274815,1,-0.886951426164895
Alessandro Deiola,1439,1,Cagliari,Serie A,M S,Medium,0.1250868658790827,0.0912648202920018,1.1257817929117444,0.06254343293954134,0.048569461578002314,0.37526059763724806,0.2780704571502419,0.17191153255247923,0.08106794839517938,1,-0.8874234033183692
Abu Francis,546,1,Toulouse,Ligue 1,M S,Low,0.0,0.02909988123964477,0.989010989010989,0.0,0.007315083396631269,0.16483516483516483,0.3096909692081121,0.2783473943370384,0.0294232132534186,1,-0.8881662650499138
Boubacar Traore,1414,1,Metz,Ligue 1,M S,Medium,0.06364922206506365,0.05988383381146691,1.2093352192362095,0.0,0.01412961354065565,0.2545968882602546,0.15174182917648743,0.09609571797048734,0.04951797719848783,1,-0.8882030651981456
Simon Ebonog,1775,1,Le Havre,Ligue 1,M S,Medium,0.05070422535211268,0.09961317341092607,1.115492957746479,0.0,0.0171927499309392,0.35492957746478876,0.16677938387007782,0.07071318722421854,0.08929968828504735,1,-0.8884987732106291
Rassoul Ndiaye,3627,2,Le Havre,Ligue 1,F M S,High,0.12625672200140287,0.11343962621894924,1.2730886135141455,0.10521393500116905,0.08852338545313569,0.9732288987608136,0.3131233966905647,0.1549916288018251,0.08939563734282241,1,-0.888682924045643
Merlin Röhl,1620,2,Everton,Premier League,M S,Medium,0.06311360448807854,0.09200271733659013,1.3001402524544179,0.05049088359046283,0.11074563885972342,0.8330995792426368,0.2699631510686448,0.111730731940119,0.07411394125264893,1,-0.8897822195651065
Charles Vanhoutte,1801,1,Nice,Ligue 1,M S,High,0.0,0.012600222578699357,0.2498611882287618,0.09994447529150474,0.057420953239486455,0.7495835646862854,0.3439042262157952,0.2782570424570864,0.05042889080941676,1,-0.8906013722477862
Andrea Petagna,319,1,Monza,Serie A,F S,Low,0.0,0.07024141851824277,1.128526645768025,0.0,0.011691669218218787,0.28213166144200624,0.10380504159461182,0.0394371142873663,0.062241701409220675,1,-0.8910202859318198
Carlo Boukhalfa,1668,1,St. Pauli,Bundesliga,F M S,Medium,0.1079136690647482,0.1306237075176331,1.1870503597122302,0.0,0.09726245098633407,0.5935251798561151,0.34698953408171695,0.24796304705036848,0.11004057784818791,1,-0.8923322290470294
Benjamin Bouchouari,1794,1,Saint-Etienne,Ligue 1,M S,Medium,0.05016722408026756,0.03117884727300808,0.802675585284281,0.0,0.05041166214914028,0.802675585284281,0.3657155815997849,0.3028638539430888,0.03884364722762257,1,-0.8928264769998926
Antoine Bernede,2940,2,Verona,Serie A,M S,High,0.05741016372528173,0.03814042733584962,0.7718477567510099,0.0637890708058686,0.07379111139388532,1.1800978099085688,0.21974211554343004,0.1291076989154118,0.04962775032782427,1,-0.8930758779592463
Ayyoub Bouaddi,1112,1,Lille,Ligue 1,M S,Medium,0.0,0.011761437987627311,0.24280575539568347,0.08093525179856116,0.07731296349879649,0.40467625899280574,0.3264358650437362,0.2776337540272972,0.048439700156450265,1,-0.8938674824285286
Andras Schafer,2960,2,Union Berlin,Bundesliga,M S,High,0.09502262443438914,0.0783310106900685,1.242081447963801,0.06108597285067873,0.06015629136757883,0.4479638009049774,0.28223113793610044,0.16486120315867042,0.06089343342137822,1,-0.8954095848242014
Gianluca Busio,2537,1,Venezia,Serie A,F M S,High,0.07094994087504927,0.10126934467183825,1.2770989357508868,0.0,0.05727754554876108,0.9932991722506899,0.23077351999992948,0.10036688603777959,0.07929639735569556,1,-0.8964778874087475
Gaetano Castrovilli,725,1,"Lazio,Monza",Serie A,M S,Low,0.0,0.0803371239325096,0.9931034482758618,0.0,0.11502389902698583,1.1172413793103448,0.280449152737856,0.11043733548501443,0.08089502062648535,1,-0.8968443427972751
Ngal&#039;ayel Mukau,2772,2,Lille,Ligue 1,M S,High,0.03561253561253561,0.10973406901206302,1.0256410256410255,0.02849002849002849,0.03531563994567576,0.8048433048433049,0.3981826785272598,0.3064576448989433,0.10114295513141679,1,-0.8972912757507675
Samú Costa,5398,2,Mallorca,La Liga,M S,High,0.12950705093944,0.10978249957008417,1.1655634584549603,0.0666036261974263,0.06249886159390898,0.5217284052131727,0.2739567965560397,0.16128385774589069,0.09184442214599059,1,-0.8977011162660474
Jhon Solis,853,2,Girona,La Liga,M S,Low,0.09538950715421304,0.08808055812632147,0.739268680445151,0.0,0.012278230549894945,0.3100158982511924,0.23208900754575415,0.1575935633915265,0.11962854724776838,1,-0.9001434786732707
Kristijan Jakic,2314,1,Augsburg,Bundesliga,M S,High,0.0,0.029078341349186628,0.700086430423509,0.03889369057908384,0.06042459329256954,0.6611927398444252,0.3644971649324265,0.3087082012277177,0.041535359186430774,1,-0.9002199213135774
Ilaix Moriba,4599,2,Celta Vigo,La Liga,M S,High,0.0603448275862069,0.07533275524700253,0.9741379310344828,0.08189655172413793,0.0941049911980999,0.7112068965517241,0.4205085993222571,0.27817022145308296,0.08437445904391153,1,-0.9002795182842168
Johnny Cardoso,3052,2,Atletico Madrid,La Liga,M S,High,0.08236101578586136,0.07489722022018411,0.5902539464653398,0.027453671928620454,0.03166073425714496,0.35003431708991073,0.338988750444325,0.28145368560616824,0.09976223210169147,1,-0.9007932642951666
Nabil Aberdin,270,1,Getafe,La Liga,M S,Low,0.0,0.010950728940467032,0.6666666666666669,0.0,0.0036553209647536,0.3333333333333334,0.0309896006559332,0.0200388714050253,0.01642609341070055,1,-0.902154629905292
Bence Dárdai,1333,1,Wolfsburg,Bundesliga,M S,Medium,0.06751687921980495,0.07825073737871888,0.7426856714178545,0.06751687921980495,0.10094320606957319,0.7426856714178545,0.23858286425001807,0.1015707140750708,0.10536185144023462,1,-0.9022330118777483
Diadie Samassékou,298,1,Hoffenheim,Bundesliga,M S,Low,0.0,0.016857744975878074,0.9060402684563758,0.0,0.0,0.0,0.2172171157603496,0.2119614532054871,0.018605955565969137,1,-0.9022966432431332
Mario Martín,3898,2,Getafe,La Liga,F M S,High,0.05070422535211268,0.10874128813474952,1.2067605633802816,0.04563380281690141,0.05122958107051295,0.4461971830985916,0.22303134253432214,0.11103033367282067,0.09328898837577103,1,-0.9024539502587633
Tom Krauß,1003,1,Bochum,Bundesliga,M S,Medium,0.0,0.032681150776023044,0.9870388833499502,0.0,0.08013414225521555,1.0767696909272184,0.3202022522583916,0.23761969850819226,0.03311029720035466,1,-0.9026384318595009
Gonzalo Villar,722,1,Elche,La Liga,M S,Low,0.12465373961218837,0.02677251804114378,0.4986149584487535,0.0,0.005998637867766395,0.24930747922437674,0.27016904060612756,0.24406708828547655,0.053693772293627255,1,-0.9026537422338846
Yves Bissouma,2023,2,Tottenham,Premier League,M S,High,0.08265411548616693,0.029364301510999384,0.7128917460681896,0.0,0.012107267719215041,0.24796234645850077,0.2873573122641658,0.26200915843628125,0.04117624900047275,1,-0.902943155267247
Abdoulaye Doucouré,2619,1,Everton,Premier League,M S,High,0.10309278350515465,0.13920961357525125,1.0652920962199313,0.06872852233676977,0.07965072261367978,0.9278350515463918,0.3401324435863708,0.16914769245433234,0.13067741145289713,1,-0.9041870911155618
Mikel Jauregizar,5116,2,Athletic Club,La Liga,M S,High,0.06942063764141242,0.04326210526783334,1.0760198834418924,0.015426808364758314,0.05508471191697906,0.9101816935207405,0.33233876453194083,0.2643151021128943,0.04132612800745288,1,-0.9056548754872515
Mateus Fernandes,6008,2,West Ham,Premier League,M S,High,0.0764514699364751,0.09689587788738355,1.0237849017580143,0.11966317033535233,0.10659859098082944,1.0669966021568915,0.33577113029486355,0.20891758050009537,0.08880971482455637,1,-0.9063719643849321
Oscar Højlund,1778,2,Eintracht Frankfurt,Bundesliga,M S,Medium,0.09885281913595313,0.08079191434092788,0.648035147669026,0.05491823285330729,0.1008657554620529,0.648035147669026,0.3763099501265427,0.21788633863373674,0.11858008703768123,1,-0.9074443206238321
Jordan Ferri,1804,1,Montpellier,Ligue 1,M S,High,0.0,0.018819996053580104,0.6485587583148559,0.09977827050997783,0.055807896351809314,0.6485587583148559,0.2461761767622868,0.21196897813798385,0.029018181949280776,1,-0.9081861041005991
Manuel Morlanes,3136,2,Mallorca,La Liga,M S,High,0.09410944579993029,0.06327724739787118,0.6838619728128268,0.0,0.05548527720846876,0.7842453816660857,0.39795380928149493,0.2898713970909388,0.095232508733876,1,-0.9086732257558011
Enzo Barrenechea,2245,1,Valencia,La Liga,M S,High,0.0400890868596882,0.05065942001020855,0.6414253897550112,0.0801781737193764,0.03334005380708948,0.6013363028953229,0.33357852246438074,0.30590287963123386,0.07897944300202653,1,-0.908694121473711
Óscar Valentín,3947,2,Rayo Vallecano,La Liga,M S,High,0.02509620210808098,0.0522923558873762,0.4266354358373766,0.0,0.03993836056390584,0.511962523004852,0.3502081923846823,0.28035724523586486,0.12843673502981534,1,-0.9088685491085743
Sam Morsy,2767,1,Ipswich,Premier League,M S,High,0.03252620166245031,0.009620494216298167,0.422840621611854,0.03252620166245031,0.04608903958031017,0.7806288398988074,0.30104516871760895,0.27272707306758714,0.022752057689313702,1,-0.9103054024070873
Joseph Liteta,277,1,Cagliari,Serie A,M,Low,0.0,0.0,0.0,0.0,0.0,0.0,0.0500247232104897,0.0500247232104897,0.0,1,-0.9103943241149114
Simon Sohm,4462,2,"Bologna,Fiorentina",Serie A,M S,High,0.07463073335060896,0.09966904888265982,0.8442601710287639,0.023322104172065303,0.09677461423674885,0.7229852293340243,0.4093145519103078,0.26927407522041213,0.11303141718511453,1,-0.9108245210462969
Antonio Blanco,5892,2,Alaves,La Liga,M,High,0.03370155401610185,0.03007216854001772,1.0110466204830557,0.06403295263059353,0.05016127958240926,0.5594457966672908,0.2660896198004847,0.21562731697000362,0.029567193348746957,1,-0.9108620180613463
Samuele Ricci,4136,2,AC Milan,Serie A,M S,High,0.04546219902340461,0.07872732595489931,0.8991412695740023,0.12123253072907897,0.08385892105945073,0.8082168715271931,0.3559601389211644,0.2341799892480124,0.0787194873896346,1,-0.9113683849851142
Michele Collocolo,353,1,Cremonese,Serie A,M S,Low,0.0,0.019561618898939804,0.509915014164306,0.0,0.03445016056636913,0.509915014164306,0.06412603847534729,0.010114259722381402,0.03836250817403195,1,-0.9116312093312253
Ibrahim Sangare,2695,2,Nottingham Forest,Premier League,M S,High,0.06981615080288574,0.055276499202872455,0.5864556667442402,0.09774261112404004,0.07057459345262967,0.5585292064230859,0.3429635802198489,0.2503829583315856,0.08332950036653379,1,-0.911676503486782
Zinédine Ould Khaled,330,1,Angers,Ligue 1,M S,Low,0.0,0.015367024662819763,0.2727272727272727,0.0,0.0,0.0,0.029806059361858803,0.014439034699039009,0.0563457570970058,1,-0.9130529299666762
Santiago Colombatto,2157,1,Real Oviedo,La Liga,M S,High,0.0,0.030568261230584644,0.6675938803894297,0.041724617524339355,0.11769575039663135,1.043115438108484,0.2699423545740949,0.22166308115323244,0.04578870796831325,1,-0.913370730859375
Jean Eudes Aholou,2024,1,Angers,Ligue 1,M,High,0.08893280632411067,0.09468626285251598,1.200592885375494,0.0,0.041305811103919274,0.44466403162055335,0.20522515456976273,0.1384236952915729,0.0788662535034948,1,-0.9139072272583624
Assane Diousse,646,1,Auxerre,Ligue 1,M S,Low,0.0,0.006876899111127888,0.4179566563467492,0.0,0.0165675277317133,0.2786377708978328,0.2928057825336977,0.27123277361040515,0.01645361787329117,1,-0.9145305386797031
Khalil Fayad,1019,1,Montpellier,Ligue 1,F M S,Medium,0.0,0.09205814768579423,1.5014720314033365,0.0,0.024247975440529534,0.6182531894013739,0.260901777823186,0.16302759084627544,0.061311929733218515,1,-0.9151884151695004
Carlos Baleba,1692,1,Brighton,Premier League,M S,Medium,0.0,0.030497306848856362,1.0638297872340425,0.0,0.0432171383278167,0.4787234042553192,0.31149058280750475,0.24510106205583568,0.028667468437924983,1,-0.9153351002512023
Iker Muñoz,1482,2,Osasuna,La Liga,M S,Medium,0.0,0.04849988377224893,1.1683197199533257,0.05250875145857644,0.0674379700164516,0.6432322053675612,0.31080712734090216,0.24359320882379643,0.03950735155500749,1,-0.9162047411918607
Lewis Ferguson,2550,2,Bologna,Serie A,M S,High,0.038213315217391304,0.0306085578647427,0.6801970108695653,0.03057065217391305,0.10718093436361929,1.0394021739130435,0.36162091240997973,0.2840007575287018,0.08582183043094477,1,-0.9176141731259
Jesús Santiago,333,1,Getafe,La Liga,M S,Low,0.0,0.006148734104794405,0.2702702702702703,0.0,0.0,0.0,0.06117343197803238,0.05502469787323797,0.0227503161877393,1,-0.9190884799836546
Hugo Guillamón,346,1,Valencia,La Liga,M S,Low,0.0,0.014777312249031347,0.5202312138728323,0.0,0.010383638278769609,0.5202312138728323,0.05567011003506321,0.030509158053753004,0.0284052779898047,1,-0.9197837022794079
Elvis Rexhbecaj,1807,1,Augsburg,Bundesliga,M S,High,0.04980630879911455,0.07902349438157508,1.4443829551743224,0.04980630879911455,0.057052941121857784,0.7969009407858328,0.2997632328561065,0.22520801666804485,0.05471090204885293,1,-0.9198823237607002
Alexis Vossah,1097,1,Toulouse,Ligue 1,M S,Medium,0.0820419325432999,0.03672048995405463,0.7383773928896992,0.0820419325432999,0.05689010370451424,0.5742935278030994,0.22213609636155932,0.16803808238632373,0.049731330221725836,1,-0.92014929543821
Rani Khedira,5591,2,Union Berlin,Bundesliga,M,High,0.10349750178443967,0.05979634536899556,0.6102783725910064,0.032119914346895075,0.05794227686308478,0.4568165596002855,0.19225367550990097,0.1138502184094211,0.0977341920138266,1,-0.9202295876287242
Michel Aebischer,3640,2,Pisa,Serie A,M S,High,0.025756968690973613,0.030329583638547746,0.6954381546562876,0.05151393738194723,0.09643317783099695,1.0405815351153338,0.2902737105483071,0.20949889162387847,0.04364158007909144,1,-0.9206695607221198
Nicolas Haas,270,1,Empoli,Serie A,M S,Low,0.0,0.004777301102876634,0.3333333333333334,0.0,0.06321731706460317,1.0,0.21998354544242218,0.15676622837781906,0.0143319033086299,1,-0.9208776713484943
Yannick Engelhardt,2506,1,Borussia M.Gladbach,Bundesliga,M S,High,0.07182761372705507,0.08675641191830444,0.7541899441340782,0.07182761372705507,0.03873168216558903,0.538707102952913,0.3162821126226202,0.23988933379762617,0.11503257580278885,1,-0.9224790622640883
Jessy Deminguet,2059,1,Metz,Ligue 1,M S,High,0.08742107819329771,0.04891839933650855,0.7430791646430307,0.0,0.02632042204924091,0.17484215638659542,0.24351069368078268,0.18078911864081593,0.06583201583913144,1,-0.9224950066038502
Ebenezer Akinsanmiro,1441,1,Pisa,Serie A,M S,Medium,0.0,0.06948472652131903,0.8119361554476058,0.062456627342123525,0.10262689323117342,0.9993060374739764,0.2684186643802565,0.11210568872261677,0.08557905206600061,1,-0.9230291754003274
Rodrigo Bentancur,3605,2,Tottenham,Premier League,M S,High,0.07155525655923185,0.05553545569508318,0.8421503271971134,0.027521252522781477,0.031870102022180616,0.4733655433918415,0.3141157962138059,0.28806128574516,0.06860135483959186,1,-0.9235532213614425
Joris Chotard,4698,2,Brest,Ligue 1,M S,High,0.05838198498748958,0.05183673297149053,0.8381984987489576,0.02085070892410342,0.017471254439721563,0.3461217681401168,0.3107832041798195,0.25521262769072356,0.061145579744864446,1,-0.9238437794693044
Jean Onana,291,1,Genoa,Serie A,M S,Low,0.0,0.0030442850529840307,0.30927835051546393,0.0,0.025392558003209286,0.6185567010309279,0.0947948127562545,0.06635796970006116,0.0098431883379817,1,-0.9247090385699696
Rodrigo Mendoza,1243,1,"Atletico Madrid,Elche",La Liga,F M S,Medium,0.07240547063555913,0.08102853768239171,1.2308930008045054,0.07240547063555913,0.09480684410483962,1.0860820595333869,0.3367965814394521,0.19552447031419173,0.06582906688837444,1,-0.9248703870029991
Kwon Hyeok-Kyu,777,1,Nantes,Ligue 1,M S,Low,0.0,0.011921504936738363,0.3474903474903475,0.0,0.0,0.0,0.06908919719770608,0.06677574877228055,0.03430744198461373,1,-0.9250155546669233
Matteo Prati,2472,2,"Cagliari,Torino",Serie A,M S,High,0.03819709702062644,0.06629381503132895,1.306340718105424,0.03819709702062644,0.08025266459913222,0.6799083269671505,0.268572196720141,0.19288004998536035,0.04707273967027577,1,-0.9251127302977384
Mohamed Kaba,1974,2,Nantes,Ligue 1,M S,High,0.0,0.10984234192868367,1.104995766299746,0.09525825571549534,0.1045846205404238,0.8477984758679086,0.30882705599590066,0.16218710015705337,0.10564438597730007,1,-0.925151398875092
Isak Vural,752,1,Pisa,Serie A,M S,Low,0.0,0.09118894123759597,0.7180851063829786,0.0,0.02026097219873299,0.3590425531914893,0.23132507161712867,0.14598188622101665,0.12698904409383735,1,-0.9259587118994159
Malick Mbaye,302,1,Metz,Ligue 1,M S,Low,0.0,0.02369084370797438,0.5960264900662252,0.0,0.040520106053707615,0.5960264900662252,0.08246704516623983,0.04431479456310241,0.0397479711100459,1,-0.9260332825193254
Maximilian Eggestein,5937,2,Freiburg,Bundesliga,M,High,0.07721575649059982,0.0941684794188673,1.2220232766338406,0.01678603401969561,0.04401419157097274,0.57408236347359,0.3356886333089752,0.25759646937504554,0.07705129150011722,1,-0.9268076785642209
Marvin Park,1008,1,Las Palmas,La Liga,D F M S,Medium,0.0,0.020226602376039536,0.4464285714285714,0.0,0.11391675864745462,0.5357142857142857,0.3101178020837584,0.1942895407721932,0.04530758932232856,1,-0.9274392712024113
Omar Mascarell,1994,1,Mallorca,La Liga,M S,High,0.04513540621865598,0.03861107831725565,0.4062186559679038,0.0,0.0037339234812448553,0.09027081243731196,0.146019610183065,0.11189133043278575,0.09504998785754044,1,-0.9275931950332612
Ethan Ampadu,3130,1,Leeds,Premier League,M,High,0.028753993610223648,0.05595830855920863,0.7476038338658147,0.028753993610223648,0.03382489460999497,0.5463258785942492,0.34120620855282,0.3073885322878726,0.07485021614971069,1,-0.9276589213835749
Dário Essugo,1985,1,Las Palmas,La Liga,M S,High,0.04534005037783375,0.02934093848903023,1.0428211586901763,0.0,0.019572052536931086,0.5894206549118388,0.20246464279140128,0.17034245670423545,0.028136117343345413,1,-0.9281157662051568
Hugo Magnetti,5073,2,Brest,Ligue 1,M S,High,0.03519749706687524,0.025255887255241593,0.7274149393820883,0.019554165037152915,0.03217309998915817,0.4262807978099335,0.29044231482208543,0.2504307754071175,0.03472391523512295,1,-0.928915376987081
Christian Ordóñez,1076,1,Parma Calcio 1913,Serie A,M S,Medium,0.08364312267657992,0.037594319461432865,0.8364312267657993,0.0,0.02262149750493938,0.5018587360594795,0.15602161311527166,0.12485049826830459,0.044946097489446404,1,-0.9289847935197859
Kasey McAteer,854,1,Leicester,Premier League,M S,Low,0.10538641686182672,0.15242026693490823,1.370023419203747,0.10538641686182672,0.09540185199252198,0.9484777517564402,0.41774821696711373,0.1884946678994132,0.11125376748924073,1,-0.9290037405834236
Robert Wagner,398,1,St. Pauli,Bundesliga,M S,Low,0.0,0.03209029235432495,0.45226130653266333,0.0,0.0,0.0,0.2690310465480814,0.23694075419375646,0.07095520198345184,1,-0.9292691448341469
Nicolás Fonseca,1028,1,Real Oviedo,La Liga,M S,Medium,0.0,0.015955248173572672,0.7003891050583657,0.0,0.008544159531303417,0.26264591439688717,0.24559861627055862,0.23253976034022253,0.022780548781156536,1,-0.9297737835890382
Alejandro Rego,1231,1,Athletic Club,La Liga,M S,Medium,0.07311129163281885,0.03883218508483093,0.8042242079610074,0.07311129163281885,0.05845602010138437,0.8042242079610074,0.23174634769219968,0.16394366014667103,0.04828527256507765,1,-0.9299198507620791
Laurent Abergel,2347,1,Lorient,Ligue 1,M S,High,0.03834682573498083,0.030122869761131345,0.8436301661695782,0.0,0.03305004402109421,0.5752023860247124,0.29610406272478396,0.26198995038136863,0.03570625016635114,1,-0.9301626303338376
Lassana Coulibaly,5395,2,Lecce,Serie A,M S,High,0.07040513833992094,0.07854544550728922,0.6521739130434782,0.01852766798418972,0.03736701276541684,0.5484189723320158,0.2495148103189997,0.16662492128406564,0.1275884974338274,1,-0.9320620515112119
Mandela Keita,4868,2,Parma Calcio 1913,Serie A,M S,High,0.020010672358591247,0.011261473876983718,0.40021344717182494,0.05202774813233725,0.025019213244648952,0.4762540021344718,0.156756313428235,0.12990147762349433,0.026773848766109814,1,-0.9337103553178117
Patrick Osterhage,3487,2,Freiburg,Bundesliga,M S,High,0.053507728894173594,0.07921249888102024,0.7074910820451842,0.0,0.06245356028751158,0.5826397146254458,0.35308839968105554,0.23465365011967035,0.12192414686395413,1,-0.9340301228876267
Youssef Maleh,3098,2,"Cremonese,Lecce",Serie A,M S,High,0.03222110840612918,0.06718868669669274,1.1470714592581985,0.025776886724903338,0.044008793839343245,0.5993126163540026,0.1848629230496541,0.12056373904581746,0.05857481807662674,1,-0.9349371672320519
Pol Lozano,4226,2,Espanyol,La Liga,M S,High,0.04708344232278316,0.020010799508646086,0.5508762751765629,0.04237509809050484,0.04982122620155978,0.8569186502746534,0.25702940269071034,0.22692557908653072,0.03305291292473403,1,-0.9349674125830411
Mathias Rasmussen,692,1,St. Pauli,Bundesliga,M S,Low,0.0,0.1032658508639632,0.7803468208092484,0.0,0.03432755148565838,0.6502890173410405,0.284980894793148,0.2304700266763654,0.13233327555159727,1,-0.9357929864946108
Tyler Dibling,2197,2,Everton,Premier League,M S,High,0.0789041095890411,0.12877136503996917,1.301917808219178,0.0,0.08861688522851631,0.9863013698630136,0.3816125346924344,0.21664574421227795,0.09639099032211676,1,-0.9361439569786264
Boubakary Soumare,2182,1,Leicester,Premier League,M S,High,0.0,0.010564592090716172,0.2887259395050413,0.0,0.014346942991038782,0.41246562786434465,0.29314911920888015,0.28158096938055116,0.036590380860226486,1,-0.9364502141277469
Yassin Belkhdim,3704,2,Angers,Ligue 1,M S,High,0.0741569065976105,0.07827809843145428,1.0646813018656938,0.0741569065976105,0.05144052114891291,0.5032075804837856,0.28086334299316973,0.1876930325145098,0.07727639974582003,1,-0.9364729437308598
Samuele Vignato,444,1,Monza,Serie A,M S,Low,0.0,0.04608725650689085,0.8108108108108109,0.0,0.0019994535407907165,0.20270270270270271,0.15600090280074524,0.10791418973255802,0.05684094969183205,1,-0.9365392397047715
Ndary Adopo,2416,1,Cagliari,Serie A,M S,High,0.037251655629139076,0.042167343754346005,0.7450331125827815,0.037251655629139076,0.0919421662812411,0.7077814569536424,0.3479051468577791,0.25826442734622057,0.05659794583916664,1,-0.9368035844781575
Salis Abdul Samed,935,1,Nice,Ligue 1,M S,Medium,0.0,0.001452399417757983,0.0962566844919786,0.0,0.0012574367085720706,0.0962566844919786,0.16654479862215685,0.16528736182393874,0.0150888161733746,1,-0.9370189562308148
Yvan Neyou,2344,1,Leganes,La Liga,M S,High,0.03839590443686007,0.01755642732080873,0.6143344709897611,0.03839590443686007,0.027249446059275203,0.4991467576791809,0.1945366782101297,0.15749843221764898,0.028577962249983095,1,-0.9372124167630322
Kaishu Sano,6111,2,Mainz 05,Bundesliga,M,High,0.016361256544502618,0.038112445365081675,0.6544502617801047,0.032722513089005235,0.07644367857143788,0.6577225130890052,0.3496290781627853,0.2771865616611044,0.057308077195884384,1,-0.9375784769525266
Antonio Sánchez,1353,1,Mallorca,La Liga,D F M S,Medium,0.0,0.08580260829558128,1.130820399113082,0.0,0.02798797447077451,0.3325942350332594,0.27858552403186354,0.17578057591656754,0.07587642419864149,1,-0.9382344605930039
Niklas Dorsch,3701,2,FC Heidenheim,Bundesliga,M S,High,0.04211265134234076,0.03797676742395867,0.5579926302860151,0.06843305843130373,0.07833881390606715,0.9054220038603263,0.3174123188794825,0.2682328822032718,0.0672287884847051,1,-0.9382830777484847
Jean-Daniel Akpa-Akpro,1531,1,Verona,Serie A,M S,Medium,0.05878510777269758,0.051501466047717104,0.7642064010450685,0.0,0.022763384628984994,0.6466361854996734,0.15218436470404897,0.09053501537146326,0.06739208933252555,1,-0.9394799027848949
José Gragera,580,1,Espanyol,La Liga,M S,Low,0.0,0.0062532876457633505,0.3103448275862069,0.0,0.003175017231240341,0.15517241379310345,0.19592298095210875,0.18965669528677545,0.02014948241412635,1,-0.9398897581869053
Rabby Nzingoula,1712,1,Montpellier,Ligue 1,M S,Medium,0.05257009345794392,0.0823771218479846,0.9988317757009345,0.05257009345794392,0.053344555656103604,0.42056074766355134,0.23568636782915625,0.15231656416528205,0.08247346935891792,1,-0.9399835754655835
Freddie Potts,1152,1,West Ham,Premier League,M S,Medium,0.0,0.0166119443019852,0.234375,0.078125,0.09433674582396635,0.625,0.2472417354874778,0.17693246656563133,0.07087762902180353,1,-0.9404979160316542
Leander Dendoncker,1338,1,Real Oviedo,La Liga,M S,Medium,0.06726457399103139,0.03621239290309594,0.6053811659192826,0.0,0.028965332202880632,0.47085201793721976,0.14467358459705998,0.0985703276963111,0.059817508276965886,1,-0.9407017528877496
Warren Bondo,3585,2,Cremonese,Serie A,M S,High,0.0,0.01739690289208998,0.5357142857142857,0.0,0.011694025389650567,0.21763392857142855,0.25084451165769545,0.2258291137747749,0.033236015334896236,1,-0.9407575441834507
Ylber Ramadani,5067,2,Lecce,Serie A,M,High,0.03446221919673247,0.0315539385099376,0.9304799183117769,0.01531654186521443,0.04024123809234746,0.6088325391422736,0.21610752082749354,0.1561211379188816,0.033808684948041,1,-0.9408683786497529
Chimuanya Ugochukwu,4096,2,Burnley,Premier League,M S,High,0.0910010111223458,0.07858699562028942,0.7184290351764143,0.043105742110584856,0.02930229542228091,0.5076898515246661,0.2536871958926235,0.1838340209069948,0.10596908680344116,1,-0.9408792136574252
Kwasi Sibo,1782,1,Real Oviedo,La Liga,M S,Medium,0.0,0.01633439086038958,0.505050505050505,0.0,0.002525411640303303,0.15151515151515152,0.2223133405839855,0.20536694186504442,0.032342093903571366,1,-0.9409681176362232
Marius Marin,1307,1,Pisa,Serie A,M S,Medium,0.0,0.005892375512611528,0.20657995409334354,0.0,0.0015133876972008705,0.13771996939556236,0.22219918712449147,0.21479342705709106,0.02852346220364173,1,-0.9413205181322482
Nahuel Estévez,1659,2,Parma Calcio 1913,Serie A,M S,Medium,0.0,0.0416938637790469,0.7660075946052114,0.0589236611234778,0.0902360108852605,0.9309938457509492,0.23239043536374662,0.15376995217761896,0.05255556620518205,1,-0.9416438395837896
Enzo Loiodice,661,1,Las Palmas,La Liga,M S,Low,0.0,0.029492944918584164,0.9531013615733737,0.0,0.022769186352682547,0.680786686838124,0.26183845376688847,0.23261721337526903,0.03094418506537164,1,-0.9417205057048221
Milan Badelj,1525,1,Genoa,Serie A,M S,Medium,0.05901639344262295,0.056484287000093295,0.7672131147540985,0.0,0.07176204281019383,0.7081967213114754,0.3805522292363839,0.26253225198778946,0.07362268177362588,1,-0.9424013966214081
Aster Vranckx,1238,2,Sassuolo,Serie A,M S,Medium,0.0,0.007060896374278616,0.2391496899911426,0.0,0.013099755949948708,0.2232063773250664,0.19171298150405405,0.1749233922486394,0.018122967360648445,1,-0.9427921757927589
Amir Richardson,1083,1,Fiorentina,Serie A,M S,Medium,0.08310249307479224,0.08997530679004344,0.9141274238227147,0.08310249307479224,0.0518339356392044,0.6648199445983379,0.2613567898612356,0.17027393646455696,0.09842753257941116,1,-0.9441226618226036
Sofyan Amrabat,1297,1,Real Betis,La Liga,M S,Medium,0.0,0.01660029557529972,0.5551272166538165,0.0,0.01662479309291911,0.48573631457208943,0.2759945894675523,0.24815010837492524,0.0299035880016163,1,-0.9442636581032652
Orel Mangala,1668,2,Lyon,Ligue 1,M S,Medium,0.05080440304826418,0.047814502482516195,1.0668924640135478,0.0,0.03560260315973762,0.7239627434377646,0.22840745390647557,0.1686931258283562,0.04486612703652767,1,-0.9448862415761035
Marc Aguado,2539,1,Elche,La Liga,M S,High,0.035447026388341865,0.00766777637766402,0.1063410791650256,0.07089405277668373,0.02037036110870408,0.38991729027176053,0.1981185122373631,0.17827533609510735,0.0721054971218109,1,-0.9452069771755526
Karol Linetty,1548,1,Torino,Serie A,M S,Medium,0.05813953488372093,0.04951349492076525,0.9883720930232558,0.0,0.04144181697737685,0.5813953488372092,0.18183400253440404,0.14809284592047334,0.05009600662571542,1,-0.9455539798456618
Stanko Juric,1757,1,Real Valladolid,La Liga,M S,Medium,0.0,0.01990105662077207,0.40978941377347755,0.0,0.02701069546919623,0.20489470688673878,0.26343803726641307,0.2519558233462855,0.0485641062259674,1,-0.9457194823901982
Lucas Gourna Douath,1275,1,Le Havre,Ligue 1,M S,Medium,0.0,0.014406651346122514,0.6352941176470589,0.0,0.01293715120238416,0.42352941176470577,0.15741727707140588,0.14000910340863115,0.022677136378155813,1,-0.9467125778094064
Danilo Cataldi,3769,2,Lazio,Serie A,M S,High,0.08956272317508633,0.04803250226263212,0.9588479775215125,0.07902593221331147,0.06655170469983311,0.9008956272317508,0.31581812420939415,0.26757124956481987,0.08642372536625922,1,-0.9467537051569928
Anthony Losilla,1146,1,Bochum,Bundesliga,M S,Medium,0.0,0.008036780283245112,0.39267015706806285,0.0,0.037655697950205874,0.5497382198952879,0.2498497860749979,0.21437158544806287,0.02046700045466422,1,-0.9470911103769355
Sander Berge,5177,2,Fulham,Premier League,M S,High,0.0,0.03211439821513197,0.3121431290445375,0.019033117624666918,0.04883955130697454,0.673772363913209,0.3203796659999352,0.27382089035691165,0.11356192293124122,1,-0.9472163087104591
Seydouba Cissé,2494,1,Leganes,La Liga,M S,High,0.1082598235765838,0.08261378653236957,0.8660785886126704,0.03608660785886127,0.03180013991572686,0.6134723336006416,0.2916867221364305,0.19604457945972917,0.09538832574617116,1,-0.9478142682109428
Alex Kral,3093,2,Union Berlin,Bundesliga,M S,High,0.0,0.06829145797076745,0.8389472035093215,0.028199906000313336,0.06931192705300643,0.5075983080056399,0.18484634631486282,0.10475150353858721,0.08738057469283944,1,-0.9479267900535978
Brooke Norton-Cuffy,726,1,Genoa,Serie A,D F M S,Low,0.0,0.027140627407338004,0.6198347107438017,0.0,0.013988967830977157,0.24793388429752067,0.16347074835014735,0.12234115265001937,0.04378687888383864,1,-0.9490059336656369
Lucas Torró,5345,2,Osasuna,La Liga,M S,High,0.045489006823351025,0.08298540712419653,1.0045489006823352,0.018953752843062926,0.038788960028617696,0.43593631539044736,0.19130975001656125,0.15023031640922124,0.08320269574527565,1,-0.9492074105281602
Believe Munongo,426,1,Metz,Ligue 1,M S,Low,0.0,0.0401494655312157,1.056338028169014,0.0,0.03334539640747325,0.6338028169014085,0.2489177129742965,0.19171284275575426,0.038008160702884194,1,-0.9494524233026802
Yassine Kechta,3506,2,Le Havre,Ligue 1,F M S,High,0.10542070670918201,0.0984071128544531,1.2709051864384722,0.029283529641439453,0.08131557481735896,0.7906553003188652,0.36342433444380356,0.21620835381901055,0.07780060037372015,1,-0.9505626056532972
Batista Mendy,1632,1,Sevilla,La Liga,M S,Medium,0.05514705882352941,0.04765004344174967,0.9375,0.0,0.027028836621492004,0.4963235294117647,0.22799706956207313,0.19328172815114478,0.05082671300453298,1,-0.951350114891046
Oumar Ngom,847,1,Lecce,Serie A,M S,Low,0.0,0.025583716305115703,0.5312868949232585,0.0,0.020273692373718535,0.42502951593860683,0.11264827812734858,0.08666890887752475,0.04815423935651778,1,-0.9515448753774498
Elisha Owusu,4750,2,Auxerre,Ligue 1,M S,High,0.01684919966301601,0.01069892967541929,0.26537489469250214,0.050547598989048016,0.03675953590208327,0.4886267902274642,0.20357986095360628,0.16924044281313325,0.04039999677889772,1,-0.9518529354505896
Nicolai Remberg,2307,1,Holstein Kiel,Bundesliga,M S,High,0.0,0.05949554722683484,0.8582574772431729,0.03901170351105331,0.020705705280906202,0.3120936280884265,0.24364429842123597,0.21041486618170815,0.06932132699611514,1,-0.95221168617163
Pablo Marín,2715,2,Real Sociedad,La Liga,M S,High,0.02914743745445713,0.1094809382699678,1.0857420451785282,0.09472917172698568,0.10177431631727447,0.8817099829973282,0.3848020096334593,0.20255842362615364,0.09939637134071443,1,-0.9523411408216426
Marius Courcoul,632,2,Angers,Ligue 1,M S,Low,0.0,0.015869265521080464,0.6913407821229051,0.0,0.025902732835390584,0.5970670391061453,0.20283301942656598,0.17467064373247201,0.023828925027250123,1,-0.9523766711015063
André,5301,2,Wolverhampton Wanderers,Premier League,M S,High,0.01877581674802854,0.014123328829584962,0.43184378520465644,0.0,0.03552460624726921,0.6083364626361247,0.25945042747160657,0.23694275777298754,0.03234043842626183,1,-0.9530016019865388
Oussama Targhaline,997,1,Le Havre,Ligue 1,M S,Medium,0.0,0.014233286067499679,0.45135406218655966,0.0,0.05793659713347195,0.6318956870611836,0.17951870312841395,0.12665413482602286,0.0315346360206604,1,-0.9531504752793386
Yehor Yarmolyuk,4095,2,Brentford,Premier League,M S,High,0.023610892491736188,0.04735355561268709,0.5477727058082795,0.047221784983472376,0.049060118161394016,0.5005509208248071,0.3139604079656862,0.26655883151101406,0.08642660316977384,1,-0.9543480756647397
Balthazar Pierret,1741,1,Lecce,Serie A,M S,Medium,0.0,0.007237992107671335,0.31016657093624356,0.0,0.026095050126570932,0.5169442848937392,0.22725926737832244,0.20238370000716943,0.023335822702695918,1,-0.9545020039555022
Magnus Knudsen,1860,1,Holstein Kiel,Bundesliga,M S,High,0.0,0.04017294955349737,0.532258064516129,0.04838709677419355,0.06710320230453246,0.33870967741935487,0.263034436130716,0.16576805533540825,0.07547645067626779,1,-0.9549550715306204
Jens Cajuste,2019,1,Ipswich,Premier League,M S,High,0.044576523031203553,0.027303911834113848,0.5349182763744428,0.044576523031203553,0.027838595305606832,0.5794947994056463,0.2655657573449488,0.22341962538404947,0.051043146289885044,1,-0.955363788301009
Kalvin Phillips,1247,1,Ipswich,Premier League,M S,Medium,0.0,0.03314982888340329,0.7939053728949479,0.0,0.023322953157718408,0.36086607858861264,0.1745224603524233,0.1549415784920084,0.04175539052283222,1,-0.9553924232371247
Morten Frendrup,6208,2,Genoa,Serie A,M S,High,0.04189794091316025,0.026198587290135578,0.5285586392121755,0.0,0.03107332051927583,0.40608773500447637,0.20844746052438431,0.16304282120153002,0.04330045942302411,1,-0.9558599396968815
Ugo Raghouber,705,1,Levante,La Liga,M S,Low,0.0,0.010609336989991199,0.3829787234042553,0.0,0.02203215801335395,0.5106382978723405,0.1440312568336091,0.12892218940752617,0.027702157696088137,1,-0.9567309322986087
Florentino Luís,2146,1,Burnley,Premier League,M S,High,0.0,0.04354002178131923,0.5452003727865797,0.08387698042870456,0.02254390560493276,0.5452003727865797,0.2059937891257859,0.17469457886637452,0.0798605869595821,1,-0.9568549730579616
Denis Huseinbasic,726,1,FC Cologne,Bundesliga,M S,Low,0.0,0.02545481620833647,0.743801652892562,0.0,0.03559759456264086,0.49586776859504134,0.2128436011916473,0.16374714091450962,0.034222586235652365,1,-0.9571571602776683
Ander Guevara,2550,2,Alaves,La Liga,M S,High,0.041740098321120495,0.05922007086024127,0.6094054354883592,0.07513217697801688,0.05981835056787055,0.6511455338094797,0.23860337216655508,0.15079374834407921,0.09364361668764223,1,-0.9572843378551524
Cheikh Niasse,760,1,Verona,Serie A,M S,Low,0.0,0.02041278285660634,0.35526315789473684,0.0,0.010587382179341815,0.47368421052631576,0.11182056339212547,0.0823041602086864,0.05745820359637341,1,-0.9576201532100346
Haris Belkebla,4686,2,Angers,Ligue 1,M,High,0.0,0.005146310930621085,0.15389592383769293,0.01663739717164248,0.016882950184815653,0.3992975321194195,0.20061406399116397,0.18191118723094704,0.03345017734378209,1,-0.9592505476792158
Quinten Timber,1135,1,Marseille,Ligue 1,M S,Medium,0.0,0.08999157687115773,0.7929515418502203,0.0,0.0364768728285634,0.6343612334801763,0.29442454690712666,0.24797191132795443,0.11348937749862671,1,-0.9602849659769768
Amadou Koné,1317,1,Reims,Ligue 1,M S,Medium,0.0,0.043571296005864076,0.9567198177676537,0.0,0.02824914028575317,0.5466970387243736,0.2348335668580407,0.18206118035357197,0.045542378444224596,1,-0.9604170040604402
Ibrahima Sissoko,2639,1,Bochum,Bundesliga,M S,High,0.06820765441455097,0.048684923521053525,0.8525956801818871,0.034103827207275485,0.052442961655113904,0.8866995073891626,0.2863577832497851,0.21117286982495434,0.057102005854249,1,-0.9617494110649513
Arthur,943,1,Girona,La Liga,M S,Medium,0.0,0.025788287010956413,0.5726405090137858,0.0,0.017013099253936133,0.47720042417815484,0.1317303864954954,0.12016969338881121,0.04503399009505907,1,-0.9619104283811682
Benjamin Stambouli,948,1,Metz,Ligue 1,M S,Medium,0.0,0.02938633802335096,0.569620253164557,0.0,0.08686439322802839,0.7594936708860758,0.19272767431751084,0.14797494404866723,0.051589348974327244,1,-0.9630868383565723
Urko Gonzalez,4056,2,"Espanyol,Real Sociedad",La Liga,M S,High,0.0,0.02796767219144518,0.5063963055363874,0.062105207282764474,0.024788334786352492,0.4299591273422156,0.2104808464422889,0.16915824174018027,0.07608844444259169,1,-0.9648312274332572
Johann Lepenant,4239,2,Nantes,Ligue 1,F M S,High,0.03763525168574565,0.05668384620476726,0.8938372275364592,0.04233965814646386,0.07808184090832923,0.9455856986043595,0.26021897593027976,0.1655960160907681,0.06403381150034079,1,-0.9653991404775358
Alessandro Bianco,2636,1,"Fiorentina,Monza",Serie A,M S,High,0.03414264036418817,0.04759401450787243,0.8877086494688922,0.0,0.05030740366200032,0.6145675265553869,0.2327106494530018,0.16780198184979658,0.0536144539498939,1,-0.9661488197758564
Soungoutou Magassa,1984,2,West Ham,Premier League,M S,High,0.05049371633752244,0.04431171164345464,0.6766157989228007,0.04039497307001795,0.06923684114326942,0.5352333931777379,0.27971471202642534,0.20119766331979208,0.06670222239519623,1,-0.9666366755951445
Roberto Gagliardini,2212,1,Verona,Serie A,M S,High,0.0406871609403255,0.05416822957824814,0.6103074141048824,0.0,0.027030088743413873,0.650994575045208,0.16052689872746093,0.12728730001896083,0.08875564727932214,1,-0.9667969752134159
James Sands,2408,2,St. Pauli,Bundesliga,M S,High,0.0388299249288118,0.036331886238047964,0.6523427388040383,0.0,0.03784332902720638,0.41936318923116744,0.23231724015317243,0.18373293457868617,0.05884693242619826,1,-0.9671242877632626
Han-Noah Massengo,3503,2,Augsburg,Bundesliga,M S,High,0.054654764073601744,0.05524902938262624,0.6777190745126617,0.027327382036800872,0.058491920616622284,0.530151211513937,0.3193205458295814,0.22737661038611426,0.0799268614188284,1,-0.9675034088901596
Oier Zarraga,1308,2,Udinese,Serie A,M S,Medium,0.06361547976674323,0.06574004258546418,0.6997702774341755,0.0,0.031115151829866156,0.5407315780173174,0.2582795854314258,0.1757833267538886,0.08611244476876097,1,-0.9681131320551899
Mathis Amougou,1247,2,Strasbourg,Ligue 1,M S,Medium,0.0,0.04043145847884011,0.7173308619091752,0.0,0.04467299070979181,0.8841519925857275,0.20201624949584412,0.13856442937277003,0.056015572659406605,1,-0.9693789456297167
Patrizio Masini,2907,2,Genoa,Serie A,M S,High,0.02767740447451373,0.08228518304073437,0.8441608364726685,0.03459675559314216,0.04987527091481995,0.4774352271853617,0.26285795023775244,0.17668011910973389,0.08536053295314842,1,-0.9696545278233641
Alberto Grassi,4003,2,Cremonese,Serie A,M S,High,0.020258863252673044,0.042925629324028686,0.5520540236353405,0.0,0.026159709614015526,0.34440067529544177,0.22867311821064976,0.1695926326909299,0.08256903663475171,1,-0.9697697273509979
João Gomes,5879,2,Wolverhampton Wanderers,Premier League,M S,High,0.05804028678729941,0.0604964924270981,0.785250938886992,0.030727210652099688,0.04099374882477507,0.5735745988391941,0.2888766645026841,0.23111818585329877,0.07513928156109351,1,-0.9702201191010439
Nicolás Domínguez,3189,2,Nottingham Forest,Premier League,M S,High,0.03222110840612917,0.08228613620979511,1.1212945725332952,0.05799799513103251,0.07901583453334925,0.6895317198911644,0.29975716029705285,0.23043829028257393,0.07636908638443339,1,-0.9735939980475192
Jesper Karlström,6365,2,Udinese,Serie A,M,High,0.01572107322526551,0.027693663319339062,0.4779206260480715,0.03773057574063723,0.03523499056413955,0.5156512017887087,0.23085062524153868,0.18729346291742005,0.061245486217745414,1,-0.9747269723138839
Oliver Skipp,1095,1,Leicester,Premier League,M S,Medium,0.0,0.01998363629187623,0.410958904109589,0.0,0.027921442427251437,0.7397260273972602,0.18525501355937082,0.14729419628745072,0.04862684831023216,1,-0.9751169316626205
Matteo Pessina,866,1,Monza,Serie A,M S,Low,0.0,0.01919600544776982,0.3117782909930716,0.0,0.010997264960019333,0.4157043879907621,0.17384304687613084,0.15632373923930504,0.06156941006580987,1,-0.9772892213908742
Harrison Armstrong,520,1,Everton,Premier League,M S,Low,0.0,0.07599897138201273,0.8653846153846154,0.0,0.021009584602255087,0.6923076923076923,0.2771436656610324,0.23258083385343734,0.08782103359699248,1,-0.9779210124635291
Vinicius Souza,1794,1,Wolfsburg,Bundesliga,M S,Medium,0.0,0.036670062986878436,0.4515050167224081,0.0,0.0391085294346297,0.4013377926421405,0.2520578774470948,0.2215100652584962,0.08121739876353079,1,-0.9785111543671877
Aljoscha Kemlein,2921,2,Union Berlin,Bundesliga,M S,High,0.02633889376646181,0.0764102081639841,0.8494293239683933,0.06584723441615452,0.07312860505866366,0.7243195785776997,0.3294328843955608,0.21856956445972606,0.08846751795478265,1,-0.982497471168497
Frank Onyeka,2627,1,Augsburg,Bundesliga,M S,High,0.0,0.05785373109383958,0.822230681385611,0.03425961172440046,0.05164103581083333,0.6509326227636087,0.28445843069026755,0.19571141193421976,0.07036192202940583,1,-0.9855454263869322
Noah Sadiki,2914,1,Sunderland,Premier League,M,High,0.0,0.049998473037895924,0.5868222374742622,0.03088538091969801,0.028710974464749097,0.5868222374742622,0.25772782679271355,0.19359052235256766,0.0852020762762741,1,-0.985925795935687
Yago Alonso,275,1,Elche,La Liga,M S,Low,0.0,0.050572139024734494,0.6545454545454545,0.0,0.02693959041075271,0.6545454545454545,0.225657861137932,0.1653871115635742,0.0772629901766777,1,-0.9878757326239505
